keyword,lingua,fonte,seed
english speaking driver japan,en,google_en_jp,english speaking driver japan
english speaking driving school japan,en,google_en_jp,english speaking driver japan
english speaking japan jobs,en,google_en_jp,english speaking driver japan
is it rude to speak english in japan,en,google_en_jp,english speaking driver japan
is it ok to speak english in japan,en,google_en_jp,english speaking driver japan
how much do foreign english teachers make in japan,en,google_en_jp,english speaking driver japan
english speaking companies in japan,en,google_en_jp,english speaking driver japan
包车日语怎么说,zh,baidu,日本 包车 司机 英语
日本包车平台,zh,baidu,日本 包车 司机 英语
日本包车平台app,zh,baidu,日本 包车 司机 英语
日本包车一天多少钱,zh,baidu,日本 包车 司机 英语
日本的司机怎么说,zh,baidu,日本 包车 司机 英语
日本司机收入怎么样,zh,baidu,日本 包车 司机 英语
日本出租车司机对话日语,zh,baidu,日本 包车 司机 英语
日本租车带司机,zh,baidu,日本 包车 司机 英语
日本计程车司机收入,zh,baidu,日本 包车 司机 英语
包车 英文,zh,baidu,日本 包车 司机 英语
日本包车一般都是什么价格,zh,baidu,日本 包车 司机 英语
日本包车联系方式,zh,baidu,日本 包车 司机 英语
トライ&エラー 英語,ja,bing_ja-JP,英語対応 ハイヤー ドライバー
日本包车一天10小时多少钱啊,zh,baidu,日本 包车 司机 英语
english speaking driver in japan,en,google_en_jp,english speaking driver japan
english speaking driving school in japan,en,google_en_jp,english speaking driver japan
日本 联系包车,zh,baidu,日本 包车 司机 英语
日本包车价格,zh,baidu,日本 包车 司机 英语
日本 包车 司机 英语如何说,zh,baidu,日本 包车 司机 英语
日本出租车怎么说,zh,baidu,日本 包车 司机 英语
日本 包车 司机 英语怎么说?,zh,baidu,日本 包车 司机 英语
日本 包车 司机 英语 招聘要求高吗,zh,baidu,日本 包车 司机 英语
日本出租车司机招聘条件,zh,baidu,日本 包车 司机 英语
日本劳务司机招聘网站,zh,baidu,日本 包车 司机 英语
去日本做司机工资高吗,zh,baidu,日本 包车 司机 英语
日本出租车司机一个月收入,zh,baidu,日本 包车 司机 英语
日本拉人力车司机的收入,zh,baidu,日本 包车 司机 英语
日本司机工资一般多少,zh,baidu,日本 包车 司机 英语
日本包车游,zh,baidu,日本 包车 司机 英语
english speaking driver tokyo,en,google_en_jp,english speaking driver tokyo
english speaking driving school tokyo,en,google_en_jp,english speaking driver tokyo
english speaking japan jobs,en,google_en_jp,english speaking driver tokyo
tokyo english teaching jobs,en,google_en_jp,english speaking driver tokyo
is it ok to speak english in japan,en,google_en_jp,english speaking driver tokyo
english speaking companies in japan,en,google_en_jp,english speaking driver tokyo
日本 包车 司机 英语 介绍视频,zh,baidu,日本 包车 司机 英语
日本旅游包车,zh,baidu,日本 包车 司机 英语
日本东京包车价格,zh,baidu,日本 包车 司机 英语
在日本东京请一位全职司机多少钱,zh,baidu,日本 包车 司机 英语
日本 包车 司机 英语 兼职怎么样,zh,baidu,日本 包车 司机 英语
日本 包车 司机 英语 兼职招聘,zh,baidu,日本 包车 司机 英语
日本包商务车的出租车公司有哪些,zh,baidu,日本 包车 司机 英语
mt fuji day trip with private english speaking driver from tokyo,en,google_en_jp,english speaking driver tokyo
how much do foreign english teachers make in japan,en,google_en_jp,english speaking driver tokyo
东京 英语司机招聘信息,zh,baidu,东京 英语司机
东京英语翻译,zh,baidu,东京 英语司机
东京英语教师,zh,baidu,东京 英语司机
日本东京英语,zh,baidu,东京 英语司机
东京英语有没有其他叫法,zh,baidu,东京 英语司机
东京英语发音,zh,baidu,东京 英语司机
东京英语咋读啊,zh,baidu,东京 英语司机
东京英语怎么写,zh,baidu,东京 英语司机
东京 英文,zh,baidu,东京 英语司机
日本东京英语叫什么,zh,baidu,东京 英语司机
东京英语发音怎么读的,zh,baidu,东京 英语司机
东京英文tokyo,zh,baidu,东京 英语司机
东京英文怎么说,zh,baidu,东京 英语司机
english speaking driver in tokyo,en,google_en_jp,english speaking driver tokyo
english speaking driving school in tokyo,en,google_en_jp,english speaking driver tokyo
东京翻译成英语,zh,baidu,东京 英语司机
东京英语怎么说怎么写,zh,baidu,东京 英语司机
东京 英语司机工资高吗,zh,baidu,东京 英语司机
东京英语怎么读,zh,baidu,东京 英语司机
东京的英文怎么说,zh,baidu,东京 英语司机
东京 英文翻译,zh,baidu,东京 英语司机
东京用英语怎么说tokyo,zh,baidu,东京 英语司机
东京司机招聘,zh,baidu,东京 英语司机
日式英语东京,zh,baidu,东京 英语司机
i-air ドライヤー,ja,bing_ja-JP,英語対応 ハイヤー ドライバー
english language driving school tokyo,en,google_en_jp,english speaking driver tokyo
j.ドライヤー,ja,bing_ja-JP,英語対応 ハイヤー ドライバー
东京 英语司机难考吗,zh,baidu,东京 英语司机
东京英文常见拼写错误,zh,baidu,东京 英语司机
i-ne ドライヤー,ja,bing_ja-JP,英語対応 ハイヤー ドライバー
东京 英语司机人才招聘,zh,baidu,东京 英语司机
japan professional driver,en,google_en_jp,professional driver japan
pro drivers japan,en,google_en_jp,professional driver japan
japan professional driver タクシー,en,google_en_jp,professional driver japan
driving jobs in japan for foreigners,en,google_en_jp,professional driver japan
how to become a truck driver in japan,en,google_en_jp,professional driver japan
is driving in japan difficult,en,google_en_jp,professional driver japan
can foreigners drive in japan,en,google_en_jp,professional driver japan
certified japan professional driver,en,google_en_jp,professional driver japan
truck driver salary in japan,en,google_en_jp,professional driver japan
is driving in japan easy,en,google_en_jp,professional driver japan
东京 英语司机 招聘信息,zh,baidu,东京 英语司机
东京 英语司机 招聘官网,zh,baidu,东京 英语司机
东京招聘网官网,zh,baidu,东京 英语司机
东京招聘网ijob,zh,baidu,东京 英语司机
东京招聘网最新招聘信息,zh,baidu,东京 英语司机
东京驾校,zh,baidu,东京 英语司机
东京招聘网下载app,zh,baidu,东京 英语司机
日本东京招聘,zh,baidu,东京 英语司机
东京城急招工,zh,baidu,东京 英语司机
东京用英语怎么写,zh,baidu,东京 英语司机
东京驾驶,zh,baidu,东京 英语司机
东京英文怎么写,zh,baidu,东京 英语司机
日本东京英语翻译,zh,baidu,东京 英语司机
东京英语怎么读音,zh,baidu,东京 英语司机
司机在东京,zh,baidu,东京 英语司机
东京英语怎么说,zh,baidu,东京 英语司机
东京英语单词怎么读写,zh,baidu,东京 英语司机
东京用英文,zh,baidu,东京 英语司机
东京用英文怎么说,zh,baidu,东京 英语司机
东京 英语司机 英语翻译,zh,baidu,东京 英语司机
东京 英语怎么说,zh,baidu,东京 英语司机
东京英语单词怎么读kyoto,zh,baidu,东京 英语司机
东京英语怎么说tokyo,zh,baidu,东京 英语司机
东京 英语司机 兼职招聘,zh,baidu,东京 英语司机
东京 英语司机 兼职怎么样,zh,baidu,东京 英语司机
东京 英语司机 兼职工资,zh,baidu,东京 英语司机
在日本东京请一位全职司机多少钱,zh,baidu,东京 英语司机
东京兼职上班时间,zh,baidu,东京 英语司机
日本二种驾照是什么意思,zh,baidu,日本 二种驾照 司机
日本 二种驾照 司机叫什么,zh,baidu,日本 二种驾照 司机
日本 二种驾照 司机的区别,zh,baidu,日本 二种驾照 司机
日本 二种驾照 司机是什么,zh,baidu,日本 二种驾照 司机
日本二种驾照怎么考,zh,baidu,日本 二种驾照 司机
日本普通二种驾照能开什么车,zh,baidu,日本 二种驾照 司机
日本二种驾照申请条件,zh,baidu,日本 二种驾照 司机
日本驾照种类,zh,baidu,日本 二种驾照 司机
日本驾照级别一览表,zh,baidu,日本 二种驾照 司机
日本驾照分几种类型,zh,baidu,日本 二种驾照 司机
日本驾照等级划分,zh,baidu,日本 二种驾照 司机
日本驾驶,zh,baidu,日本 二种驾照 司机
日本汽车驾照分几个等级,zh,baidu,日本 二种驾照 司机
日本驾照项目有哪些,zh,baidu,日本 二种驾照 司机
日本 二种驾照 司机不能开车,zh,baidu,日本 二种驾照 司机
日本开车驾照,zh,baidu,日本 二种驾照 司机
日本 二种驾照 司机车型,zh,baidu,日本 二种驾照 司机
日本驾照分c1和c2吗,zh,baidu,日本 二种驾照 司机
日本驾照有c1c2吗,zh,baidu,日本 二种驾照 司机
日本的驾照,zh,baidu,日本 二种驾照 司机
日本驾照上的种类的意思,zh,baidu,日本 二种驾照 司机
日本 二种驾照 司机服装,zh,baidu,日本 二种驾照 司机
日本 二种驾照 司机工资高吗,zh,baidu,日本 二种驾照 司机
日本 二种驾照 司机叫啥,zh,baidu,日本 二种驾照 司机
日本 二种驾照 司机名字,zh,baidu,日本 二种驾照 司机
日本 二种驾照 司机能开车吗,zh,baidu,日本 二种驾照 司机
日本 二种驾照 司机区别,zh,baidu,日本 二种驾照 司机
日本 二种驾照 司机人数,zh,baidu,日本 二种驾照 司机
日本 二种驾照 司机图片,zh,baidu,日本 二种驾照 司机
日本 二种驾照 司机违法吗,zh,baidu,日本 二种驾照 司机
日本 二种驾照 司机有工资吗,zh,baidu,日本 二种驾照 司机
日本 二种驾照 司机制度,zh,baidu,日本 二种驾照 司机
日本司机工资一般多少,zh,baidu,日本 二种驾照 司机
在日本当司机怎么样,zh,baidu,日本 二种驾照 司机
日本招中国司机要求,zh,baidu,日本 二种驾照 司机
日本劳务司机招聘网站,zh,baidu,日本 二种驾照 司机
去日本做司机工资高吗,zh,baidu,日本 二种驾照 司机
日本驾校,zh,baidu,日本 二种驾照 司机
日本驾驶员位置在哪里,zh,baidu,日本 二种驾照 司机
日本司机考试题库app,zh,baidu,日本 二种驾照 司机
日本公司驾驶员工资,zh,baidu,日本 二种驾照 司机
日本 二种驾照 司机 价格一样吗,zh,baidu,日本 二种驾照 司机
日本 二种驾照 司机 价格是多少,zh,baidu,日本 二种驾照 司机
日本驾照多少钱人民币,zh,baidu,日本 二种驾照 司机
日本 二种驾照 司机 东京能用吗,zh,baidu,日本 二种驾照 司机
客室乗務員、祐華,ja,bing_ja-JP,外国語対応 乗務員
日本 二种驾照 司机 英语叫什么,zh,baidu,日本 二种驾照 司机
日本驾照翻译,zh,baidu,日本 二种驾照 司机
日本驾照日语,zh,baidu,日本 二种驾照 司机
日本驾照难不难,zh,baidu,日本 二种驾照 司机
日本考驾照,zh,baidu,日本 二种驾照 司机
去日本做司机,zh,baidu,日本 二种驾照 司机
日本驾驶证好考吗,zh,baidu,日本 二种驾照 司机
日本驾照优点,zh,baidu,日本 二种驾照 司机
日本 二种驾照 司机 公司叫什么,zh,baidu,日本 二种驾照 司机
日本 二种驾照 司机 公司有哪些,zh,baidu,日本 二种驾照 司机
日本 二种驾照 司机 公司是什么,zh,baidu,日本 二种驾照 司机
日本司机收入怎么样,zh,baidu,日本 专车司机 多语种
日本滴滴专车,zh,baidu,日本 专车司机 多语种
去日本做司机工资高吗,zh,baidu,日本 专车司机 多语种
在日本当司机怎么样,zh,baidu,日本 专车司机 多语种
去日本做司机,zh,baidu,日本 专车司机 多语种
日本的司机怎么说,zh,baidu,日本 专车司机 多语种
日本中型车运输司机,zh,baidu,日本 专车司机 多语种
日本的私人司机工资多少,zh,baidu,日本 专车司机 多语种
日本的司机在哪边驾驶,zh,baidu,日本 专车司机 多语种
日本司机工资一般多少,zh,baidu,日本 专车司机 多语种
日本大巴车司机收入,zh,baidu,日本 专车司机 多语种
日本车司机在左还是右,zh,baidu,日本 专车司机 多语种
日本司机工作时间,zh,baidu,日本 专车司机 多语种
日本计程车司机收入,zh,baidu,日本 专车司机 多语种
日本各类司机收入,zh,baidu,日本 专车司机 多语种
去日本开车司机多少钱一个月,zh,baidu,日本 专车司机 多语种
j-air 客室乗務員,ja,bing_ja-JP,外国語対応 乗務員
hire driver japan,en,google_en_jp,hire driver japan
personal driver japan,en,google_en_jp,hire driver japan
rent driver japan,en,google_en_jp,hire driver japan
hire private driver japan,en,google_en_jp,hire driver japan
driver rental japan,en,google_en_jp,hire driver japan
hire car with driver japan,en,google_en_jp,hire driver japan
hire meaning japanese,en,google_en_jp,hire driver japan
can foreigners drive in japan,en,google_en_jp,hire driver japan
driving jobs in japan for foreigners,en,google_en_jp,hire driver japan
does japan hire foreigners,en,google_en_jp,hire driver japan
hire a driver japan,en,google_en_jp,hire driver japan
hire a private driver japan,en,google_en_jp,hire driver japan
can you hire a car in japan with an australian driver's license,en,google_en_jp,hire driver japan
how much do taxi drivers make in japan,en,google_en_jp,hire driver japan
how much taxi driver earn in japan,en,google_en_jp,hire driver japan
hire a driver for the day japan,en,google_en_jp,hire driver japan
japan driver for hire,en,google_en_jp,hire driver japan
hire driver in japan,en,google_en_jp,hire driver japan
personal driver in japan,en,google_en_jp,hire driver japan
rent driver in japan,en,google_en_jp,hire driver japan
personal driver in japanese,en,google_en_jp,hire driver japan
hire private driver in japan,en,google_en_jp,hire driver japan
hire car with driver in japan,en,google_en_jp,hire driver japan
can you hire a personal driver in japan,en,google_en_jp,hire driver japan
can you hire a driver in japan,en,google_en_jp,hire driver japan
cost to hire a driver in japan,en,google_en_jp,hire driver japan
日本劳务司机招聘网站,zh,baidu,日本 专车司机 多语种
日本招中国司机要求,zh,baidu,日本 专车司机 多语种
日本出租车司机招聘条件,zh,baidu,日本 专车司机 多语种
日本卡车司机工资,zh,baidu,日本 专车司机 多语种
日本中型车运输司机工作内容,zh,baidu,日本 专车司机 多语种
日本电车司机工资,zh,baidu,日本 专车司机 多语种
在日本东京请一位全职司机多少钱,zh,baidu,日本 专车司机 多语种
东京司机招聘,zh,baidu,日本 专车司机 多语种
司机在东京,zh,baidu,日本 专车司机 多语种
日本大巴车司机工资,zh,baidu,日本 专车司机 多语种
personal driver tokyo japan,en,google_en_jp,hire driver japan
how much does it cost to hire a translator in japan,en,google_en_jp,hire driver japan
インバウンド/アウトバウンド,ja,bing_ja-JP,インバウンド対応 ドライバー
インバウンド、アウトバウンド,ja,bing_ja-JP,インバウンド対応 ドライバー
インバウンド、アウトバウンド 通信,ja,bing_ja-JP,インバウンド対応 ドライバー
アウトバウンド、インバウンド,ja,bing_ja-JP,インバウンド対応 ドライバー
インバウンド・アウトバウンド,ja,bing_ja-JP,インバウンド対応 ドライバー
インバウンド、アウトバウンドとは,ja,bing_ja-JP,インバウンド対応 ドライバー
インバウンド2.0とは,ja,bing_ja-JP,インバウンド対応 ドライバー
アウトバウンド・インバウンド,ja,bing_ja-JP,インバウンド対応 ドライバー
インバウンド、アウトバウンドとは 通信,ja,bing_ja-JP,インバウンド対応 ドライバー
インバウンド アウトバウンド 違い 通信,ja,bing_ja-JP,インバウンド対応 ドライバー
インバウンド アウトバウンド 違い it,ja,bing_ja-JP,インバウンド対応 ドライバー
インバウンド アウトバウンド 営業 違い,ja,bing_ja-JP,インバウンド対応 ドライバー
日本 专车司机 多语种 兼职是真的吗,zh,baidu,日本 专车司机 多语种
乙肝患者可以吃茄子吗,zh,baidu,日本 专车司机 多语种
mft弹簧评测,zh,baidu,日本 专车司机 多语种
アウトバウンド、インバウンド 営業,ja,bing_ja-JP,インバウンド対応 ドライバー
日本 高端接送 司机工资,zh,baidu,日本 高端接送 司机
日本 高端接送 司机工资多少,zh,baidu,日本 高端接送 司机
日本 高端接送 司机招聘,zh,baidu,日本 高端接送 司机
日本接送机什么平台比较好,zh,baidu,日本 高端接送 司机
日本接送机划得来吗,zh,baidu,日本 高端接送 司机
日本接送机需要多少钱,zh,baidu,日本 高端接送 司机
日本司机收入怎么样,zh,baidu,日本 高端接送 司机
日本全境接送机包车,zh,baidu,日本 高端接送 司机
日本送外卖的车,zh,baidu,日本 高端接送 司机
日本的私人司机工资多少,zh,baidu,日本 高端接送 司机
e+ インバウンド,ja,bing_ja-JP,インバウンド対応 ドライバー
インバウンド消費の拡大・質向上,ja,bing_ja-JP,インバウンド対応 ドライバー
日本 高端接送 司机安全吗,zh,baidu,日本 高端接送 司机
日本司机午餐,zh,baidu,日本 高端接送 司机
日本电车司机,zh,baidu,日本 高端接送 司机
日本司机工资一般多少,zh,baidu,日本 高端接送 司机
日本各类司机收入,zh,baidu,日本 高端接送 司机
日本出租车司机,zh,baidu,日本 高端接送 司机
日本 高端接送 司机车型,zh,baidu,日本 高端接送 司机
日本接送机怎样收费,zh,baidu,日本 高端接送 司机
日本中型车运输司机,zh,baidu,日本 高端接送 司机
日本 高端接送 司机多少钱,zh,baidu,日本 高端接送 司机
日本滴滴专车,zh,baidu,日本 高端接送 司机
インバウンド wi-fi,ja,bing_ja-JP,インバウンド対応 ドライバー
日本 高端接送 司机费用多少,zh,baidu,日本 高端接送 司机
去日本做司机工资高吗,zh,baidu,日本 高端接送 司机
静音 インパクト ドライバー 比較,ja,bing_ja-JP,インバウンド対応 ドライバー
インバウンド アウトバウンド コールセンター 違い,ja,bing_ja-JP,インバウンド対応 ドライバー
インパクトドライバー +ドライバー,ja,bing_ja-JP,インバウンド対応 ドライバー
日本 高端接送 司机工资高吗,zh,baidu,日本 高端接送 司机
how much to rent a car in japan,en,google_en_jp,hire driver japan
is it easy to drive in japan,en,google_en_jp,hire driver japan
日本 高端接送 司机好吗,zh,baidu,日本 高端接送 司机
アウトバウンド インバウンド 違い it,ja,bing_ja-JP,インバウンド対応 ドライバー
インバウンド・バズ,ja,bing_ja-JP,インバウンド対応 ドライバー
日本 高端接送 司机叫啥,zh,baidu,日本 高端接送 司机
日本 高端接送 司机累不累,zh,baidu,日本 高端接送 司机
日本司机工作时间,zh,baidu,日本 高端接送 司机
アウトバウンド インバウンド 違い 営業,ja,bing_ja-JP,インバウンド対応 ドライバー
日本 高端接送 司机欧美视频,zh,baidu,日本 高端接送 司机
乙肝患者可以吃茄子吗,zh,baidu,日本 高端接送 司机
日本 高端接送 司机品牌,zh,baidu,日本 高端接送 司机
日本 高端接送 司机软件下载,zh,baidu,日本 高端接送 司机
インパクト ドライバー 先端 パーツ,ja,bing_ja-JP,インバウンド対応 ドライバー
日本 高端接送 司机是什么,zh,baidu,日本 高端接送 司机
日本 高端接送 司机图片,zh,baidu,日本 高端接送 司机
mft弹簧评测,zh,baidu,日本 高端接送 司机
东南亚中南半岛人口主要分布在,zh,baidu,日本 高端接送 司机
朝晖一区二手房,zh,baidu,日本 高端接送 司机
日本 高端接送 司机网站,zh,baidu,日本 高端接送 司机
日本 高端接送 司机薪资,zh,baidu,日本 高端接送 司机
月经期喝冰的会怎样,zh,baidu,日本 高端接送 司机
脸上长黄褐斑看什么科,zh,baidu,日本 高端接送 司机
日本 高端接送 司机要多少钱,zh,baidu,日本 高端接送 司机
日本 高端接送 司机 招聘信息,zh,baidu,日本 高端接送 司机
日本 高端接送 司机 招聘,zh,baidu,日本 高端接送 司机
日本劳务司机招聘网站,zh,baidu,日本 高端接送 司机
日本出租车司机招聘条件,zh,baidu,日本 高端接送 司机
日本招中国司机要求,zh,baidu,日本 高端接送 司机
在日本当司机怎么样,zh,baidu,日本 高端接送 司机
日本 高端接送 司机 价格多少,zh,baidu,日本 高端接送 司机
日本 高端接送 司机 价格表,zh,baidu,日本 高端接送 司机
日本计程车司机收入,zh,baidu,日本 高端接送 司机
イヤホン ドライバーユニット と は,ja,bing_ja-JP,インバウンド対応 ドライバー
日本东京接送机,zh,baidu,日本 高端接送 司机
日本 高端接送 司机 东京多少钱,zh,baidu,日本 高端接送 司机
在日本东京请一位全职司机多少钱,zh,baidu,日本 高端接送 司机
跟我来舞蹈视频教学,zh,baidu,日本 高端接送 司机
人体结构几何体速写,zh,baidu,日本 高端接送 司机
日本的司机怎么说,zh,baidu,日本 高端接送 司机
日本 高端接送 司机 兼职平台,zh,baidu,日本 高端接送 司机
日本 高端接送 司机 兼职怎么样,zh,baidu,日本 高端接送 司机
日本 高端接送 司机 兼职招聘,zh,baidu,日本 高端接送 司机
日本 高端接送 司机 公司有哪些,zh,baidu,日本 高端接送 司机
日本 高端接送 司机 公司排名,zh,baidu,日本 高端接送 司机
日本 高端接送 司机 公司,zh,baidu,日本 高端接送 司机
日本司机兼职,zh,baidu,日本 司机 兼职
日本司机,zh,baidu,日本 司机 兼职
日本 司机 兼职平台,zh,baidu,日本 司机 兼职
日本 司机 兼职app,zh,baidu,日本 司机 兼职
日本 司机 兼职网站,zh,baidu,日本 司机 兼职
日本司机收入怎么样,zh,baidu,日本 司机 兼职
去日本做司机工资高吗,zh,baidu,日本 司机 兼职
在日本当司机怎么样,zh,baidu,日本 司机 兼职
日本的私人司机工资多少,zh,baidu,日本 司机 兼职
去日本开车司机多少钱一个月,zh,baidu,日本 司机 兼职
日本 司机 兼职安全吗,zh,baidu,日本 司机 兼职
日本司机午餐,zh,baidu,日本 司机 兼职
日本旅游的司机师傅,zh,baidu,日本 司机 兼职
日本电车司机工资,zh,baidu,日本 司机 兼职
日本的司机在哪边驾驶,zh,baidu,日本 司机 兼职
日本司机签证最新政策,zh,baidu,日本 司机 兼职
インテル スマート サウンド テクノロジー ドライバー,ja,bing_ja-JP,インバウンド対応 ドライバー
日本司机工资一般多少,zh,baidu,日本 司机 兼职
日本 司机 兼职多少钱,zh,baidu,日本 司机 兼职
去日本当司机需要什么条件,zh,baidu,日本 司机 兼职
アウトバウンド インバウンド 違い 通信,ja,bing_ja-JP,インバウンド対応 ドライバー
インバウンド m&a,ja,bing_ja-JP,インバウンド対応 ドライバー
日本出租车司机招聘条件,zh,baidu,日本 司机 兼职
b&d インパクトドライバー,ja,bing_ja-JP,インバウンド対応 ドライバー
日本 司机 兼职费用多少,zh,baidu,日本 司机 兼职
ハイヤー 英語,ja,google_ja_jp,ハイヤー 英語
ハイヤー 英語 意味,ja,google_ja_jp,ハイヤー 英語
ハイヤー 英語 高い,ja,google_ja_jp,ハイヤー 英語
日本包车游哪个平台好,zh,baidu,日本 包车 司机 英语
ハイヤー 英語 挨拶,ja,google_ja_jp,ハイヤー 英語
ハイヤー 英語 で,ja,google_ja_jp,ハイヤー 英語
ハイヤー 英語 では,ja,google_ja_jp,ハイヤー 英語
ハイヤー を 英語 で,ja,google_ja_jp,ハイヤー 英語
ハイヤー ドライバー 英語,ja,google_ja_jp,ハイヤー 英語
ハイヤー セルフ 英語 で,ja,google_ja_jp,ハイヤー 英語
ハイヤー 代 英語,ja,google_ja_jp,ハイヤー 英語
ハイヤー ドラゴン 英語,ja,google_ja_jp,ハイヤー 英語
ハイヤーサービス 英語で,ja,google_ja_jp,ハイヤー 英語
ハイヤー 代金 英語,ja,google_ja_jp,ハイヤー 英語
ハイヤー を 英語 で 言う と,ja,google_ja_jp,ハイヤー 英語
ハイヤー グラウンド 英語,ja,google_ja_jp,ハイヤー 英語
ハイヤー 英語 表記,ja,google_ja_jp,ハイヤー 英語
ハイヤー と は 英語,ja,google_ja_jp,ハイヤー 英語
ハイヤー 英語 求人,ja,google_ja_jp,ハイヤー 英語
ハイヤー 英語 車,ja,google_ja_jp,ハイヤー 英語
ハイヤー 会社 英語,ja,google_ja_jp,ハイヤー 英語
ハイヤーカー 英語,ja,google_ja_jp,ハイヤー 英語
ハイヤー 掛け声 英語,ja,google_ja_jp,ハイヤー 英語
テイク ミー ハイヤー 英語 歌詞,ja,google_ja_jp,ハイヤー 英語
国際 ハイヤー 英語,ja,google_ja_jp,ハイヤー 英語
日本 交通 ハイヤー 英語,ja,google_ja_jp,ハイヤー 英語
貸切ハイヤー 英語,ja,google_ja_jp,ハイヤー 英語
テイク ミー ハイヤー 英語,ja,google_ja_jp,ハイヤー 英語
mk ハイヤー 英語,ja,google_ja_jp,ハイヤー 英語
大阪 ハイヤー 英語,ja,google_ja_jp,ハイヤー 英語
オフハイヤー 英語,ja,google_ja_jp,ハイヤー 英語
ハイヤー パワー 英語,ja,google_ja_jp,ハイヤー 英語
プライベート ハイヤー 英語,ja,google_ja_jp,ハイヤー 英語
ハイヤー 料金 英語,ja,google_ja_jp,ハイヤー 英語
ハイヤー 英語 スペル,ja,google_ja_jp,ハイヤー 英語
ハイヤー セルフ 英語,ja,google_ja_jp,ハイヤー 英語
ハイヤー サービス 英語,ja,google_ja_jp,ハイヤー 英語
ハイヤー する 英語,ja,google_ja_jp,ハイヤー 英語
ハイヤー 英語 対応,ja,google_ja_jp,ハイヤー 英語
ハイヤー タクシー 英語,ja,google_ja_jp,ハイヤー 英語
ハイヤー 運転 手 英語,ja,google_ja_jp,ハイヤー 英語
ハイヤー手配 英語,ja,google_ja_jp,ハイヤー 英語
東京 ハイヤー 英語 対応,ja,google_ja_jp,ハイヤー 英語
ハイヤー 運転手 英語,ja,google_ja_jp,ハイヤー 英語
ハイヤー 和製 英語,ja,google_ja_jp,ハイヤー 英語
东京 英语怎么读,zh,baidu,东京 英语司机
ハイヤー 英語 雇う,ja,google_ja_jp,ハイヤー 英語
ハイヤー 予約 英語,ja,google_ja_jp,ハイヤー 英語
ジャンボ ハイヤー 英語,ja,google_ja_jp,ハイヤー 英語
日本 二种驾照 司机安全吗,zh,baidu,日本 二种驾照 司机
英語 運転手,ja,google_ja_jp,英語 運転手
ドライバー 英語 運転手,ja,google_ja_jp,英語 運転手
運転手が私の財布を盗んだと思います 英語,ja,google_ja_jp,英語 運転手
運転手に聞きましたか 英語,ja,google_ja_jp,英語 運転手
運転手は私のお気に入りのペンを見つけました 英語,ja,google_ja_jp,英語 運転手
運転手の名前は覚えていません 英語,ja,google_ja_jp,英語 運転手
トラック 運転手 英語,ja,google_ja_jp,英語 運転手
タクシー 運転手 英語,ja,google_ja_jp,英語 運転手
電車 運転手 英語,ja,google_ja_jp,英語 運転手
お抱え 運転手 英語,ja,google_ja_jp,英語 運転手
運転手さん 英語,ja,google_ja_jp,英語 運転手
運転手に聞いてください 英語,ja,google_ja_jp,英語 運転手
運転手に話しかけないでください 英語,ja,google_ja_jp,英語 運転手
運転手に伝えてください 英語,ja,google_ja_jp,英語 運転手
運転手に行き先を告げる 英語,ja,google_ja_jp,英語 運転手
運転手に見せてください 英語,ja,google_ja_jp,英語 運転手
運転手に効きましたか 英語,ja,google_ja_jp,英語 運転手
運転手に聞く 英語,ja,google_ja_jp,英語 運転手
運転手の 英語,ja,google_ja_jp,英語 運転手
運転手の名前 英語,ja,google_ja_jp,英語 運転手
運転手はどこですか 英語,ja,google_ja_jp,英語 運転手
運転手は前を見ていなかったに違いない 英語,ja,google_ja_jp,英語 運転手
日本司机工作时间,zh,baidu,日本 二种驾照 司机
japan driving test in english,en,bing_en-JP,english speaking driver japan
japanese driving test in english,en,bing_en-JP,english speaking driver japan
japan driving license test in english,en,bing_en-JP,english speaking driver japan
japan driving license test book in english,en,bing_en-JP,english speaking driver japan
the japan driving experience,en,bing_en-JP,english speaking driver japan
driving-japan,en,bing_en-JP,english speaking driver japan
japanese driver's license translation,en,bing_en-JP,english speaking driver japan
japanese driver's license,en,bing_en-JP,english speaking driver japan
japan driver license translation,en,bing_en-JP,english speaking driver japan
english driving school in japan,en,bing_en-JP,english speaking driver japan
uk driver in japan,en,bing_en-JP,english speaking driver japan
driving in japan as a uk driver,en,bing_en-JP,english speaking driver japan
japan drivers test practice,en,bing_en-JP,english speaking driver japan
japan driving license translation,en,bing_en-JP,english speaking driver japan
driver of the day japan,en,bing_en-JP,english speaking driver japan
personal driver in japan,en,bing_en-JP,english speaking driver japan
drive and listen japan,en,bing_en-JP,english speaking driver japan
japanese formula 1 drivers,en,bing_en-JP,english speaking driver japan
driving in japan for foreigners,en,bing_en-JP,english speaking driver japan
international drivers license japan,en,bing_en-JP,english speaking driver japan
international driving license jpj,en,bing_en-JP,english speaking driver japan
international drivers licence japan,en,bing_en-JP,english speaking driver japan
バス 運転手 英語,ja,google_ja_jp,英語 運転手
private driver in japan,en,bing_en-JP,english speaking driver japan
ドライバー 運転手 英語,ja,google_ja_jp,英語 運転手
japan driving test questions and answers pdf,en,bing_en-JP,english speaking driver japan
ハイヤー 運転手 英語,ja,google_ja_jp,英語 運転手
飛行機 運転手 英語,ja,google_ja_jp,英語 運転手
船 運転手 英語,ja,google_ja_jp,英語 運転手
フォークリフト 運転手 英語,ja,google_ja_jp,英語 運転手
english speaking truck drivers,en,bing_en-JP,english speaking driver japan
運転手 英語 求人,ja,google_ja_jp,英語 運転手
運転手 英語 カタカナ,ja,google_ja_jp,英語 運転手
driving schools in tokyo with english support,en,bing_en-JP,english speaking driver japan
日本出租车司机收入和白领相比,zh,baidu,日本 专车司机 多语种
日本电车司机工作待遇,zh,baidu,日本 专车司机 多语种
日本出租车司机要求,zh,baidu,日本 专车司机 多语种
日本出租车司机一个月收入,zh,baidu,日本 专车司机 多语种
日本电车司机收入,zh,baidu,日本 专车司机 多语种
english speaking jobs in japan,en,bing_en-JP,english speaking driver japan
jobs in japan for foreigners english speakers,en,bing_en-JP,english speaking driver japan
english jobs in japan,en,bing_en-JP,english speaking driver japan
japan jobs for english speakers,en,bing_en-JP,english speaking driver japan
online jobs in japan for english speakers,en,bing_en-JP,english speaking driver japan
tokyo jobs for english speakers,en,bing_en-JP,english speaking driver japan
japanese speaking jobs uk,en,bing_en-JP,english speaking driver japan
english speaking jobs in japan for foreigners,en,bing_en-JP,english speaking driver japan
japanese jobs for english speakers,en,bing_en-JP,english speaking driver japan
japanese speaking jobs in europe,en,bing_en-JP,english speaking driver japan
hiring a private driver in japan,en,bing_en-JP,english speaking driver japan
english speaking job in japan,en,bing_en-JP,english speaking driver japan
english only jobs in japan,en,bing_en-JP,english speaking driver japan
japanese companies hiring english speakers,en,bing_en-JP,english speaking driver japan
jobs in japan english speaking,en,bing_en-JP,english speaking driver japan
private car hire with driver japan,en,bing_en-JP,english speaking driver japan
運転手 英語 略,ja,google_ja_jp,英語 運転手
列車 運転手 英語,ja,google_ja_jp,英語 運転手
uk driving in japan,en,bing_en-JP,english speaking driver japan
uk driving licence in japan,en,bing_en-JP,english speaking driver japan
driving in japan with uk license,en,bing_en-JP,english speaking driver japan
新幹線 運転手 英語,ja,google_ja_jp,英語 運転手
immigration services agency of japan english,en,bing_en-JP,english speaking driver japan
japanese driving license translation service,en,bing_en-JP,english speaking driver japan
japan international driver license,en,bing_en-JP,english speaking driver japan
english speaking doctor tokyo,en,bing_en-JP,english speaking driver japan
english speaking dentist tokyo,en,bing_en-JP,english speaking driver japan
運転手 英語 chauffeur,ja,google_ja_jp,英語 運転手
鉄道 運転手 英語,ja,google_ja_jp,英語 運転手
chinese drivers test english,en,bing_en-JP,english speaking driver japan
english speaking doctor tokyo,en,bing_en-JP,english speaking driver tokyo
english speaking dentist tokyo,en,bing_en-JP,english speaking driver tokyo
japan driving test in english,en,bing_en-JP,english speaking driver tokyo
japanese driving test in english,en,bing_en-JP,english speaking driver tokyo
driving schools in tokyo with english support,en,bing_en-JP,english speaking driver tokyo
tokyo jobs for english speakers,en,bing_en-JP,english speaking driver tokyo
private driver in tokyo,en,bing_en-JP,english speaking driver tokyo
uk driver in japan,en,bing_en-JP,english speaking driver tokyo
tokyo english speaking job,en,bing_en-JP,english speaking driver tokyo
driving in japan as a uk driver,en,bing_en-JP,english speaking driver tokyo
日本东京公交车司机月薪多少,zh,baidu,日本 专车司机 多语种
運転手 よろしくお願いします 英語,ja,google_ja_jp,英語 運転手
driver of the day japan,en,bing_en-JP,english speaking driver tokyo
インバウンド、アウトバウンドとは it,ja,bing_ja-JP,インバウンド対応 ドライバー
i/fドライバ,ja,bing_ja-JP,インバウンド対応 ドライバー
internal high definition audio bus ドライバ,ja,bing_ja-JP,インバウンド対応 ドライバー
日本ubereats送餐员,zh,baidu,日本 高端接送 司机
j-cat インバウンド,ja,bing_ja-JP,インバウンド対応 ドライバー
英語 ドライバー 求人,ja,google_ja_jp,英語 ドライバー
英語 ドライバー,ja,google_ja_jp,英語 ドライバー
英語 ドライバー 工具,ja,google_ja_jp,英語 ドライバー
タクシー 英語 ドライバー,ja,google_ja_jp,英語 ドライバー
mk 英語 ドライバー,ja,google_ja_jp,英語 ドライバー
mk タクシー 英語 ドライバー,ja,google_ja_jp,英語 ドライバー
日本 交通 英語 ドライバー,ja,google_ja_jp,英語 ドライバー
どらいばー 英語,ja,google_ja_jp,英語 ドライバー
プラス ドライバー 英語,ja,google_ja_jp,英語 ドライバー
マイナス ドライバー 英語,ja,google_ja_jp,英語 ドライバー
インバーター ld/nd,ja,bing_ja-JP,インバウンド対応 ドライバー
m audio m track duo ドライバー,ja,bing_ja-JP,インバウンド対応 ドライバー
インパクトドライバー 200n・m以上,ja,bing_ja-JP,インバウンド対応 ドライバー
m3用+ドライバー,ja,bing_ja-JP,インバウンド対応 ドライバー
n-ub ドライバー,ja,bing_ja-JP,インバウンド対応 ドライバー
i/oバウンド,ja,bing_ja-JP,インバウンド対応 ドライバー
i/oバウンドとは,ja,bing_ja-JP,インバウンド対応 ドライバー
インテル r スマート・サウンド・テクノロジー ドライバー,ja,bing_ja-JP,インバウンド対応 ドライバー
インテル r bluetooth ドライバー,ja,bing_ja-JP,インバウンド対応 ドライバー
u-next インバウンド,ja,bing_ja-JP,インバウンド対応 ドライバー
difu-u4 ドライバー,ja,bing_ja-JP,インバウンド対応 ドライバー
u&iサウンド,ja,bing_ja-JP,インバウンド対応 ドライバー
ドライバーさん 英語,ja,google_ja_jp,英語 ドライバー
x-1 サウンドバー,ja,bing_ja-JP,インバウンド対応 ドライバー
サウンド ブラスター z ドライバ,ja,bing_ja-JP,インバウンド対応 ドライバー
インバウンド 英語 求人 東京,ja,bing_ja-JP,インバウンド対応 ドライバー
株式会社インバウンド・バズ,ja,bing_ja-JP,インバウンド対応 ドライバー
インバウンド 送迎業務 アテンド 求人,ja,bing_ja-JP,インバウンド対応 ドライバー
english speaking jobs in japan,en,bing_en-JP,english speaking driver tokyo
english speaking part time jobs near tokyo,en,bing_en-JP,english speaking driver tokyo
english teaching jobs tokyo,en,bing_en-JP,english speaking driver tokyo
japan jobs for english speakers,en,bing_en-JP,english speaking driver tokyo
japanese speaking jobs uk,en,bing_en-JP,english speaking driver tokyo
london japanese speaking job,en,bing_en-JP,english speaking driver tokyo
english speaking jobs in tokyo,en,bing_en-JP,english speaking driver tokyo
part-time jobs in tokyo for english speakers,en,bing_en-JP,english speaking driver tokyo
hiring a private driver in japan,en,bing_en-JP,english speaking driver tokyo
japanese companies hiring english speakers,en,bing_en-JP,english speaking driver tokyo
インバウンド 求人 東京 英語,ja,bing_ja-JP,インバウンド対応 ドライバー
日本拉人力车司机的收入,zh,baidu,日本 高端接送 司机
rent a car with driver in tokyo,en,bing_en-JP,english speaking driver tokyo
english speaking tour guide in tokyo,en,bing_en-JP,english speaking driver tokyo
japan driving license test in english,en,bing_en-JP,english speaking driver tokyo
english driving school in japan,en,bing_en-JP,english speaking driver tokyo
tokyo chinese driving school,en,bing_en-JP,english speaking driver tokyo
chinese drivers test english,en,bing_en-JP,english speaking driver tokyo
ドライバーに伝えてください 英語,ja,google_ja_jp,英語 ドライバー
ドライバーに渡す 英語,ja,google_ja_jp,英語 ドライバー
japan drivers test practice,en,bing_en-JP,professional driver japan
japanese driver's license,en,bing_en-JP,professional driver japan
driving-japan,en,bing_en-JP,professional driver japan
description of the japanese driver's license,en,bing_en-JP,professional driver japan
international drivers license japan,en,bing_en-JP,professional driver japan
japan international driver's license,en,bing_en-JP,professional driver japan
personal driver in japan,en,bing_en-JP,professional driver japan
private driver in japan,en,bing_en-JP,professional driver japan
who is a professional driver,en,bing_en-JP,professional driver japan
uk driver in japan,en,bing_en-JP,professional driver japan
hiring a private driver in japan,en,bing_en-JP,professional driver japan
private driver in tokyo,en,bing_en-JP,professional driver japan
英語で運動、動き,ja,bing_ja-JP,英語が話せる 運転手
運動、動き英語で,ja,bing_ja-JP,英語が話せる 運転手
英語 運動、動き,ja,bing_ja-JP,英語が話せる 運転手
運動、動き、英語,ja,bing_ja-JP,英語が話せる 運転手
英語 話せるように なるには 知恵袋,ja,bing_ja-JP,英語が話せる 運転手
運動、動き英語,ja,bing_ja-JP,英語が話せる 運転手
japan driver license test,en,bing_en-JP,professional driver japan
driver of the day japan,en,bing_en-JP,professional driver japan
international driver license for japan,en,bing_en-JP,professional driver japan
us driver license in japan,en,bing_en-JP,professional driver japan
japanese automotive professional service,en,bing_en-JP,professional driver japan
j & b drivers ltd,en,bing_en-JP,professional driver japan
japan international driver license,en,bing_en-JP,professional driver japan
international drivers licence japan,en,bing_en-JP,professional driver japan
japanese international driver's license,en,bing_en-JP,professional driver japan
japanese formula 1 drivers,en,bing_en-JP,professional driver japan
日本机场接送机服务,zh,baidu,日本 高端接送 司机
professional driver group 1,en,bing_en-JP,professional driver japan
g-driver,en,bing_en-JP,professional driver japan
jpj international driving license,en,bing_en-JP,professional driver japan
kx driver_japanese,en,bing_en-JP,professional driver japan
k-driver,en,bing_en-JP,professional driver japan
私は運転しませんが、母は毎日運転します 英語,ja,bing_ja-JP,英語が話せる 運転手
what is a professional driver,en,bing_en-JP,professional driver japan
elderly drivers in japan,en,bing_en-JP,professional driver japan
driving in japan as a uk driver,en,bing_en-JP,professional driver japan
日本 司机 兼职工资多少,zh,baidu,日本 司机 兼职
ドライバーを回す 英語,ja,google_ja_jp,英語 ドライバー
日本 司机 兼职好做吗,zh,baidu,日本 司机 兼职
x-driver,en,bing_en-JP,professional driver japan
タクシー ドライバー 英語 勉強 法,ja,google_ja_jp,英語 ドライバー
バス ドライバー 英語,ja,google_ja_jp,英語 ドライバー
ドライバー ビット 英語,ja,google_ja_jp,英語 ドライバー
ドライバー 募集 英語,ja,google_ja_jp,英語 ドライバー
ボックス ドライバー 英語,ja,google_ja_jp,英語 ドライバー
ベイビー ドライバー 英語,ja,google_ja_jp,英語 ドライバー
ベテラン ドライバー 英語,ja,google_ja_jp,英語 ドライバー
what is driver z,en,bing_en-JP,professional driver japan
driver's license in japan,en,bing_en-JP,professional driver japan
professional jobs in japan,en,bing_en-JP,professional driver japan
automotive jobs in japan,en,bing_en-JP,professional driver japan
日本 司机 兼职可以干吗,zh,baidu,日本 司机 兼职
private car hire with driver japan,en,bing_en-JP,professional driver japan
hiring car in japan,en,bing_en-JP,professional driver japan
英語転職.com,ja,bing_ja-JP,英語が話せる 運転手
電動 ドライバー 英語,ja,google_ja_jp,英語 ドライバー
ドライバー 英語 で,ja,google_ja_jp,英語 ドライバー
ドライバー 工具 英語 で,ja,google_ja_jp,英語 ドライバー
ペーパー ドライバー 英語 で,ja,google_ja_jp,英語 ドライバー
プラス ドライバー 英語 で,ja,google_ja_jp,英語 ドライバー
マイナス ドライバー 英語 で,ja,google_ja_jp,英語 ドライバー
トラック ドライバー 英語 で,ja,google_ja_jp,英語 ドライバー
ドリル ドライバー 英語,ja,google_ja_jp,英語 ドライバー
スクリュードライバー 英語で,ja,google_ja_jp,英語 ドライバー
精密 ドライバー 英語 で,ja,google_ja_jp,英語 ドライバー
日本 司机 兼职累吗,zh,baidu,日本 司机 兼职
private drivers in tokyo,en,bing_en-JP,professional driver japan
f1 ドライバー 英語,ja,google_ja_jp,英語 ドライバー
f1 ドライバー 英語 表記,ja,google_ja_jp,英語 ドライバー
f1 2026 ドライバー 英語,ja,google_ja_jp,英語 ドライバー
f1 ドライバー 英語 名,ja,google_ja_jp,英語 ドライバー
f1 ドライバー 英語 力,ja,google_ja_jp,英語 ドライバー
日本 司机 兼职年龄限制,zh,baidu,日本 司机 兼职
tokyo driving license center,en,bing_en-JP,professional driver japan
driving schools in tokyo with english support,en,bing_en-JP,professional driver japan
ゴルフ ドライバー 英語,ja,google_ja_jp,英語 ドライバー
ゴルフ ドライバー 英語 表記,ja,google_ja_jp,英語 ドライバー
ゴルフ クラブ ドライバー 英語,ja,google_ja_jp,英語 ドライバー
英語 が 話せる ドライバー,ja,google_ja_jp,英語 ドライバー
グラフィック ドライバー 英語,ja,google_ja_jp,英語 ドライバー
ゲートドライバ 英語,ja,google_ja_jp,英語 ドライバー
ゲーマ ドライバー 英語,ja,google_ja_jp,英語 ドライバー
japan driving test in english,en,bing_en-JP,professional driver japan
japan driving license test in english,en,bing_en-JP,professional driver japan
japanese driver's license translation,en,bing_en-JP,professional driver japan
japan driver license translation,en,bing_en-JP,professional driver japan
タクシー ドライバー 英語 フレーズ,ja,google_ja_jp,英語 ドライバー
ドライバー 英語 表記,ja,google_ja_jp,英語 ドライバー
ドライバー 不足 英語,ja,google_ja_jp,英語 ドライバー
ドライバー ズ ハイ 英語,ja,google_ja_jp,英語 ドライバー
ハイヤー ドライバー 英語,ja,google_ja_jp,英語 ドライバー
配送 ドライバー 英語,ja,google_ja_jp,英語 ドライバー
配達 ドライバー 英語,ja,google_ja_jp,英語 ドライバー
自転車 に乗る 中国語 コピペ,ja,bing_ja-JP,英語が話せる 運転手
led driver in chinese,en,bing_en-JP,professional driver japan
best chauffeur tours in tokyo,en,bing_en-JP,multilingual chauffeur tokyo
high end chauffeur tours of tokyo,en,bing_en-JP,multilingual chauffeur tokyo
日本 司机 兼职去哪里找,zh,baidu,日本 司机 兼职
スクリュー ドライバー 英語 カクテル,ja,google_ja_jp,英語 ドライバー
工具 の ドライバー 英語,ja,google_ja_jp,英語 ドライバー
長 距離 ドライバー 英語,ja,google_ja_jp,英語 ドライバー
タクシー ドライバー 英語 求人,ja,google_ja_jp,英語 ドライバー
貫通 ドライバー 英語,ja,google_ja_jp,英語 ドライバー
コ ドライバー 英語,ja,google_ja_jp,英語 ドライバー
高齢 者 ドライバー 英語,ja,google_ja_jp,英語 ドライバー
日本 司机 兼职人员工资,zh,baidu,日本 司机 兼职
マイナス ドライバー 英語 工具,ja,google_ja_jp,英語 ドライバー
モーター ドライバー 英語,ja,google_ja_jp,英語 ドライバー
ねじ 回し ドライバー 英語,ja,google_ja_jp,英語 ドライバー
回れ スクリュー ドライバー 英語,ja,google_ja_jp,英語 ドライバー
プラス マイナス ドライバー 英語,ja,google_ja_jp,英語 ドライバー
マス ドライバー 英語,ja,google_ja_jp,英語 ドライバー
日本 司机 兼职条件,zh,baidu,日本 司机 兼职
大型 ドライバー 英語,ja,google_ja_jp,英語 ドライバー
大型 トラック ドライバー 英語,ja,google_ja_jp,英語 ドライバー
プラス ドライバー 英語 なぜ,ja,google_ja_jp,英語 ドライバー
ペーパー ドライバー 英語,ja,google_ja_jp,英語 ドライバー
パイル ドライバー 英語,ja,google_ja_jp,英語 ドライバー
プロ ドライバー 英語,ja,google_ja_jp,英語 ドライバー
プリンター ドライバー 英語 に なる,ja,google_ja_jp,英語 ドライバー
プリンター ドライバー 英語,ja,google_ja_jp,英語 ドライバー
スクリュー パイル ドライバー 英語,ja,google_ja_jp,英語 ドライバー
日本 司机 兼职违法吗,zh,baidu,日本 司机 兼职
ドライバー ライセンス 英語,ja,google_ja_jp,英語 ドライバー
ドライバー 英語 略,ja,google_ja_jp,英語 ドライバー
ドライバー ズ ライセンス 英語,ja,google_ja_jp,英語 ドライバー
ドライバー付き レンタカー 英語,ja,google_ja_jp,英語 ドライバー
レーシング ドライバー 英語,ja,google_ja_jp,英語 ドライバー
レース ドライバー 英語,ja,google_ja_jp,英語 ドライバー
六角 ドライバー 英語,ja,google_ja_jp,英語 ドライバー
ラチェット ドライバー 英語,ja,google_ja_jp,英語 ドライバー
ラリー ドライバー 英語,ja,google_ja_jp,英語 ドライバー
リザーブ ドライバー 英語,ja,google_ja_jp,英語 ドライバー
日本 司机 兼职薪酬,zh,baidu,日本 司机 兼职
スクリュー ドライバー 英語,ja,google_ja_jp,英語 ドライバー
精密 ドライバー 英語,ja,google_ja_jp,英語 ドライバー
専属 ドライバー 英語,ja,google_ja_jp,英語 ドライバー
成長 ドライバー 英語,ja,google_ja_jp,英語 ドライバー
ドライバーセット 英語,ja,google_ja_jp,英語 ドライバー
ドライバー ショット 英語,ja,google_ja_jp,英語 ドライバー
初心者 ドライバー 英語,ja,google_ja_jp,英語 ドライバー
サンデー ドライバー 英語,ja,google_ja_jp,英語 ドライバー
送迎 ドライバー 英語,ja,google_ja_jp,英語 ドライバー
日本 司机 兼职有工资吗,zh,baidu,日本 司机 兼职
タクシー ドライバー 英語,ja,google_ja_jp,英語 ドライバー
トラック ドライバー 英語,ja,google_ja_jp,英語 ドライバー
英語 タクシー ドライバー 年収,ja,google_ja_jp,英語 ドライバー
トルク ドライバー 英語,ja,google_ja_jp,英語 ドライバー
トルクス ドライバー 英語,ja,google_ja_jp,英語 ドライバー
ドライバー 運転 手 英語,ja,google_ja_jp,英語 ドライバー
宅配 ドライバー 英語,ja,google_ja_jp,英語 ドライバー
日本 司机 兼职赚钱吗,zh,baidu,日本 司机 兼职
ドライバー 運転手 英語,ja,google_ja_jp,英語 ドライバー
ドライバー 英語 運転,ja,google_ja_jp,英語 ドライバー
運送 ドライバー 英語,ja,google_ja_jp,英語 ドライバー
uber ドライバー 英語,ja,google_ja_jp,英語 ドライバー
日本 司机 兼职 招聘信息,zh,baidu,日本 司机 兼职
日本 司机 兼职 招聘网,zh,baidu,日本 司机 兼职
日本 司机 兼职 招聘网站,zh,baidu,日本 司机 兼职
日本劳务司机招聘网站,zh,baidu,日本 司机 兼职
日本招中国司机要求,zh,baidu,日本 司机 兼职
去日本做司机,zh,baidu,日本 司机 兼职
ドライバー を 英語 で,ja,google_ja_jp,英語 ドライバー
ドライバー 和製 英語,ja,google_ja_jp,英語 ドライバー
ドライバー を 回す 英語,ja,google_ja_jp,英語 ドライバー
ドライバー に 渡す 英語,ja,google_ja_jp,英語 ドライバー
日本 司机 兼职 价格多少,zh,baidu,日本 司机 兼职
日本 司机 兼职 价格怎么样,zh,baidu,日本 司机 兼职
乙肝患者可以吃茄子吗,zh,baidu,日本 司机 兼职
mft弹簧评测,zh,baidu,日本 司机 兼职
东南亚中南半岛人口主要分布在,zh,baidu,日本 司机 兼职
人体结构几何体速写,zh,baidu,日本 司机 兼职
優良 ドライバー 英語,ja,google_ja_jp,英語 ドライバー
ドライバー ユニット 英語,ja,google_ja_jp,英語 ドライバー
y 字 ドライバー 英語,ja,google_ja_jp,英語 ドライバー
在日本东京请一位全职司机多少钱,zh,baidu,日本 司机 兼职
东京司机招聘,zh,baidu,日本 司机 兼职
日本东京兼职好找吗,zh,baidu,日本 司机 兼职
ドライバー ズ ニット 英語,ja,google_ja_jp,英語 ドライバー
ドライバー ズ 英語,ja,google_ja_jp,英語 ドライバー
ゼッツ ドライバー 英語,ja,google_ja_jp,英語 ドライバー
女性 ドライバー 英語,ja,google_ja_jp,英語 ドライバー
ゼロワン ドライバー 英語,ja,google_ja_jp,英語 ドライバー
十字 ドライバー 英語,ja,google_ja_jp,英語 ドライバー
絶縁 ドライバー 英語,ja,google_ja_jp,英語 ドライバー
日本的司机怎么说,zh,baidu,日本 司机 兼职
日本兼职多少钱一小时,zh,baidu,日本 司机 兼职
日本 司机 兼职 兼职怎么样,zh,baidu,日本 司机 兼职
日本 司机 兼职 兼职多少钱,zh,baidu,日本 司机 兼职
日本 司机 兼职 兼职工作,zh,baidu,日本 司机 兼职
日本 司机 兼职 公司有哪些,zh,baidu,日本 司机 兼职
日本 司机 兼职 公司怎么样,zh,baidu,日本 司机 兼职
东京 旅游 用车 司机 招聘信息,zh,baidu,东京 旅游 用车 司机 招聘
东京 旅游 用车 司机 招聘网,zh,baidu,东京 旅游 用车 司机 招聘
东京 旅游 用车 司机 招聘,zh,baidu,东京 旅游 用车 司机 招聘
在日本东京请一位全职司机多少钱,zh,baidu,东京 旅游 用车 司机 招聘
日本东京租车一天多少钱带司机的,zh,baidu,东京 旅游 用车 司机 招聘
国旅 东京 包车,zh,baidu,东京 旅游 用车 司机 招聘
乙肝患者可以吃茄子吗,zh,baidu,东京 旅游 用车 司机 招聘
mft弹簧评测,zh,baidu,东京 旅游 用车 司机 招聘
东南亚中南半岛人口主要分布在,zh,baidu,东京 旅游 用车 司机 招聘
人体结构几何体速写,zh,baidu,东京 旅游 用车 司机 招聘
english japanese driving school,en,google_en_jp,english driver japan
english speaking driver japan,en,google_en_jp,english driver japan
english driving school japan,en,google_en_jp,english driver japan
english driving camp japan,en,google_en_jp,english driver japan
english driving test japan,en,google_en_jp,english driver japan
english driving lessons japan,en,google_en_jp,english driver japan
english translation of japanese driver's license,en,google_en_jp,english driver japan
can i drive in japan with a uk license,en,google_en_jp,english driver japan
can foreigners drive in japan,en,google_en_jp,english driver japan
how to drive in japan with uk license,en,google_en_jp,english driver japan
东京 旅游 用车 司机 招聘安全员,zh,baidu,东京 旅游 用车 司机 招聘
东京包车,zh,baidu,东京 旅游 用车 司机 招聘
日本东京包车价格,zh,baidu,东京 旅游 用车 司机 招聘
东京出租车司机收入,zh,baidu,东京 旅游 用车 司机 招聘
司机在东京,zh,baidu,东京 旅游 用车 司机 招聘
东京出租车公司,zh,baidu,东京 旅游 用车 司机 招聘
东京驾车,zh,baidu,东京 旅游 用车 司机 招聘
东京jtb旅行社,zh,baidu,东京 旅游 用车 司机 招聘
天津格林国际幼儿园学费,zh,baidu,东京 旅游 用车 司机 招聘
一口高压锅划拳歌视频,zh,baidu,东京 旅游 用车 司机 招聘
怎样钓苦花鱼,zh,baidu,东京 旅游 用车 司机 招聘
一亩桃树能产多少桃胶,zh,baidu,东京 旅游 用车 司机 招聘
四照花生长速度,zh,baidu,东京 旅游 用车 司机 招聘
english driving school camp japan,en,google_en_jp,english driver japan
why do japanese cars have english names,en,google_en_jp,english driver japan
can you drive in the uk with a japanese license,en,google_en_jp,english driver japan
东京 旅游 用车 司机 招聘电话号码,zh,baidu,东京 旅游 用车 司机 招聘
日本东京租车,zh,baidu,东京 旅游 用车 司机 招聘
东京 旅游 用车 司机 招聘官网,zh,baidu,东京 旅游 用车 司机 招聘
english speaking driver in japan,en,google_en_jp,english driver japan
english driving school in japan,en,google_en_jp,english driver japan
english driving camp in japan,en,google_en_jp,english driver japan
english jaf driving in japan,en,google_en_jp,english driver japan
english driving test in japan,en,google_en_jp,english driver japan
english driving lessons in japan,en,google_en_jp,english driver japan
english driving license in japan,en,google_en_jp,english driver japan
二種免許 英語,ja,bing_ja-JP,二種免許 英語
普通自動車免許 一種 二種 違い,ja,bing_ja-JP,二種免許 英語
普通免許 第一種 第二種 違い,ja,bing_ja-JP,二種免許 英語
普通免許 1 種と 2 種の違い,ja,bing_ja-JP,二種免許 英語
自動車免許 1 種 2 種違い,ja,bing_ja-JP,二種免許 英語
一種免許 二種免許 違い 教員,ja,bing_ja-JP,二種免許 英語
運転免許 普通 一種 二種 違い,ja,bing_ja-JP,二種免許 英語
普通 1 種と 2 種の違い免許証,ja,bing_ja-JP,二種免許 英語
1種免許 2種免許 違い 教員,ja,bing_ja-JP,二種免許 英語
普通自動車免許 1種 2種 違い,ja,bing_ja-JP,二種免許 英語
免許 普通 1種 2種 免許証,ja,bing_ja-JP,二種免許 英語
運転免許 1 種 2 種違い免許証,ja,bing_ja-JP,二種免許 英語
东京 旅游 用车 司机 招聘简章,zh,baidu,东京 旅游 用车 司机 招聘
driving-japan,en,bing_en-JP,hire driver japan
car rental with driver in japan,en,bing_en-JP,hire driver japan
private car hire with driver japan,en,bing_en-JP,hire driver japan
hiring a private driver in japan,en,bing_en-JP,hire driver japan
personal driver in japan,en,bing_en-JP,hire driver japan
private driver in japan,en,bing_en-JP,hire driver japan
uk driver in japan,en,bing_en-JP,hire driver japan
hire car in japan,en,bing_en-JP,hire driver japan
best car hire company japan,en,bing_en-JP,hire driver japan
hiring car in japan,en,bing_en-JP,hire driver japan
hire driver in delhi,en,bing_en-JP,hire driver japan
hire a driver uk,en,bing_en-JP,hire driver japan
二種免許英語,ja,bing_ja-JP,二種免許 英語
二種免許 一発試験 合格 方法,ja,bing_ja-JP,二種免許 英語
自動車免許 第一種 第二種 違い,ja,bing_ja-JP,二種免許 英語
第一種 第二種 運転免許 違い,ja,bing_ja-JP,二種免許 英語
自動車免許 一種 二種 何が違う,ja,bing_ja-JP,二種免許 英語
english teaching companies in japan,en,google_en_jp,english driver japan
二種免許 資格要件 緩和 いつから,ja,bing_ja-JP,二種免許 英語
第二種免許 費用 普通免許 あり,ja,bing_ja-JP,二種免許 英語
how to hire a car in japan,en,bing_en-JP,hire driver japan
hiring a car in japan,en,bing_en-JP,hire driver japan
driving in japan as a uk driver,en,bing_en-JP,hire driver japan
private driver in tokyo,en,bing_en-JP,hire driver japan
东京 旅游 用车 司机 招聘流程,zh,baidu,东京 旅游 用车 司机 招聘
van hire in japan,en,bing_en-JP,hire driver japan
免許 中型 1種 2種 免許証,ja,bing_ja-JP,二種免許 英語
中型免許 1 種と 2 種の違い,ja,bing_ja-JP,二種免許 英語
中型自動車免許 一種 二種 違い,ja,bing_ja-JP,二種免許 英語
中型自動車免許 1 種 2 種違い,ja,bing_ja-JP,二種免許 英語
大型免許 第一種 第二種 違い,ja,bing_ja-JP,二種免許 英語
運転免許 第一種 第二種 違い,ja,bing_ja-JP,二種免許 英語
自動車 普通免許 第一種 第二種 違い,ja,bing_ja-JP,二種免許 英語
第一種免許 第二種免許 違い 教員,ja,bing_ja-JP,二種免許 英語
大型自動車第一種・ 第二種免許,ja,bing_ja-JP,二種免許 英語
大型免許 1 種と 2 種の違い,ja,bing_ja-JP,二種免許 英語
大型特殊第一種・第二種免許 違い,ja,bing_ja-JP,二種免許 英語
driver hire driver cpc,en,bing_en-JP,hire driver japan
东京 旅游 用车 司机 招聘名单,zh,baidu,东京 旅游 用车 司机 招聘
driver on hire delhi,en,bing_en-JP,hire driver japan
japan jdm car hire,en,bing_en-JP,hire driver japan
driver of the day japan,en,bing_en-JP,hire driver japan
what is a for hire driver,en,bing_en-JP,hire driver japan
免許申請 e-gov,ja,bing_ja-JP,二種免許 英語
东京 旅游 用车 司机 招聘年龄要求,zh,baidu,东京 旅游 用车 司机 招聘
english driving test questions japan,en,google_en_jp,english driver japan
东京 旅游 用车 司机 招聘普工,zh,baidu,东京 旅游 用车 司机 招聘
english speaking driving school japan,en,google_en_jp,english driver japan
how much do foreign english teachers make in japan,en,google_en_jp,english driver japan
driving jobs in japan for foreigners,en,google_en_jp,english driver japan
hire a hgv and driver,en,bing_en-JP,hire driver japan
hgv drivers for hire,en,bing_en-JP,hire driver japan
driver hire group services limited,en,bing_en-JP,hire driver japan
hgv driver hire agency,en,bing_en-JP,hire driver japan
hgv driver hire near me,en,bing_en-JP,hire driver japan
driver hire group services ltd,en,bing_en-JP,hire driver japan
japan car rental with driver,en,bing_en-JP,hire driver japan
english translation to japan,en,google_en_jp,english driver japan
东京 旅游 用车 司机 招聘求职,zh,baidu,东京 旅游 用车 司机 招聘
driver recruitment hong kong,en,bing_en-JP,hire driver japan
international drivers license japan,en,bing_en-JP,hire driver japan
japan international driver license,en,bing_en-JP,hire driver japan
international driver permit japan,en,bing_en-JP,hire driver japan
东京 旅游 用车 司机 招聘入口在哪,zh,baidu,东京 旅游 用车 司机 招聘
jsr driver hire ltd,en,bing_en-JP,hire driver japan
jde driver hire ltd,en,bing_en-JP,hire driver japan
hire driver in jaipur,en,bing_en-JP,hire driver japan
幼稚園免許 1 種 2 種違い,ja,bing_ja-JP,二種免許 英語
小学校免許 1 種と 2 種の違い,ja,bing_ja-JP,二種免許 英語
东京 旅游 用车 司机 招聘上海,zh,baidu,东京 旅游 用车 司机 招聘
hire personal driver in kl,en,bing_en-JP,hire driver japan
东京 旅游 用车 司机 招聘条件,zh,baidu,东京 旅游 用车 司机 招聘
international drivers licence japan,en,bing_en-JP,hire driver japan
普通二種免許 at mt どっち,ja,bing_ja-JP,二種免許 英語
tokyo jdm car hire,en,bing_en-JP,hire driver japan
nippon car hire japan,en,bing_en-JP,hire driver japan
nissan car hire japan,en,bing_en-JP,hire driver japan
driver on hire noida,en,bing_en-JP,hire driver japan
小学校 2 種免許から 1 種免許,ja,bing_ja-JP,二種免許 英語
东京 旅游 用车 司机 招聘网站,zh,baidu,东京 旅游 用车 司机 招聘
普通自動車免許 1 種 2 種免許証,ja,bing_ja-JP,二種免許 英語
普通 自動車 免許 一種 二 種 違い,ja,bing_ja-JP,二種免許 英語
东京 旅游 用车 司机 招聘信息最新,zh,baidu,东京 旅游 用车 司机 招聘
driver for hire philippines,en,bing_en-JP,hire driver japan
private hire in japan,en,bing_en-JP,hire driver japan
hire a personal driver,en,bing_en-JP,hire driver japan
professional drivers for hire,en,bing_en-JP,hire driver japan
东京 旅游 用车 司机 招聘要求高吗,zh,baidu,东京 旅游 用车 司机 招聘
东京 旅游 用车 司机 招聘最新消息,zh,baidu,东京 旅游 用车 司机 招聘
運転免許 1 種と 2 種の違い,ja,bing_ja-JP,二種免許 英語
hire driver to transport,en,bing_en-JP,hire driver japan
hire driver to transport equipment,en,bing_en-JP,hire driver japan
hire driver to tour,en,bing_en-JP,hire driver japan
rent a car with driver in tokyo,en,bing_en-JP,hire driver japan
东京 旅游 用车 司机 招聘 价格表,zh,baidu,东京 旅游 用车 司机 招聘
东京 旅游 用车 司机 招聘 价格查询,zh,baidu,东京 旅游 用车 司机 招聘
东京 旅游 用车 司机 招聘 价格表最新,zh,baidu,东京 旅游 用车 司机 招聘
運転免許 第一種 第二種 仮免許,ja,bing_ja-JP,二種免許 英語
日本包车,zh,google_zh-CN_cn,日本 包车
日本包车旅游费用,zh,google_zh-CN_cn,日本 包车
日本包车费用ptt,zh,google_zh-CN_cn,日本 包车
日本包车推荐dcard,zh,google_zh-CN_cn,日本 包车
日本包车一日游,zh,google_zh-CN_cn,日本 包车
日本包车费用dcard,zh,google_zh-CN_cn,日本 包车
日本包车旅游,zh,google_zh-CN_cn,日本 包车
日本包车一日,zh,google_zh-CN_cn,日本 包车
日本包车dcard,zh,google_zh-CN_cn,日本 包车
日本包车一天多少钱,zh,google_zh-CN_cn,日本 包车
东京 旅游 用车 司机 招聘 介绍信,zh,baidu,东京 旅游 用车 司机 招聘
东京 旅游 用车 司机 招聘 介绍信息,zh,baidu,东京 旅游 用车 司机 招聘
东京 旅游 用车 司机 招聘 介绍,zh,baidu,东京 旅游 用车 司机 招聘
日本 包车 青鸟,zh,google_zh-CN_cn,日本 包车
日本 包车 安全座椅,zh,google_zh-CN_cn,日本 包车
driver japan,en,google_en_jp,driver japan
driver japanese movie,en,google_en_jp,driver japan
driver japan service,en,google_en_jp,driver japan
driver japanese,en,google_en_jp,driver japan
driver japanese train,en,google_en_jp,driver japan
driver japan job,en,google_en_jp,driver japan
driver japan salary,en,google_en_jp,driver japan
driver japanese golf,en,google_en_jp,driver japan
japanese driver's license,en,google_en_jp,driver japan
driving japan,en,google_en_jp,driver japan
日本包车 白牌,zh,google_zh-CN_cn,日本 包车
日本包车保险,zh,google_zh-CN_cn,日本 包车
日本 包车 白牌 绿牌,zh,google_zh-CN_cn,日本 包车
东京 旅游 用车 司机 招聘 东京工作人员,zh,baidu,东京 旅游 用车 司机 招聘
日本东京租车攻略,zh,baidu,东京 旅游 用车 司机 招聘
东京的士收费标准,zh,baidu,东京 旅游 用车 司机 招聘
东京出租车介绍,zh,baidu,东京 旅游 用车 司机 招聘
driving japan age,en,google_en_jp,driver japan
japan driving alcohol limit,en,google_en_jp,driver japan
driving around japan,en,google_en_jp,driver japan
japan driving age limit,en,google_en_jp,driver japan
driving across japan,en,google_en_jp,driver japan
japan driving australian license,en,google_en_jp,driver japan
japan driving app,en,google_en_jp,driver japan
japan driving alcohol,en,google_en_jp,driver japan
japan driving aptitude test,en,google_en_jp,driver japan
driving at japan,en,google_en_jp,driver japan
日本包车超时费用,zh,google_zh-CN_cn,日本 包车
日本包车车型,zh,google_zh-CN_cn,日本 包车
日本包车车款,zh,google_zh-CN_cn,日本 包车
日本包车超时,zh,google_zh-CN_cn,日本 包车
东京 旅游 用车 司机 招聘 英语要求,zh,baidu,东京 旅游 用车 司机 招聘
japan driver badges,en,google_en_jp,driver japan
japan driver booking,en,google_en_jp,driver japan
driver bus japan,en,google_en_jp,driver japan
japan driving book english,en,google_en_jp,driver japan
japan driving book,en,google_en_jp,driver japan
japan driving blood alcohol limit,en,google_en_jp,driver japan
japan driving bac,en,google_en_jp,driver japan
japan driving book pdf,en,google_en_jp,driver japan
japan driving beginner sticker,en,google_en_jp,driver japan
japan driving basics,en,google_en_jp,driver japan
日本包车多少钱,zh,google_zh-CN_cn,日本 包车
日本包车导游,zh,google_zh-CN_cn,日本 包车
日本包车单趟,zh,google_zh-CN_cn,日本 包车
日本包车大阪,zh,google_zh-CN_cn,日本 包车
hire car tokyo japan,en,bing_en-JP,hire driver japan
z e-1 免許,ja,bing_ja-JP,二種免許 英語
中学校 2 種免許から 1 種免許をとる,ja,bing_ja-JP,二種免許 英語
driver japan company limited,en,google_en_jp,driver japan
driving japan com,en,google_en_jp,driver japan
driving japan com gmbh,en,google_en_jp,driver japan
driving japan com reviews,en,google_en_jp,driver japan
driver cover japan,en,google_en_jp,driver japan
diver city japan,en,google_en_jp,driver japan
driver car japan,en,google_en_jp,driver japan
japan driver company,en,google_en_jp,driver japan
japan driver cards mercedes,en,google_en_jp,driver japan
japanese car driving,en,google_en_jp,driver japan
东京 旅游 用车 司机 招聘 兼职信息,zh,baidu,东京 旅游 用车 司机 招聘
东京 旅游 用车 司机 招聘 兼职,zh,baidu,东京 旅游 用车 司机 招聘
东京 旅游 用车 司机 招聘 兼职工作,zh,baidu,东京 旅游 用车 司机 招聘
日本包车儿童座椅规定,zh,google_zh-CN_cn,日本 包车
日本包车 儿童座椅,zh,google_zh-CN_cn,日本 包车
japan driving direction,en,google_en_jp,driver japan
driving in japan during winter,en,google_en_jp,driver japan
driving in japan difficult,en,google_en_jp,driver japan
driving in japan december,en,google_en_jp,driver japan
sharp driver download japan,en,google_en_jp,driver japan
f1 driver died japan,en,google_en_jp,driver japan
driver of the day japan 2026,en,google_en_jp,driver japan
driver of the day japan,en,google_en_jp,driver japan
japan delivery driver salary,en,google_en_jp,driver japan
japan driver's license can drive in philippines,en,google_en_jp,driver japan
东京 旅游 用车 司机 招聘 公司有哪些,zh,baidu,东京 旅游 用车 司机 招聘
日本东京当地旅行社,zh,baidu,东京 旅游 用车 司机 招聘
driver on hire jobs in delhi,en,bing_en-JP,hire driver japan
jobs at driver hire,en,bing_en-JP,hire driver japan
hiring jobs in japan,en,bing_en-JP,hire driver japan
日本包车服务,zh,google_zh-CN_cn,日本 包车
日本包车富士山,zh,google_zh-CN_cn,日本 包车
日本 包车费用,zh,google_zh-CN_cn,日本 包车
japan driver exam,en,google_en_jp,driver japan
driving experience japan codes,en,google_en_jp,driver japan
driving experience japan roblox codes,en,google_en_jp,driver japan
driving experience japan roblox,en,google_en_jp,driver japan
japan driving exam,en,google_en_jp,driver japan
driving experiences japan,en,google_en_jp,driver japan
japan driving exam paper,en,google_en_jp,driver japan
driving experience japan wiki,en,google_en_jp,driver japan
japan driving etiquette,en,google_en_jp,driver japan
japan driving exam questions,en,google_en_jp,driver japan
hiring job in japan,en,bing_en-JP,hire driver japan
how to hire a driver,en,bing_en-JP,hire driver japan
日本包车贵吗,zh,google_zh-CN_cn,日本 包车
日本包车公司,zh,google_zh-CN_cn,日本 包车
日本包车公司推荐,zh,google_zh-CN_cn,日本 包车
日本包车go japan,zh,google_zh-CN_cn,日本 包车
日本 包车 合法,zh,google_zh-CN_cn,日本 包车
日本包车一天多少钱,zh,baidu,日本 包车 公司 招司机
日本包车一般都是什么价格,zh,baidu,日本 包车 公司 招司机
日本包车一天10小时多少钱啊,zh,baidu,日本 包车 公司 招司机
日本包车,zh,baidu,日本 包车 公司 招司机
日本包车游哪个平台好,zh,baidu,日本 包车 公司 招司机
日本包车平台,zh,baidu,日本 包车 公司 招司机
日本 包车 公司 招司机吗,zh,baidu,日本 包车 公司 招司机
日本 包车 公司 招司机是真的吗,zh,baidu,日本 包车 公司 招司机
日本 包车 公司 招司机要求,zh,baidu,日本 包车 公司 招司机
日本包车联系方式,zh,baidu,日本 包车 公司 招司机
二種免許 どのくらい で 取れる,ja,bing_ja-JP,二種免許 英語
cheap car hire japan,en,bing_en-JP,hire driver japan
cost of hiring a car in japan,en,bing_en-JP,hire driver japan
driver japan fourteen,en,google_en_jp,driver japan
driver japan film,en,google_en_jp,driver japan
japan driver f1,en,google_en_jp,driver japan
japan driver for hire,en,google_en_jp,driver japan
driver for japan,en,google_en_jp,driver japan
japan driver for a day,en,google_en_jp,driver japan
driving from japan to europe,en,google_en_jp,driver japan
japan driving for tourist,en,google_en_jp,driver japan
driving from japan to uk,en,google_en_jp,driver japan
japan driving for foreigners,en,google_en_jp,driver japan
日本包车划算吗,zh,google_zh-CN_cn,日本 包车
日本包车行情,zh,google_zh-CN_cn,日本 包车
日本包车很贵吗,zh,google_zh-CN_cn,日本 包车
日本 包车 海狮,zh,google_zh-CN_cn,日本 包车
日本 包车 服务,zh,google_zh-CN_cn,日本 包车
日本 包车 平台,zh,google_zh-CN_cn,日本 包车
日本 包车 北海道,zh,google_zh-CN_cn,日本 包车
日本 包车 富士山,zh,google_zh-CN_cn,日本 包车
日本 包车 福冈,zh,google_zh-CN_cn,日本 包车
日本 包车 一 日 游,zh,google_zh-CN_cn,日本 包车
日本 包车 公司 招司机安全员吗,zh,baidu,日本 包车 公司 招司机
日本包车平台app,zh,baidu,日本 包车 公司 招司机
日本包商务车的出租车公司有哪些,zh,baidu,日本 包车 公司 招司机
driver hire recruitment agency,en,bing_en-JP,hire driver japan
driver japan golf,en,google_en_jp,driver japan
driving japan gmbh,en,google_en_jp,driver japan
driving japan game,en,google_en_jp,driver japan
japan driver guide,en,google_en_jp,driver japan
japan driving guide,en,google_en_jp,driver japan
driving gloves japan,en,google_en_jp,driver japan
japan driving guide pdf,en,google_en_jp,driver japan
japanese driver golf club,en,google_en_jp,driver japan
japan driving give way rules,en,google_en_jp,driver japan
japan driving game steam,en,google_en_jp,driver japan
日本 包车 一天 多少 钱,zh,google_zh-CN_cn,日本 包车
日本包车一日游 价格,zh,google_zh-CN_cn,日本 包车
日本包车一日游 推荐,zh,google_zh-CN_cn,日本 包车
日本 包车 一日,zh,google_zh-CN_cn,日本 包车
日本 包车 一日游,zh,google_zh-CN_cn,日本 包车
日本包车一天 价格,zh,google_zh-CN_cn,日本 包车
日本 包车 一天,zh,google_zh-CN_cn,日本 包车
kkday 日本包车一日游,zh,google_zh-CN_cn,日本 包车
日本 包车 公司 招司机不给工资,zh,baidu,日本 包车 公司 招司机
外国免許 切り替え 練習 東京,ja,bing_ja-JP,二種免許 英語
hire a car in tokyo,en,bing_en-JP,hire driver japan
japan driver headcover,en,google_en_jp,driver japan
japan driver hire,en,google_en_jp,driver japan
japan driver handbook,en,google_en_jp,driver japan
driver head japan,en,google_en_jp,driver japan
japanese driver head cover,en,google_en_jp,driver japan
driving holiday japan,en,google_en_jp,driver japan
japan driving hand,en,google_en_jp,driver japan
japan driving holiday itinerary,en,google_en_jp,driver japan
japan driving hand signals,en,google_en_jp,driver japan
japan driving history certificate,en,google_en_jp,driver japan
hire driver for my car,en,bing_en-JP,hire driver japan
ハイヤー 英語,ja,bing_ja-JP,ハイヤー 英語
ハイヤー 英語意味,ja,bing_ja-JP,ハイヤー 英語
ハイヤー 英語発音,ja,bing_ja-JP,ハイヤー 英語
ハイヤー 英語翻訳,ja,bing_ja-JP,ハイヤー 英語
ハイヤー 英語表現,ja,bing_ja-JP,ハイヤー 英語
ハイヤー 英語説明,ja,bing_ja-JP,ハイヤー 英語
ハイヤー 英語 求人,ja,bing_ja-JP,ハイヤー 英語
ハイヤー 英語対応,ja,bing_ja-JP,ハイヤー 英語
ハイヤー 英語表記,ja,bing_ja-JP,ハイヤー 英語
日本包车价钱,zh,google_zh-CN_cn,日本 包车
日本包车价位,zh,google_zh-CN_cn,日本 包车
日本包车接送机,zh,google_zh-CN_cn,日本 包车
日本包车接送,zh,google_zh-CN_cn,日本 包车
日本包车价格dcard,zh,google_zh-CN_cn,日本 包车
日本包车 机场接送,zh,google_zh-CN_cn,日本 包车
日本司机收入怎么样,zh,baidu,日本 包车 公司 招司机
driving japan in winter,en,google_en_jp,driver japan
driver in japan,en,google_en_jp,driver japan
driver in japan salary,en,google_en_jp,driver japan
driver in japan hiring,en,google_en_jp,driver japan
driving in japan,en,google_en_jp,driver japan
driving in japan as a tourist,en,google_en_jp,driver japan
driver in japanese,en,google_en_jp,driver japan
driving in japan as an american,en,google_en_jp,driver japan
driving in japan as an australian,en,google_en_jp,driver japan
driving in japan for foreigners,en,google_en_jp,driver japan
ハイヤー英語で,ja,bing_ja-JP,ハイヤー 英語
ハイヤー英語意味,ja,bing_ja-JP,ハイヤー 英語
ハイヤー英語翻訳,ja,bing_ja-JP,ハイヤー 英語
japanese driver's license,en,bing_en-JP,hire driver japan
chinese car rentals with driver,en,bing_en-JP,hire driver japan
日本包车可以吃东西吗,zh,google_zh-CN_cn,日本 包车
日本包车 kkday,zh,google_zh-CN_cn,日本 包车
日本 包车 公司,zh,google_zh-CN_cn,日本 包车
日本 包车 九州,zh,google_zh-CN_cn,日本 包车
日本 包车 自由 行,zh,google_zh-CN_cn,日本 包车
日本 京都 包车,zh,google_zh-CN_cn,日本 包车
klook 日本 包车,zh,google_zh-CN_cn,日本 包车
klook 日本 包车 评价,zh,google_zh-CN_cn,日本 包车
宏大 日本 包车 评价,zh,google_zh-CN_cn,日本 包车
宏大 日本 包车,zh,google_zh-CN_cn,日本 包车
日本 包车 公司 招司机多少岁,zh,baidu,日本 包车 公司 招司机
ハーバート・バイヤー,ja,bing_ja-JP,ハイヤー 英語
ハイヤー・アンド・ハイヤー,ja,bing_ja-JP,ハイヤー 英語
w/bタイヤとは,ja,bing_ja-JP,ハイヤー 英語
japan driving job salary,en,google_en_jp,driver japan
truck driver japan jobs,en,google_en_jp,driver japan
bus driver jobs japan,en,google_en_jp,driver japan
taxi driver job japan,en,google_en_jp,driver japan
driving japan jaf,en,google_en_jp,driver japan
can foreigners drive in japan,en,google_en_jp,driver japan
driving jobs in japan for foreigners,en,google_en_jp,driver japan
can i drive in japan with a us license,en,google_en_jp,driver japan
can a foreigner get a driver's license in japan,en,google_en_jp,driver japan
翻訳 日本語 中国語多言語 対応会社,ja,bing_ja-JP,多言語 ドライバー 東京
bilingual jobs in tokyo,en,bing_en-JP,bilingual driver jobs japan
bilingual jobs in japan,en,bing_en-JP,bilingual driver jobs japan
japanese english bilingual jobs,en,bing_en-JP,bilingual driver jobs japan
japanese bilingual jobs in usa,en,bing_en-JP,bilingual driver jobs japan
japanese bilingual tech jobs,en,bing_en-JP,bilingual driver jobs japan
japanese bilingual job near me,en,bing_en-JP,bilingual driver jobs japan
japanese bilingual jobs philippines,en,bing_en-JP,bilingual driver jobs japan
japanese bilingual jobs since yesterday,en,bing_en-JP,bilingual driver jobs japan
japanese bilingual jobs manila,en,bing_en-JP,bilingual driver jobs japan
japanese bilingual job engineer,en,bing_en-JP,bilingual driver jobs japan
japanese bilingual jobs nyc,en,bing_en-JP,bilingual driver jobs japan
japanese bilingual jobs chicago,en,bing_en-JP,bilingual driver jobs japan
日本包车 绿牌,zh,google_zh-CN_cn,日本 包车
日本包车绿牌白牌,zh,google_zh-CN_cn,日本 包车
日本包车旅游dcard,zh,google_zh-CN_cn,日本 包车
日本包车旅行社,zh,google_zh-CN_cn,日本 包车
日本包车旅游 推荐,zh,google_zh-CN_cn,日本 包车
日本包车旅游一天多少钱,zh,google_zh-CN_cn,日本 包车
日本包车绿牌推荐,zh,google_zh-CN_cn,日本 包车
japan driving knowledge test,en,google_en_jp,driver japan
driver in japanese kanji,en,google_en_jp,driver japan
driver in japanese katakana,en,google_en_jp,driver japan
private driver kyoto japan,en,google_en_jp,driver japan
klook driver japan,en,google_en_jp,driver japan
japan ki driver,en,google_en_jp,driver japan
ハイヤー英語発音,ja,bing_ja-JP,ハイヤー 英語
ハイヤー英語表現,ja,bing_ja-JP,ハイヤー 英語
ハイヤー英語求人,ja,bing_ja-JP,ハイヤー 英語
ハイヤーセルフ英語,ja,bing_ja-JP,ハイヤー 英語
amazon japanese bilingual jobs,en,bing_en-JP,bilingual driver jobs japan
jobs japanese bilingual nyc,en,bing_en-JP,bilingual driver jobs japan
日本包车马来西亚,zh,google_zh-CN_cn,日本 包车
股癌 日本 包车,zh,google_zh-CN_cn,日本 包车
日本 包车 公司 招司机服务员吗,zh,baidu,日本 包车 公司 招司机
ハイヤー 英語で,ja,bing_ja-JP,ハイヤー 英語
d/d ワイヤー,ja,bing_ja-JP,ハイヤー 英語
d/d ワイヤ,ja,bing_ja-JP,ハイヤー 英語
d-str レイヤー 意味,ja,bing_ja-JP,ハイヤー 英語
driving japan left or right,en,google_en_jp,driver japan
driving japan license,en,google_en_jp,driver japan
japan driver's license conversion restrictions,en,google_en_jp,driver japan
japan driver's license,en,google_en_jp,driver japan
japan driver license translation,en,google_en_jp,driver japan
japan driver license test,en,google_en_jp,driver japan
driver lounge japan,en,google_en_jp,driver japan
japan driver's license conversion,en,google_en_jp,driver japan
japan driver license age,en,google_en_jp,driver japan
japan driver's license reciprocity us states,en,google_en_jp,driver japan
japanese bilingual jobs remote,en,bing_en-JP,bilingual driver jobs japan
ハイヤー英語説明,ja,bing_ja-JP,ハイヤー 英語
driver japan movie,en,google_en_jp,driver japan
japan driver monthly salary,en,google_en_jp,driver japan
driver magazine japan,en,google_en_jp,driver japan
japan driver magnet,en,google_en_jp,driver japan
japan driver mark,en,google_en_jp,driver japan
driving japanese movie,en,google_en_jp,driver japan
japan driving map,en,google_en_jp,driver japan
japanese driver meme,en,google_en_jp,driver japan
japan driving manual english,en,google_en_jp,driver japan
japan driving mario kart,en,google_en_jp,driver japan
日本 包车 大阪,zh,google_zh-CN_cn,日本 包车
日本 大阪 包车 费用,zh,google_zh-CN_cn,日本 包车
日本 大阪 包车 推荐,zh,google_zh-CN_cn,日本 包车
雄狮 日本 包车,zh,google_zh-CN_cn,日本 包车
日本 包车 公司 招司机合法吗?,zh,baidu,日本 包车 公司 招司机
有限会社f・バイヤー,ja,bing_ja-JP,ハイヤー 英語
japan driving need international license,en,google_en_jp,driver japan
japan driving navigation app,en,google_en_jp,driver japan
japanese driver name,en,google_en_jp,driver japan
japanese driver nascar,en,google_en_jp,driver japan
star driver japanese name,en,google_en_jp,driver japan
driving in japan need idp,en,google_en_jp,driver japan
driving in japan nz license,en,google_en_jp,driver japan
driving in japan need to know,en,google_en_jp,driver japan
driving in japan new rules,en,google_en_jp,driver japan
driving in japan nz,en,google_en_jp,driver japan
日本包车评价,zh,google_zh-CN_cn,日本 包车
日本包车 ptt,zh,google_zh-CN_cn,日本 包车
日本 包车 费用 ptt,zh,google_zh-CN_cn,日本 包车
kkday 日本 包车 ptt,zh,google_zh-CN_cn,日本 包车
日本出租车司机招聘条件,zh,baidu,日本 包车 公司 招司机
driving japan online,en,google_en_jp,driver japan
japan driver of the day,en,google_en_jp,driver japan
japan drive on left or right,en,google_en_jp,driver japan
japan driver on which side,en,google_en_jp,driver japan
japan driver of the day 2026,en,google_en_jp,driver japan
japan driving on the left,en,google_en_jp,driver japan
driving on japan,en,google_en_jp,driver japan
japan driving on left side,en,google_en_jp,driver japan
japan driving on the right,en,google_en_jp,driver japan
japan driving over speed limit,en,google_en_jp,driver japan
g&hワイヤー,ja,bing_ja-JP,ハイヤー 英語
日本 包车 公司 招司机兼职吗,zh,baidu,日本 包车 公司 招司机
japan driver's permit,en,google_en_jp,driver japan
driver ps1 japan,en,google_en_jp,driver japan
driver position in japan,en,google_en_jp,driver japan
japan driver plate,en,google_en_jp,driver japan
japan driving permit,en,google_en_jp,driver japan
japan driving permit international,en,google_en_jp,driver japan
japan driving permit uk,en,google_en_jp,driver japan
japan driving position,en,google_en_jp,driver japan
japan driving practice test,en,google_en_jp,driver japan
japan driving paper test,en,google_en_jp,driver japan
日本 包车 人数,zh,google_zh-CN_cn,日本 包车
日本 包车 旅行社,zh,google_zh-CN_cn,日本 包车
日本 旅行 包车,zh,google_zh-CN_cn,日本 包车
japanese bilingual financial manager jobs us,en,bing_en-JP,bilingual driver jobs japan
japan driving questions,en,google_en_jp,driver japan
japan driving quiz,en,google_en_jp,driver japan
driving test japan questions,en,google_en_jp,driver japan
japan driver's license test questions,en,google_en_jp,driver japan
qi4d driver japan,en,google_en_jp,driver japan
qi10 driver japan,en,google_en_jp,driver japan
qi35 driver japan,en,google_en_jp,driver japan
qi4d driver japan price,en,google_en_jp,driver japan
qi35 driver japan price,en,google_en_jp,driver japan
バイ・プレイヤー 意味,ja,bing_ja-JP,ハイヤー 英語
日本包车时间,zh,google_zh-CN_cn,日本 包车
日本包车司机小费,zh,google_zh-CN_cn,日本 包车
日本包车司机,zh,google_zh-CN_cn,日本 包车
日本包车司机薪水,zh,google_zh-CN_cn,日本 包车
日本 包车 白牌,zh,google_zh-CN_cn,日本 包车
日本 包车 接送,zh,google_zh-CN_cn,日本 包车
日本 包车 小费,zh,google_zh-CN_cn,日本 包车
日本 包车 神灯,zh,google_zh-CN_cn,日本 包车
日本 包车 小巴,zh,google_zh-CN_cn,日本 包车
driving japan reddit,en,google_en_jp,driver japan
driving japan review,en,google_en_jp,driver japan
driving japan rules,en,google_en_jp,driver japan
driver ratings japan,en,google_en_jp,driver japan
driver rental japan,en,google_en_jp,driver japan
driver rjk japan eu us,en,google_en_jp,driver japan
driver ratings japan 2026,en,google_en_jp,driver japan
japan driving rules for foreigners,en,google_en_jp,driver japan
driving range japan,en,google_en_jp,driver japan
日本 包车 公司 招司机累吗,zh,baidu,日本 包车 公司 招司机
japanese bilingual hiring work from home,en,bing_en-JP,bilingual driver jobs japan
日本包车推荐ptt,zh,google_zh-CN_cn,日本 包车
日本包车推荐,zh,google_zh-CN_cn,日本 包车
日本包车推荐2人,zh,google_zh-CN_cn,日本 包车
日本 包车 旅游,zh,google_zh-CN_cn,日本 包车
日本 包车 旅游 价格,zh,google_zh-CN_cn,日本 包车
日本 包车 旅游 推荐,zh,google_zh-CN_cn,日本 包车
日本 包车 机场,zh,google_zh-CN_cn,日本 包车
日本 包车 中文,zh,google_zh-CN_cn,日本 包车
日本 包车 司机,zh,google_zh-CN_cn,日本 包车
driving japan supra car game,en,google_en_jp,driver japan
driving japan signs,en,google_en_jp,driver japan
driving japan side,en,google_en_jp,driver japan
japan driver side,en,google_en_jp,driver japan
japan driver salary per month,en,google_en_jp,driver japan
japan driver seat left or right,en,google_en_jp,driver japan
japan driver seat,en,google_en_jp,driver japan
japan driver salary in indian rupees,en,google_en_jp,driver japan
driving japan tourist,en,google_en_jp,driver japan
driving japan translation,en,google_en_jp,driver japan
driving japan tokyo,en,google_en_jp,driver japan
driving japan tour,en,google_en_jp,driver japan
driving japan test,en,google_en_jp,driver japan
driving japan tips,en,google_en_jp,driver japan
japan driver test,en,google_en_jp,driver japan
japan driving test questions and answers pdf,en,google_en_jp,driver japan
japan driving test questions and answers,en,google_en_jp,driver japan
日本 包车 公司 招司机年龄要求,zh,baidu,日本 包车 公司 招司机
driving japan uk licence,en,google_en_jp,driver japan
driving japan us license,en,google_en_jp,driver japan
japan driving uk license,en,google_en_jp,driver japan
japan driving uk,en,google_en_jp,driver japan
japan driving u turn,en,google_en_jp,driver japan
taxi driver japan uniform,en,google_en_jp,driver japan
driving in japan us citizen,en,google_en_jp,driver japan
train driver uniform japan,en,google_en_jp,driver japan
bus driver uniform japan,en,google_en_jp,driver japan
uber driver japan,en,google_en_jp,driver japan
日本 包车 公司 招司机殴打乘客,zh,baidu,日本 包车 公司 招司机
japan driver vacancy,en,google_en_jp,driver japan
japan driver visa,en,google_en_jp,driver japan
japan driving visa,en,google_en_jp,driver japan
japan driving vs singapore,en,google_en_jp,driver japan
japan driving video,en,google_en_jp,driver japan
japan driving vs us,en,google_en_jp,driver japan
driver vacancy japanese company,en,google_en_jp,driver japan
japan driving violation,en,google_en_jp,driver japan
japan driving vocabulary,en,google_en_jp,driver japan
truck driver japan visa,en,google_en_jp,driver japan
japanese bilingual jobs near los angeles,en,bing_en-JP,bilingual driver jobs japan
日本包车小费多少,zh,google_zh-CN_cn,日本 包车
日本包车小费,zh,google_zh-CN_cn,日本 包车
日本包车小费ptt,zh,google_zh-CN_cn,日本 包车
日本包车需要给小费吗,zh,google_zh-CN_cn,日本 包车
日本包车行程,zh,google_zh-CN_cn,日本 包车
日本包车小团,zh,google_zh-CN_cn,日本 包车
日本 包 车 行程 规划,zh,google_zh-CN_cn,日本 包车
日本 包车 公司 招司机骗局套路,zh,baidu,日本 包车 公司 招司机
driving japan winter,en,google_en_jp,driver japan
driving japan which side,en,google_en_jp,driver japan
japan driver which side,en,google_en_jp,driver japan
japan driving written test practice,en,google_en_jp,driver japan
japan driving written test,en,google_en_jp,driver japan
japan driving wheel side,en,google_en_jp,driver japan
japan driving written test questions,en,google_en_jp,driver japan
japan driving work visa,en,google_en_jp,driver japan
japan driving which side of road,en,google_en_jp,driver japan
japan driving with us license,en,google_en_jp,driver japan
日本包车要给小费吗,zh,google_zh-CN_cn,日本 包车
日本包车一日游价格,zh,google_zh-CN_cn,日本 包车
日本包车一天,zh,google_zh-CN_cn,日本 包车
日本包车游,zh,google_zh-CN_cn,日本 包车
日本包车要注意什么,zh,google_zh-CN_cn,日本 包车
日本包车一日费用,zh,google_zh-CN_cn,日本 包车
japan xxio driver,en,google_en_jp,driver japan
japan xxio driver hd review,en,google_en_jp,driver japan
japan xxio driver hd price,en,google_en_jp,driver japan
is driving in japan difficult,en,google_en_jp,driver japan
is driving in japan easy,en,google_en_jp,driver japan
is it hard to drive in japan,en,google_en_jp,driver japan
日本 包车 公司 招司机求职,zh,baidu,日本 包车 公司 招司机
日本包车诈骗,zh,google_zh-CN_cn,日本 包车
日本包车自由行,zh,google_zh-CN_cn,日本 包车
日本包车怎么算,zh,google_zh-CN_cn,日本 包车
driving japan youtube,en,google_en_jp,driver japan
japan driving yellow line,en,google_en_jp,driver japan
japan young driver sticker,en,google_en_jp,driver japan
young driver japan,en,google_en_jp,driver japan
japan young driver fee,en,google_en_jp,driver japan
how to become a truck driver in japan,en,google_en_jp,driver japan
日本 包车 公司 招司机人吗,zh,baidu,日本 包车 公司 招司机
r/tタイヤとは,ja,bing_ja-JP,ハイヤー 英語
日本 包车 价格,zh,google_zh-CN_cn,日本 包车
日本包车价格 ptt,zh,google_zh-CN_cn,日本 包车
莱旅游 日本包车价格,zh,google_zh-CN_cn,日本 包车
driving zone japan,en,google_en_jp,driver japan
driving zone japan pro,en,google_en_jp,driver japan
driving zone japan game,en,google_en_jp,driver japan
japan driver jobs,en,google_en_jp,driver japan
japan driver jobs for foreigners,en,google_en_jp,driver japan
japan driver jobs for indian,en,google_en_jp,driver japan
japan driver jobs salary,en,google_en_jp,driver japan
japan driving job salary per month,en,google_en_jp,driver japan
japan driving job visa,en,google_en_jp,driver japan
train driver jobs japan,en,google_en_jp,driver japan
日本 包车 公司 招司机提成多少,zh,baidu,日本 包车 公司 招司机
日本 包车 东京,zh,google_zh-CN_cn,日本 包车
日本 东京 包车 推荐,zh,google_zh-CN_cn,日本 包车
日本 东京 包车 费用,zh,google_zh-CN_cn,日本 包车
remote japanese bilingual jobs,en,bing_en-JP,bilingual driver jobs japan
japanese bilingual remote job,en,bing_en-JP,bilingual driver jobs japan
japanese english bilingual jobs remote,en,bing_en-JP,bilingual driver jobs japan
japan driver hiring,en,google_en_jp,driver japan
japanese driver hiring,en,google_en_jp,driver japan
japan driver job salary,en,google_en_jp,driver japan
what driving jobs are hiring,en,google_en_jp,driver japan
hiring job in japan factory,en,google_en_jp,driver japan
private driver japan price,en,google_en_jp,driver japan
driver license japan price,en,google_en_jp,driver japan
elite driver japan price,en,google_en_jp,driver japan
zeztz driver japan price,en,google_en_jp,driver japan
driving school japan price,en,google_en_jp,driver japan
japan driver cost,en,google_en_jp,driver japan
callaway elyte driver japan price,en,google_en_jp,driver japan
ping g440 max driver japan price,en,google_en_jp,driver japan
driver tokyo japan,en,google_en_jp,driver japan
private driver japan tokyo,en,google_en_jp,driver japan
driving range japan tokyo,en,google_en_jp,driver japan
personal driver tokyo japan,en,google_en_jp,driver japan
日本 包车 公司 招司机违法吗,zh,baidu,日本 包车 公司 招司机
多言語 uni-voice,ja,bing_ja-JP,多言語 ドライバー 東京
日本司机工时,zh,google_zh-CN_cn,日本 司机
日本司机小费给多少,zh,google_zh-CN_cn,日本 司机
日本司机怎么称呼,zh,google_zh-CN_cn,日本 司机
日本司机薪水,zh,google_zh-CN_cn,日本 司机
日本司机激推 隐藏美食,zh,google_zh-CN_cn,日本 司机
日本司机工作时间,zh,google_zh-CN_cn,日本 司机
日本 司机 要 给 小费 吗,zh,google_zh-CN_cn,日本 司机
日本司机工作,zh,google_zh-CN_cn,日本 司机
日本司机签,zh,google_zh-CN_cn,日本 司机
日本司机特定技能,zh,google_zh-CN_cn,日本 司机
driving camp japan english,en,google_en_jp,driver japan
driving school japan english,en,google_en_jp,driver japan
driving test japan english,en,google_en_jp,driver japan
driving license japan english,en,google_en_jp,driver japan
driving book japan english,en,google_en_jp,driver japan
english translation of japanese driver's license,en,google_en_jp,driver japan
can i drive in japan with a uk license,en,google_en_jp,driver japan
日本 包车 公司 招司机需要多久,zh,baidu,日本 包车 公司 招司机
日本 老 司机 案 内 所,zh,google_zh-CN_cn,日本 司机
chinese driver japan,en,google_en_jp,driver japan
chinese driving laws,en,google_en_jp,driver japan
japanese driver symbols,en,google_en_jp,driver japan
日本 包车 公司 招司机有提成吗,zh,baidu,日本 包车 公司 招司机
日本 司机 帽,zh,google_zh-CN_cn,日本 司机
日本 计程车 司机 美食,zh,google_zh-CN_cn,日本 司机
日本 物流 司机 薪水,zh,google_zh-CN_cn,日本 司机
chauffeur tokyo,en,google_en_jp,chauffeur tokyo
chauffeur tokyo airport,en,google_en_jp,chauffeur tokyo
tokyo chauffeur service,en,google_en_jp,chauffeur tokyo
tokyo chauffeur service reviews,en,google_en_jp,chauffeur tokyo
tokyo chauffeur reviews,en,google_en_jp,chauffeur tokyo
tokyo chauffeur service price,en,google_en_jp,chauffeur tokyo
tokyo chauffeur service cost,en,google_en_jp,chauffeur tokyo
tokyo chauffeur company,en,google_en_jp,chauffeur tokyo
private chauffeur tokyo,en,google_en_jp,chauffeur tokyo
luxury chauffeur tokyo,en,google_en_jp,chauffeur tokyo
日本 包车 公司 招司机赚钱吗,zh,baidu,日本 包车 公司 招司机
tokyo drive anime,en,google_en_jp,chauffeur tokyo
tokyo driver apk,en,google_en_jp,chauffeur tokyo
tokyo airport chauffeur service,en,google_en_jp,chauffeur tokyo
chauffeur job description,en,google_en_jp,chauffeur tokyo
blacklane chauffeur jobs,en,google_en_jp,chauffeur tokyo
emirates chauffeur jobs,en,google_en_jp,chauffeur tokyo
long distance chauffeur jobs,en,google_en_jp,chauffeur tokyo
bilingual japanese job nyc,en,bing_en-JP,bilingual driver jobs japan
英語ハイヤー求人,ja,bing_ja-JP,ハイヤー 英語
日本 包车 公司 招司机 招聘信息,zh,baidu,日本 包车 公司 招司机
日本 包车 公司 招司机 招聘要求,zh,baidu,日本 包车 公司 招司机
日本 包车 公司 招司机 招聘是真的吗,zh,baidu,日本 包车 公司 招司机
blacklane chauffeur tokyo,en,google_en_jp,chauffeur tokyo
ハイヤー料金英語,ja,bing_ja-JP,ハイヤー 英語
日本 包车 公司 招司机 价格多少,zh,baidu,日本 包车 公司 招司机
日本 包车 公司 招司机 价格高吗,zh,baidu,日本 包车 公司 招司机
jobs for bilingual people,en,bing_en-JP,bilingual driver jobs japan
diver city tokyo,en,google_en_jp,chauffeur tokyo
diver city tokyo plaza,en,google_en_jp,chauffeur tokyo
tokyo driver club,en,google_en_jp,chauffeur tokyo
tokyo driver car club,en,google_en_jp,chauffeur tokyo
chauffeur or chauffer,en,google_en_jp,chauffeur tokyo
バイヤーズ・ガイド,ja,bing_ja-JP,ハイヤー 英語
日本 包车 公司 招司机 介绍信,zh,baidu,日本 包车 公司 招司机
日本旅游包车,zh,baidu,日本 包车 公司 招司机
日本黄包车收入,zh,baidu,日本 包车 公司 招司机
driver tokyo drift,en,google_en_jp,chauffeur tokyo
emirates chauffeur drive tokyo,en,google_en_jp,chauffeur tokyo
chauffeur driver tokyo,en,google_en_jp,chauffeur tokyo
chauffeur driven cars near me,en,google_en_jp,chauffeur tokyo
dubai chauffeur jobs,en,google_en_jp,chauffeur tokyo
job description for chauffeur driver,en,google_en_jp,chauffeur tokyo
都市型ハイヤー その他 ハイヤー 違い,ja,bing_ja-JP,ハイヤー 英語
bilingual entry level jobs,en,bing_en-JP,bilingual driver jobs japan
日本 司机 外国 人,zh,google_zh-CN_cn,日本 司机
日本 司机 激 推 隐藏 美食 福冈,zh,google_zh-CN_cn,日本 司机
日本 司机 激 推 隐藏 美食,zh,google_zh-CN_cn,日本 司机
日本 司机 特定 技能,zh,google_zh-CN_cn,日本 司机
日本 司机 特定 技能 考试,zh,google_zh-CN_cn,日本 司机
日本 包 车 司机 午餐,zh,google_zh-CN_cn,日本 司机
日本 包车 公司 招司机 东京工作,zh,baidu,日本 包车 公司 招司机
日本东京包车价格,zh,baidu,日本 包车 公司 招司机
emirates chauffeur tokyo,en,google_en_jp,chauffeur tokyo
etihad chauffeur tokyo,en,google_en_jp,chauffeur tokyo
emirates chauffeur tokyo narita,en,google_en_jp,chauffeur tokyo
how fast can you drive in tokyo,en,google_en_jp,chauffeur tokyo
日本 司机 服装,zh,google_zh-CN_cn,日本 司机
日本 司机 麻疹,zh,google_zh-CN_cn,日本 司机
日本 出租 车 司机 平均 年龄,zh,google_zh-CN_cn,日本 司机
日本 火车 司机 薪水,zh,google_zh-CN_cn,日本 司机
日本 北海道 司机,zh,google_zh-CN_cn,日本 司机
日本 一 日 司机,zh,google_zh-CN_cn,日本 司机
日本 火车 司机,zh,google_zh-CN_cn,日本 司机
日本 租车 附 司机,zh,google_zh-CN_cn,日本 司机
放鸟 日本 司机,zh,google_zh-CN_cn,日本 司机
driver from tokyo to mt fuji,en,google_en_jp,chauffeur tokyo
driver from tokyo to kyoto,en,google_en_jp,chauffeur tokyo
driver from tokyo to hakone,en,google_en_jp,chauffeur tokyo
driver from tokyo airport to hotel,en,google_en_jp,chauffeur tokyo
driver from tokyo to osaka,en,google_en_jp,chauffeur tokyo
driver for tokyo,en,google_en_jp,chauffeur tokyo
tokyo driver for a day,en,google_en_jp,chauffeur tokyo
tokyo driver for hire,en,google_en_jp,chauffeur tokyo
driver from tokyo to hakuba,en,google_en_jp,chauffeur tokyo
tokyo driver fast and furious,en,google_en_jp,chauffeur tokyo
日本司机工资一般多少,zh,baidu,日本 包车 公司 招司机
日本劳务司机招聘网站,zh,baidu,日本 包车 公司 招司机
去日本做司机工资高吗,zh,baidu,日本 包车 公司 招司机
日本招中国司机要求,zh,baidu,日本 包车 公司 招司机
driving schools in tokyo with english support,en,bing_en-JP,bilingual driver jobs japan
日本 计程车 司机 写 板子,zh,google_zh-CN_cn,日本 司机
tokyo driver game,en,google_en_jp,chauffeur tokyo
英語 運転手,ja,bing_ja-JP,英語 運転手
運転手英語,ja,bing_ja-JP,英語 運転手
電車の運転手英語,ja,bing_ja-JP,英語 運転手
手動運転英語,ja,bing_ja-JP,英語 運転手
英語で運転手,ja,bing_ja-JP,英語 運転手
運転手に聞きましたか英語,ja,bing_ja-JP,英語 運転手
お抱え運転手英語,ja,bing_ja-JP,英語 運転手
トラック運転手英語,ja,bing_ja-JP,英語 運転手
日本 包车 公司 招司机 兼职吗,zh,baidu,日本 包车 公司 招司机
日本 包车 公司 招司机 兼职是真的吗,zh,baidu,日本 包车 公司 招司机
日本 包车 公司 招司机 兼职可靠吗,zh,baidu,日本 包车 公司 招司机
日本 jr 司机 薪水,zh,google_zh-CN_cn,日本 司机
日本 jr 司机,zh,google_zh-CN_cn,日本 司机
bilingual spanish and english jobs,en,bing_en-JP,bilingual driver jobs japan
driver hire tokyo,en,google_en_jp,chauffeur tokyo
emirates chauffeur service distance,en,google_en_jp,chauffeur tokyo
is chauffeur a good job,en,google_en_jp,chauffeur tokyo
英語運転手,ja,bing_ja-JP,英語 運転手
英語で運動、動き,ja,bing_ja-JP,英語 運転手
運動、動き英語で,ja,bing_ja-JP,英語 運転手
日本 包车 公司 招司机 公司员工吗,zh,baidu,日本 包车 公司 招司机
日本 包车 公司 招司机 公司怎么样,zh,baidu,日本 包车 公司 招司机
日本 包车 公司 招司机 公司是真的吗,zh,baidu,日本 包车 公司 招司机
日本 司机 工资,zh,google_zh-CN_cn,日本 司机
日本 司机 工作,zh,google_zh-CN_cn,日本 司机
日本 司机 工作 时 数,zh,google_zh-CN_cn,日本 司机
日本 司机 休息,zh,google_zh-CN_cn,日本 司机
日本 司机 工 时,zh,google_zh-CN_cn,日本 司机
日本 司机 工作 时间,zh,google_zh-CN_cn,日本 司机
日本 卡车 司机 工资,zh,google_zh-CN_cn,日本 司机
日本 出租 车 司机 工资,zh,google_zh-CN_cn,日本 司机
日本 公交 车 司机 工资,zh,google_zh-CN_cn,日本 司机
日本 巴士 司机 工资,zh,google_zh-CN_cn,日本 司机
chinese english bilingual jobs,en,bing_en-JP,bilingual driver jobs japan
chinese bilingual jobs near me,en,bing_en-JP,bilingual driver jobs japan
中国語 広東語 北京語 上海語,ja,bing_ja-JP,多言語 ドライバー 東京
中国語 北京語 広東語 上海語 台湾語,ja,bing_ja-JP,多言語 ドライバー 東京
中国語 広東語 北京語 台湾語,ja,bing_ja-JP,多言語 ドライバー 東京
chauffeur in tokyo,en,google_en_jp,chauffeur tokyo
driver in tokyo,en,google_en_jp,chauffeur tokyo
chauffeur service in tokyo,en,google_en_jp,chauffeur tokyo
private chauffeur in tokyo,en,google_en_jp,chauffeur tokyo
can you drive in tokyo,en,google_en_jp,chauffeur tokyo
best chauffeur tours in tokyo,en,bing_en-JP,chauffeur jobs tokyo english
high end chauffeur tours of tokyo,en,bing_en-JP,chauffeur jobs tokyo english
best chauffeur tours in japan,en,bing_en-JP,chauffeur jobs tokyo english
chauffeur service in london,en,bing_en-JP,chauffeur jobs tokyo english
chauffeur service in toronto,en,bing_en-JP,chauffeur jobs tokyo english
chauffeur meaning in telugu,en,bing_en-JP,chauffeur jobs tokyo english
chauffeur service in london for executive,en,bing_en-JP,chauffeur jobs tokyo english
chauffeur services in london for business,en,bing_en-JP,chauffeur jobs tokyo english
what is a chauffeur,en,bing_en-JP,chauffeur jobs tokyo english
ドライバー ★,ja,bing_ja-JP,登録ドライバー ハイヤー
レシーバー&ドライヤー,ja,bing_ja-JP,登録ドライバー ハイヤー
ドライバー #1,ja,bing_ja-JP,登録ドライバー ハイヤー
日本包车一天多少钱,zh,baidu,日本 包车
日本包车一天10小时多少钱啊,zh,baidu,日本 包车
日本包车游哪个平台好,zh,baidu,日本 包车
日本包车一般都是什么价格,zh,baidu,日本 包车
日本包车,zh,baidu,日本 包车
日本包车平台,zh,baidu,日本 包车
日本包车10大忠告,zh,baidu,日本 包车
日本包车平台app,zh,baidu,日本 包车
日本包车一日游的价格,zh,baidu,日本 包车
日本包车图片,zh,baidu,日本 包车
driver tokyo japan,en,google_en_jp,chauffeur tokyo
chauffeur service tokyo japan,en,google_en_jp,chauffeur tokyo
tokyo driver japanese movie,en,google_en_jp,chauffeur tokyo
driver jobs tokyo,en,google_en_jp,chauffeur tokyo
tokyo japan chauffeur,en,google_en_jp,chauffeur tokyo
driving jobs in japan for foreigners,en,google_en_jp,chauffeur tokyo
average japanese salary in tokyo,en,google_en_jp,chauffeur tokyo
average salary of taxi driver in japan,en,google_en_jp,chauffeur tokyo
what jobs are good in japan,en,google_en_jp,chauffeur tokyo
driver 運転手英語,ja,bing_ja-JP,英語 運転手
運転免許証 英訳 テンプレート word,ja,bing_ja-JP,英語 運転手
tokyo driver kitagawa yasushi,en,google_en_jp,chauffeur tokyo
日本包车联系方式,zh,baidu,日本 包车
日本旅游包车,zh,baidu,日本 包车
tokyo driver's license center,en,google_en_jp,chauffeur tokyo
tokyo driver's license,en,google_en_jp,chauffeur tokyo
tokyo driver's license conversion,en,google_en_jp,chauffeur tokyo
driver lounge tokyo,en,google_en_jp,chauffeur tokyo
tokyo driver license translation,en,google_en_jp,chauffeur tokyo
driver level tokyo xtreme racer,en,google_en_jp,chauffeur tokyo
tokyo driver libro,en,google_en_jp,chauffeur tokyo
日本包车白牌绿牌,zh,baidu,日本 包车
日本包车白牌有风险吗,zh,baidu,日本 包车
日本包车白牌和绿牌的区别价格差多少,zh,baidu,日本 包车
chauffeur service in london for corporate,en,bing_en-JP,chauffeur jobs tokyo english
chauffeur service in london for business,en,bing_en-JP,chauffeur jobs tokyo english
chauffeur new york city,en,bing_en-JP,chauffeur jobs tokyo english
who is a chauffeur,en,bing_en-JP,chauffeur jobs tokyo english
type-c ドライバー,ja,bing_ja-JP,登録ドライバー ハイヤー
c&cドライバー,ja,bing_ja-JP,登録ドライバー ハイヤー
tokyo driver movie,en,google_en_jp,chauffeur tokyo
maybach chauffeur tokyo,en,google_en_jp,chauffeur tokyo
日本 司机 收入,zh,google_zh-CN_cn,日本 司机
日本 出租 车 司机 收入,zh,google_zh-CN_cn,日本 司机
日本 卡车 司机 收入,zh,google_zh-CN_cn,日本 司机
日本 公交 车 司机 收入,zh,google_zh-CN_cn,日本 司机
日本 货车 司机 收入,zh,google_zh-CN_cn,日本 司机
日本 出租 车 司机 月 收入,zh,google_zh-CN_cn,日本 司机
日本 的 士 司机 收入,zh,google_zh-CN_cn,日本 司机
日本 公车 司机 说 什么,zh,google_zh-CN_cn,日本 司机
日本 uber 司机 收入,zh,google_zh-CN_cn,日本 司机
日本 外籍 公车 司机,zh,google_zh-CN_cn,日本 司机
日本包车车牌,zh,baidu,日本 包车
日本包车车型,zh,baidu,日本 包车
日本包车价格,zh,baidu,日本 包车
chauffeur service in london for tour,en,bing_en-JP,chauffeur jobs tokyo english
英語 運動、動き,ja,bing_ja-JP,英語 運転手
b&d ドライバー,ja,bing_ja-JP,登録ドライバー ハイヤー
nyc chauffeur jobs,en,google_en_jp,chauffeur tokyo
日本包车多少钱一天,zh,baidu,日本 包车
日本包车大巴,zh,baidu,日本 包车
日本包车东京至箱根费用是多少钱,zh,baidu,日本 包车
インバウンド ドライバー,ja,google_ja_jp,インバウンド ドライバー
インバウンド ドライバー募集,ja,google_ja_jp,インバウンド ドライバー
インバウンド ドライバー 求人,ja,google_ja_jp,インバウンド ドライバー
インバウンド バス ドライバー 求人,ja,google_ja_jp,インバウンド ドライバー
インバウンド バス ドライバー,ja,google_ja_jp,インバウンド ドライバー
インバウンド 送迎 ドライバー,ja,google_ja_jp,インバウンド ドライバー
インバウンド 観光 ドライバー,ja,google_ja_jp,インバウンド ドライバー
インバウンド 向け ドライバー,ja,google_ja_jp,インバウンド ドライバー
タクシー ドライバー インバウンド,ja,google_ja_jp,インバウンド ドライバー
family chauffeur jobs london,en,bing_en-JP,chauffeur jobs tokyo english
日本包车儿童要安全座椅吗,zh,baidu,日本 包车
東京までの電車は速いです。 英語,ja,bing_ja-JP,英語 運転手
運転免許証 英訳 テンプレート ダウンロード,ja,bing_ja-JP,英語 運転手
有限会社f・バイヤー,ja,bing_ja-JP,登録ドライバー ハイヤー
driver plaza tokyo,en,google_en_jp,chauffeur tokyo
tokyo private chauffeur driving sightseeing tour,en,google_en_jp,chauffeur tokyo
chauffeur prive tokyo,en,google_en_jp,chauffeur tokyo
日本 旅行 司机,zh,google_zh-CN_cn,日本 司机
日本 老 司机 地图,zh,google_zh-CN_cn,日本 司机
日本 旅行 团 司机 小费,zh,google_zh-CN_cn,日本 司机
日本 列车 司机,zh,google_zh-CN_cn,日本 司机
chauffeur jobs in london,en,bing_en-JP,chauffeur jobs tokyo english
chauffeur new york jobs,en,bing_en-JP,chauffeur jobs tokyo english
the chauffeur group london,en,bing_en-JP,chauffeur jobs tokyo english
chauffeur service in london for airport,en,bing_en-JP,chauffeur jobs tokyo english
日本包车费用,zh,baidu,日本 包车
日本包车服务软件,zh,baidu,日本 包车
日本包车费用明细,zh,baidu,日本 包车
g-gear ドライバー,ja,bing_ja-JP,登録ドライバー ハイヤー
the-g ドライバー,ja,bing_ja-JP,登録ドライバー ハイヤー
日本 司机 招聘,zh,google_zh-CN_cn,日本 司机
日本 司机 手套,zh,google_zh-CN_cn,日本 司机
日本 司机 小费 要 给 多少,zh,google_zh-CN_cn,日本 司机
日本 司机 称呼,zh,google_zh-CN_cn,日本 司机
日本 司机 薪水,zh,google_zh-CN_cn,日本 司机
日本 司机 白 手套,zh,google_zh-CN_cn,日本 司机
日本 司机 接送,zh,google_zh-CN_cn,日本 司机
日本 司机 左右,zh,google_zh-CN_cn,日本 司机
日本 司机 制服,zh,google_zh-CN_cn,日本 司机
日本 司机 下班 时间,zh,google_zh-CN_cn,日本 司机
driver rental tokyo,en,google_en_jp,chauffeur tokyo
is there uber in tokyo,en,google_en_jp,chauffeur tokyo
how much does it cost to rent a car in tokyo,en,google_en_jp,chauffeur tokyo
日本包车公司,zh,baidu,日本 包车
日本 包车,zh,baidu,日本 包车
日本自由行包车攻略,zh,baidu,日本 包车
日本黄包车收入,zh,baidu,日本 包车
日本 司机 年龄,zh,google_zh-CN_cn,日本 司机
日本 司机 月薪,zh,google_zh-CN_cn,日本 司机
日本 司机 超 时,zh,google_zh-CN_cn,日本 司机
日本 司机 包 车,zh,google_zh-CN_cn,日本 司机
日本 包 车 司机 住宿,zh,google_zh-CN_cn,日本 司机
日本 的 士 司机 年龄,zh,google_zh-CN_cn,日本 司机
日本 当 司机,zh,google_zh-CN_cn,日本 司机
日本 地陷 司机,zh,google_zh-CN_cn,日本 司机
i-air ドライヤー,ja,bing_ja-JP,登録ドライバー ハイヤー
tokyo driver service,en,google_en_jp,chauffeur tokyo
tokyo driver song,en,google_en_jp,chauffeur tokyo
tokyo driver side,en,google_en_jp,chauffeur tokyo
emirates chauffeur service tokyo,en,google_en_jp,chauffeur tokyo
luxury chauffeur service tokyo,en,google_en_jp,chauffeur tokyo
best chauffeur service tokyo,en,google_en_jp,chauffeur tokyo
日本包商务车的出租车公司有哪些,zh,baidu,日本 包车
日本打车收费,zh,baidu,日本 包车
日本租车带司机,zh,baidu,日本 包车
去日本旅游包车一天多少钱,zh,baidu,日本 包车
日本合法租车攻略,zh,baidu,日本 包车
日本大阪包车费用,zh,baidu,日本 包车
在日本坐黄包车多少钱,zh,baidu,日本 包车
日本打车,zh,baidu,日本 包车
日本 司机 上班 时间,zh,google_zh-CN_cn,日本 司机
日本 uber 司机,zh,google_zh-CN_cn,日本 司机
日本 计程车 司机 写 什么,zh,google_zh-CN_cn,日本 司机
日本 计程车 司机 写 东西,zh,google_zh-CN_cn,日本 司机
私は運転しませんが、母は毎日運転します 英語,ja,bing_ja-JP,英語 運転手
j.ドライヤー,ja,bing_ja-JP,登録ドライバー ハイヤー
j・ドライヤー,ja,bing_ja-JP,登録ドライバー ハイヤー
j's ドライバー,ja,bing_ja-JP,登録ドライバー ハイヤー
tokyo driver tour,en,google_en_jp,chauffeur tokyo
is uber expensive in japan,en,google_en_jp,chauffeur tokyo
tokio vs tokyo,en,google_en_jp,chauffeur tokyo
cast destination tokyo,en,google_en_jp,chauffeur tokyo
認証ライバー さちsmile🌹🍀🌈,ja,bing_ja-JP,登録ドライバー ハイヤー
ライバー さちsmile🌹🍀🌈,ja,bing_ja-JP,登録ドライバー ハイヤー
ドライバー #2,ja,bing_ja-JP,登録ドライバー ハイヤー
tokyo vip chauffeur,en,google_en_jp,chauffeur tokyo
driving a rental car in japan,en,google_en_jp,chauffeur tokyo
what cars are used as taxis in japan,en,google_en_jp,chauffeur tokyo
m.2 ドライバー,ja,bing_ja-JP,登録ドライバー ハイヤー
m&m プライヤー,ja,bing_ja-JP,登録ドライバー ハイヤー
日本 游览 车 司机 工作 时间,zh,google_zh-CN_cn,日本 司机
日本 游览 车 司机 薪水,zh,google_zh-CN_cn,日本 司机
日本 游览 车 司机 工 时,zh,google_zh-CN_cn,日本 司机
日本 游览 车 司机 小费,zh,google_zh-CN_cn,日本 司机
日本 游览 车 司机 规定,zh,google_zh-CN_cn,日本 司机
日本 公车 司机 山路,zh,google_zh-CN_cn,日本 司机
日本 游览 车 司机,zh,google_zh-CN_cn,日本 司机
司机 有 落 日本,zh,google_zh-CN_cn,日本 司机
日本包车旅游,zh,baidu,日本 包车
日本包车绿牌白牌区别,zh,baidu,日本 包车
ドライバー no.1,ja,bing_ja-JP,登録ドライバー ハイヤー
ドライバー no.2,ja,bing_ja-JP,登録ドライバー ハイヤー
日本 的 士 司机 人工,zh,google_zh-CN_cn,日本 司机
日本 旅游 巴 司机 人工,zh,google_zh-CN_cn,日本 司机
日本 自由 行 司机,zh,google_zh-CN_cn,日本 司机
日本 计程车 司机 都 在 写 什么,zh,google_zh-CN_cn,日本 司机
日本 计程车 司机 在 写 什么,zh,google_zh-CN_cn,日本 司机
日本 巴士 司机 人工,zh,google_zh-CN_cn,日本 司机
日本包车摩托,zh,baidu,日本 包车
日本包车名片,zh,baidu,日本 包车
オーバー-ドライブ,ja,bing_ja-JP,登録ドライバー ハイヤー
ドライバー pat.p,ja,bing_ja-JP,登録ドライバー ハイヤー
common jobs in tokyo,en,google_en_jp,chauffeur tokyo
日本 东京 租车 连 司机,zh,google_zh-CN_cn,日本 司机
運動、動き、英語,ja,bing_ja-JP,英語 運転手
運動、動き英語,ja,bing_ja-JP,英語 運転手
日本包车软件,zh,baidu,日本 包车
东京司机,zh,google_zh-CN_cn,东京 司机
东京司机 木村拓哉,zh,google_zh-CN_cn,东京 司机
东京司机 电影,zh,google_zh-CN_cn,东京 司机
东京 司机 木村,zh,google_zh-CN_cn,东京 司机
东京 出租 车 司机,zh,google_zh-CN_cn,东京 司机
东京 出租 车 司机 电影,zh,google_zh-CN_cn,东京 司机
东京 出租 车 司机 收入,zh,google_zh-CN_cn,东京 司机
东京 出租 司机,zh,google_zh-CN_cn,东京 司机
东京 租车 连 司机,zh,google_zh-CN_cn,东京 司机
司机才知道日本最强隐藏美食 东京,zh,google_zh-CN_cn,东京 司机
v class chauffeur hire london,en,bing_en-JP,chauffeur jobs tokyo english
日本包车司机会和你一起用餐吗,zh,baidu,日本 包车
英語転職.com,ja,bing_ja-JP,英語 運転手
chauffeur japan,en,google_en_jp,chauffeur japan
chauffeur japanese,en,google_en_jp,chauffeur japan
japan chauffeur service,en,google_en_jp,chauffeur japan
japanese chauffeur car,en,google_en_jp,chauffeur japan
japanese chauffeur service,en,google_en_jp,chauffeur japan
japan chauffeur car,en,google_en_jp,chauffeur japan
japanese chauffeur hat,en,google_en_jp,chauffeur japan
private chauffeur japan,en,google_en_jp,chauffeur japan
emirates chauffeur japan,en,google_en_jp,chauffeur japan
chauffeur driver japan,en,google_en_jp,chauffeur japan
chauffeur new york airport,en,bing_en-JP,chauffeur jobs tokyo english
chauffeur new york service,en,bing_en-JP,chauffeur jobs tokyo english
driver age japan,en,google_en_jp,chauffeur japan
japan driver association,en,google_en_jp,chauffeur japan
japan driver app,en,google_en_jp,chauffeur japan
japan airlines chauffeur service,en,google_en_jp,chauffeur japan
japan airport chauffeur,en,google_en_jp,chauffeur japan
can i drive in japan with a us license,en,google_en_jp,chauffeur japan
can foreigners drive in japan,en,google_en_jp,chauffeur japan
chauffeur job description,en,google_en_jp,chauffeur japan
日本包车网站,zh,baidu,日本 包车
日本包车文案怎么写,zh,baidu,日本 包车
日本包车文案,zh,baidu,日本 包车
日本包车文案高级简短,zh,baidu,日本 包车
japan driver badges,en,google_en_jp,chauffeur japan
japan driver booking,en,google_en_jp,chauffeur japan
driver bus japan,en,google_en_jp,chauffeur japan
blacklane chauffeur japan,en,google_en_jp,chauffeur japan
chauffeur b jobs,en,google_en_jp,chauffeur japan
chauffeur jobs in jamaica,en,google_en_jp,chauffeur japan
blacklane chauffeur jobs,en,google_en_jp,chauffeur japan
zy-max ドライバー,ja,bing_ja-JP,登録ドライバー ハイヤー
z-tx ドライバー,ja,bing_ja-JP,登録ドライバー ハイヤー
chauffeur jobs near me,en,bing_en-JP,chauffeur jobs tokyo english
chauffeur jobs in manchester,en,bing_en-JP,chauffeur jobs tokyo english
driver japan company limited,en,google_en_jp,chauffeur japan
driver cover japan,en,google_en_jp,chauffeur japan
diver city japan,en,google_en_jp,chauffeur japan
driver car japan,en,google_en_jp,chauffeur japan
japan driver company,en,google_en_jp,chauffeur japan
japan driver cost,en,google_en_jp,chauffeur japan
japan driver cards mercedes,en,google_en_jp,chauffeur japan
求人 ネットスーパー 配達 ドライバー,ja,bing_ja-JP,登録ドライバー ハイヤー
東京都 ドライバー 求人 正社員,ja,bing_ja-JP,登録ドライバー ハイヤー
横浜市 ドライバー 求人 正社員,ja,bing_ja-JP,登録ドライバー ハイヤー
ドライバー 求人 東京 正社員,ja,bing_ja-JP,登録ドライバー ハイヤー
ドライバ― 募集,ja,bing_ja-JP,登録ドライバー ハイヤー
ドライバ― 求人,ja,bing_ja-JP,登録ドライバー ハイヤー
ドライバ― 求人 神奈川,ja,bing_ja-JP,登録ドライバー ハイヤー
how to hire a chauffeur,en,bing_en-JP,chauffeur jobs tokyo english
chauffeur near me hiring,en,bing_en-JP,chauffeur jobs tokyo english
chauffeur jobs near me full time,en,bing_en-JP,chauffeur jobs tokyo english
can tourists drive in japan,en,google_en_jp,chauffeur japan
job description for chauffeur driver,en,google_en_jp,chauffeur japan
日本包车一天多少费用?,zh,baidu,日本 包车
日本包车游一天多少钱,zh,baidu,日本 包车
日本包车游,zh,baidu,日本 包车
日本包车游费用大约,zh,baidu,日本 包车
日本包车游平台推荐,zh,baidu,日本 包车
日本包车一天多少钱人民币,zh,baidu,日本 包车
神奈川 土日休み 大型ドライバー 求人,ja,bing_ja-JP,登録ドライバー ハイヤー
広島 運転手 ドライバー 求人,ja,bing_ja-JP,登録ドライバー ハイヤー
ドライバ―募集,ja,bing_ja-JP,登録ドライバー ハイヤー
ドライバ― 転職,ja,bing_ja-JP,登録ドライバー ハイヤー
運動、動き 英語,ja,bing_ja-JP,英語 運転手
自転車」を意味する英単語,ja,bing_ja-JP,英語 運転手
how much is a chauffeur,en,bing_en-JP,chauffeur jobs tokyo english
how much does a chauffeur cost uk,en,bing_en-JP,chauffeur jobs tokyo english
top 10 chauffeur company in london,en,bing_en-JP,chauffeur jobs tokyo english
uk london chauffeur reviews,en,bing_en-JP,chauffeur jobs tokyo english
japan driver exam,en,google_en_jp,chauffeur japan
can i drive in japan with international license,en,google_en_jp,chauffeur japan
自転車 に乗る 中国語 コピペ,ja,bing_ja-JP,英語 運転手
日本包车主图,zh,baidu,日本 包车
driver japan fourteen,en,google_en_jp,chauffeur japan
driver japan film,en,google_en_jp,chauffeur japan
japan driver f1,en,google_en_jp,chauffeur japan
japan driver for hire,en,google_en_jp,chauffeur japan
driver for japan,en,google_en_jp,chauffeur japan
japan driver for a day,en,google_en_jp,chauffeur japan
is uber expensive in japan,en,google_en_jp,chauffeur japan
driving jobs in japan for foreigners,en,google_en_jp,chauffeur japan
英語 ドライバー,ja,bing_ja-JP,英語 ドライバー
英語 ドライバー 求人,ja,bing_ja-JP,英語 ドライバー
英語 ドライバーの先端のネジ,ja,bing_ja-JP,英語 ドライバー
英語ドライバー募集 六本木,ja,bing_ja-JP,英語 ドライバー
プラスドライバー英語,ja,bing_ja-JP,英語 ドライバー
マイナスドライバー英語,ja,bing_ja-JP,英語 ドライバー
ドライバー工具英語,ja,bing_ja-JP,英語 ドライバー
ドライバー英語工具,ja,bing_ja-JP,英語 ドライバー
電動ドライバー英語,ja,bing_ja-JP,英語 ドライバー
精密ドライバー英語,ja,bing_ja-JP,英語 ドライバー
日本 包车 招聘信息,zh,baidu,日本 包车
日本 包车 招聘网站,zh,baidu,日本 包车
日本 包车 招聘信息网,zh,baidu,日本 包车
driver japan golf,en,google_en_jp,chauffeur japan
japan driver guide,en,google_en_jp,chauffeur japan
運転 講習 ペーパードライバー 東京,ja,bing_ja-JP,登録ドライバー ハイヤー
meaning of chauffeur in english,en,bing_en-JP,chauffeur jobs tokyo english
ペーパードライバー英語,ja,bing_ja-JP,英語 ドライバー
インパクトドライバー英語,ja,bing_ja-JP,英語 ドライバー
ドライバー ★,ja,bing_ja-JP,英語 ドライバー
トライ&エラー 英語,ja,bing_ja-JP,英語 ドライバー
パソコンの「ドライバー」って何,ja,bing_ja-JP,英語 ドライバー
日本 包车 价格多少,zh,baidu,日本 包车
日本 包车 价格多少钱,zh,baidu,日本 包车
日本 包车 价格查询,zh,baidu,日本 包车
japan driver headcover,en,google_en_jp,chauffeur japan
japan driver hire,en,google_en_jp,chauffeur japan
japan driver handbook,en,google_en_jp,chauffeur japan
driver head japan,en,google_en_jp,chauffeur japan
japan holiday chauffeur service,en,google_en_jp,chauffeur japan
japan holiday chauffeur,en,google_en_jp,chauffeur japan
is it easy to drive in japan,en,google_en_jp,chauffeur japan
东京 司机 木村 拓哉,zh,google_zh-CN_cn,东京 司机
b-limited b1 ドライバー,ja,bing_ja-JP,英語 ドライバー
b&d ドライバー,ja,bing_ja-JP,英語 ドライバー
usb-b ドライバ,ja,bing_ja-JP,英語 ドライバー
日本 包车 介绍视频,zh,baidu,日本 包车
日本 包车 介绍ppt,zh,baidu,日本 包车
日本 包车 介绍图片,zh,baidu,日本 包车
chauffeur in japan,en,google_en_jp,chauffeur japan
chauffeur in japanese,en,google_en_jp,chauffeur japan
driver in japan,en,google_en_jp,chauffeur japan
driver in japan salary,en,google_en_jp,chauffeur japan
driver in japan hiring,en,google_en_jp,chauffeur japan
japan drive on left or right,en,google_en_jp,chauffeur japan
chauffeur service in japan,en,google_en_jp,chauffeur japan
private chauffeur in japan,en,google_en_jp,chauffeur japan
chauffeur companies in japan,en,google_en_jp,chauffeur japan
japan driving test in english,en,bing_en-JP,english driver japan
japanese driving test in english,en,bing_en-JP,english driver japan
japan driving license test in english,en,bing_en-JP,english driver japan
driving-japan,en,bing_en-JP,english driver japan
japanese driver's license,en,bing_en-JP,english driver japan
japanese driver's license translation,en,bing_en-JP,english driver japan
japan driver license translation,en,bing_en-JP,english driver japan
english driving school in japan,en,bing_en-JP,english driver japan
international drivers license japan,en,bing_en-JP,english driver japan
uk driver in japan,en,bing_en-JP,english driver japan
driving in japan as a uk driver,en,bing_en-JP,english driver japan
personal driver in japan,en,bing_en-JP,english driver japan
c&cドライバーとは,ja,bing_ja-JP,英語 ドライバー
c&cドライバー,ja,bing_ja-JP,英語 ドライバー
c:ドライブとは,ja,bing_ja-JP,英語 ドライバー
c: ドライブ,ja,bing_ja-JP,英語 ドライバー
driver japan job,en,google_en_jp,chauffeur japan
japan driver job vacancy,en,google_en_jp,chauffeur japan
japan driver jobs for foreigners,en,google_en_jp,chauffeur japan
japan driver jobs for indian,en,google_en_jp,chauffeur japan
japan driver job salary,en,google_en_jp,chauffeur japan
japan driver job vacancy for indian,en,google_en_jp,chauffeur japan
日本 包车 东京价格多少,zh,baidu,日本 包车
日本 包车 东京多少钱?,zh,baidu,日本 包车
东京包车一天多少钱,zh,baidu,日本 包车
东京 的 士 司机 线上 看,zh,google_zh-CN_cn,东京 司机
东京 计程车 司机 线上 看,zh,google_zh-CN_cn,东京 司机
japan driving license test book in english,en,bing_en-JP,english driver japan
japan international driver's license,en,bing_en-JP,english driver japan
d :ドライブ,ja,bing_ja-JP,英語 ドライバー
d ドライブ e ドライブ違い,ja,bing_ja-JP,英語 ドライバー
d-driveとは,ja,bing_ja-JP,英語 ドライバー
ドライバー d1 d2 の違い,ja,bing_ja-JP,英語 ドライバー
usb ドライブ d と e の違い,ja,bing_ja-JP,英語 ドライバー
windows11 の d ドライブとは何ですか,ja,bing_ja-JP,英語 ドライバー
dr.driveとは,ja,bing_ja-JP,英語 ドライバー
e-driveとは,ja,bing_ja-JP,英語 ドライバー
e-better ドライバ,ja,bing_ja-JP,英語 ドライバー
private driver in japan,en,bing_en-JP,english driver japan
j & b drivers ltd,en,bing_en-JP,english driver japan
日本 包车 英语怎么说,zh,baidu,日本 包车
日本 包车 英语翻译,zh,baidu,日本 包车
包车日语怎么说,zh,baidu,日本 包车
japan driver's license conversion restrictions,en,google_en_jp,chauffeur japan
japan driver's license,en,google_en_jp,chauffeur japan
japan driver license translation,en,google_en_jp,chauffeur japan
japan driver license test,en,google_en_jp,chauffeur japan
driver lounge japan,en,google_en_jp,chauffeur japan
japan driver's license conversion,en,google_en_jp,chauffeur japan
japan driver license age,en,google_en_jp,chauffeur japan
japan driver's license reciprocity us states,en,google_en_jp,chauffeur japan
japan driver's license for foreigners,en,google_en_jp,chauffeur japan
japan driver license international,en,google_en_jp,chauffeur japan
东京 的 士 司机 收入,zh,google_zh-CN_cn,东京 司机
f ドライブを e ドライブに,ja,bing_ja-JP,英語 ドライバー
usb ドライブ e と f の違い,ja,bing_ja-JP,英語 ドライバー
i/fドライバ,ja,bing_ja-JP,英語 ドライバー
f-1ドライバー,ja,bing_ja-JP,英語 ドライバー
日本 包车 兼职平台,zh,baidu,日本 包车
日本 包车 兼职怎么样,zh,baidu,日本 包车
日本 包车 兼职多少钱,zh,baidu,日本 包车
driver japan movie,en,google_en_jp,chauffeur japan
japan driver monthly salary,en,google_en_jp,chauffeur japan
driver magazine japan,en,google_en_jp,chauffeur japan
japan driver magnet,en,google_en_jp,chauffeur japan
japan driver mark,en,google_en_jp,chauffeur japan
maybach chauffeur japan,en,google_en_jp,chauffeur japan
the-g ドライバー,ja,bing_ja-JP,英語 ドライバー
g-gear ドライバー,ja,bing_ja-JP,英語 ドライバー
g-driveとは,ja,bing_ja-JP,英語 ドライバー
g-men ドライバー,ja,bing_ja-JP,英語 ドライバー
ex-g ドライバ,ja,bing_ja-JP,英語 ドライバー
g: 共有ドライブ,ja,bing_ja-JP,英語 ドライバー
g-driver,ja,bing_ja-JP,英語 ドライバー
driver of the day japan,en,bing_en-JP,english driver japan
日本 包车 公司排名,zh,baidu,日本 包车
日本 包车 公司有哪些,zh,baidu,日本 包车
日本 包车 公司排行榜,zh,baidu,日本 包车
japan driver of the day,en,google_en_jp,chauffeur japan
japan driver on which side,en,google_en_jp,chauffeur japan
japan driver of the day 2026,en,google_en_jp,chauffeur japan
type of license in japan,en,google_en_jp,chauffeur japan
日本司机,zh,baidu,日本 司机
日本司机工资一般多少,zh,baidu,日本 司机
日本司机位置在左还是右,zh,baidu,日本 司机
日本司机多少钱一个月,zh,baidu,日本 司机
日本司机一个月多少万,zh,baidu,日本 司机
日本 司机搭乘客是个女鬼的电影,zh,baidu,日本 司机
日本司机特定技能签证,zh,baidu,日本 司机
日本司机的晚餐,zh,baidu,日本 司机
日本司机签证最新政策,zh,baidu,日本 司机
日本司机最高年龄,zh,baidu,日本 司机
japanese formula 1 drivers,en,bing_en-JP,english driver japan
international drivers licence japan,en,bing_en-JP,english driver japan
i ドライバ ダウンロード windows,ja,bing_ja-JP,英語 ドライバー
i/oドライバーとは,ja,bing_ja-JP,英語 ドライバー
ドライバ ドライバー どっち it,ja,bing_ja-JP,英語 ドライバー
japan driver's permit,en,google_en_jp,chauffeur japan
driver ps1 japan,en,google_en_jp,chauffeur japan
driver position in japan,en,google_en_jp,chauffeur japan
japan driver plate,en,google_en_jp,chauffeur japan
japan premium chauffeur,en,google_en_jp,chauffeur japan
japan premium chauffeur reviews,en,google_en_jp,chauffeur japan
东京 的 士 司机 木村 拓哉,zh,google_zh-CN_cn,东京 司机
的 士 司机 东京,zh,google_zh-CN_cn,东京 司机
g-driver,en,bing_en-JP,english driver japan
j's ドライバー,ja,bing_ja-JP,英語 ドライバー
东京 的 计程车 司机,zh,google_zh-CN_cn,东京 司机
东京 包 车 司机,zh,google_zh-CN_cn,东京 司机
日本 司机 bl,zh,baidu,日本 司机
日本司机饼干利尿剂,zh,baidu,日本 司机
日本司机搬行李,zh,baidu,日本 司机
日本司机必须清楚认识红黄蓝,zh,baidu,日本 司机
日本司机帮女主照顾瘫痪的老公的电影叫什么名字,zh,baidu,日本 司机
日本货车司机视频,zh,baidu,日本 司机
日本货车司机,zh,baidu,日本 司机
カー&ドライバー,ja,bing_ja-JP,英語 ドライバー
driver ratings japan,en,google_en_jp,chauffeur japan
driver rental japan,en,google_en_jp,chauffeur japan
driver rjk japan eu us,en,google_en_jp,chauffeur japan
driver ratings japan 2026,en,google_en_jp,chauffeur japan
international driving license japan,en,bing_en-JP,english driver japan
外国人 送迎,ja,google_ja_jp,外国人 送迎
外国人 送迎ドライバー,ja,google_ja_jp,外国人 送迎
外国人 送迎サービス,ja,google_ja_jp,外国人 送迎
外国人 送迎 求人,ja,google_ja_jp,外国人 送迎
l型+ドライバー,ja,bing_ja-JP,英語 ドライバー
ドライバー +1,ja,bing_ja-JP,英語 ドライバー
エル・ドライバー,ja,bing_ja-JP,英語 ドライバー
日本司机吃午饭视频,zh,baidu,日本 司机
日本司机午餐,zh,baidu,日本 司机
日本司机下车时说的什么,zh,baidu,日本 司机
日本电车司机,zh,baidu,日本 司机
日本人大车司机晚餐,zh,baidu,日本 司机
driver japan service,en,google_en_jp,chauffeur japan
driver japan salary,en,google_en_jp,chauffeur japan
japan driver side,en,google_en_jp,chauffeur japan
japan driver salary per month,en,google_en_jp,chauffeur japan
japan driver seat left or right,en,google_en_jp,chauffeur japan
japan driver seat,en,google_en_jp,chauffeur japan
japan driver salary in indian rupees,en,google_en_jp,chauffeur japan
japan driver side left or right,en,google_en_jp,chauffeur japan
日本司机收入怎么样,zh,baidu,日本 司机
uk driving in japan,en,bing_en-JP,english driver japan
uk driving licence in japan,en,bing_en-JP,english driver japan
driver japan tour,en,google_en_jp,chauffeur japan
driver japan thailand,en,google_en_jp,chauffeur japan
japan driver test,en,google_en_jp,chauffeur japan
driver tokyo japan,en,google_en_jp,chauffeur japan
chauffeur service tokyo japan,en,google_en_jp,chauffeur japan
ドライバー no.1,ja,bing_ja-JP,英語 ドライバー
日本各类司机收入,zh,baidu,日本 司机
description of the japanese driver's license,en,bing_en-JP,english driver japan
japanese chauffeur uniform,en,google_en_jp,chauffeur japan
can an american drive in japan,en,google_en_jp,chauffeur japan
i/oドライバー,ja,bing_ja-JP,英語 ドライバー
オーバー-ドライブ,ja,bing_ja-JP,英語 ドライバー
japan driver vacancy,en,google_en_jp,chauffeur japan
japan driver visa,en,google_en_jp,chauffeur japan
what kind of cars do they drive in japan,en,google_en_jp,chauffeur japan
日本的司机在哪边驾驶,zh,baidu,日本 司机
pc ドライバー英語,ja,bing_ja-JP,英語 ドライバー
ドライバー pat.p,ja,bing_ja-JP,英語 ドライバー
ドライバー +2とは,ja,bing_ja-JP,英語 ドライバー
japan driving license translation,en,bing_en-JP,english driver japan
japan driver which side,en,google_en_jp,chauffeur japan
q-driveとは,ja,bing_ja-JP,英語 ドライバー
日本司机行业现状,zh,baidu,日本 司机
日本电影司机和夫人叫什么名字,zh,baidu,日本 司机
r ドライバ ダウンロード 便利,ja,bing_ja-JP,英語 ドライバー
r ドライバ ダウンロード windows,ja,bing_ja-JP,英語 ドライバー
r ドライバ ダウンロード linux,ja,bing_ja-JP,英語 ドライバー
r ドライバ ダウンロード 無料,ja,bing_ja-JP,英語 ドライバー
japan international driver license,en,bing_en-JP,english driver japan
ドライバー、スライス,ja,bing_ja-JP,英語 ドライバー
japan driving test questions and answers pdf,en,bing_en-JP,english driver japan
日本司机工作时间,zh,baidu,日本 司机
日本司机驾照樊大大,zh,baidu,日本 司机
japan driver jobs,en,google_en_jp,chauffeur japan
japan driver jobs salary,en,google_en_jp,chauffeur japan
what jobs are good in japan,en,google_en_jp,chauffeur japan
what are the jobs available in japan,en,google_en_jp,chauffeur japan
careers in japan,en,google_en_jp,chauffeur japan
uber driver - ドライバー用,ja,bing_ja-JP,英語 ドライバー
japan driver hiring,en,google_en_jp,chauffeur japan
日本司机开甲壳虫,zh,baidu,日本 司机
日本司机开车靠左还是靠右,zh,baidu,日本 司机
日本司机开车 悬崖 中国人,zh,baidu,日本 司机
日本80岁司机,zh,baidu,日本 司机
us driver license in japan,en,bing_en-JP,english driver japan
us driving in japan,en,bing_en-JP,english driver japan
japanese driving school for foreigners,en,bing_en-JP,english driver japan
インバウンド ドライバー 募集,ja,google_ja_jp,インバウンド ドライバー
x-hot ドライバー,ja,bing_ja-JP,英語 ドライバー
ex-xdriver,ja,bing_ja-JP,英語 ドライバー
england v japan itv,en,bing_en-JP,english driver japan
japan car driver side,en,bing_en-JP,english driver japan
how much is a ticket to japan tokyo,en,google_en_jp,chauffeur japan
is it hard to drive in japan,en,google_en_jp,chauffeur japan
how fast can you drive in japan,en,google_en_jp,chauffeur japan
日本司机年龄,zh,baidu,日本 司机
y字ドライバー 1.5,ja,bing_ja-JP,英語 ドライバー
z: ドライブ,ja,bing_ja-JP,英語 ドライバー
スーパードライb'z,ja,bing_ja-JP,英語 ドライバー
日本大巴车司机,zh,baidu,日本 司机
ドライバー募集英語,ja,bing_ja-JP,英語 ドライバー
東京都 ドライバー 求人 正社員,ja,bing_ja-JP,英語 ドライバー
ドライバー 求人 東京 正社員,ja,bing_ja-JP,英語 ドライバー
ドライバ― 募集,ja,bing_ja-JP,英語 ドライバー
ドライバ― 求人,ja,bing_ja-JP,英語 ドライバー
トライ・ハード 採用,ja,bing_ja-JP,英語 ドライバー
ドライバ― 転職,ja,bing_ja-JP,英語 ドライバー
日本司机拍大s具俊晔,zh,baidu,日本 司机
日本司机平均年龄,zh,baidu,日本 司机
driver jobs japan,en,google_en_jp,driver jobs japan
delivery jobs japan,en,google_en_jp,driver jobs japan
truck driver jobs japan,en,google_en_jp,driver jobs japan
bus driver jobs japan,en,google_en_jp,driver jobs japan
driver jobs in japan for pakistani,en,google_en_jp,driver jobs japan
train driver jobs japan,en,google_en_jp,driver jobs japan
delivery driver jobs japan,en,google_en_jp,driver jobs japan
driver jobs in japan with visa sponsorship,en,google_en_jp,driver jobs japan
amazon driver jobs japan,en,google_en_jp,driver jobs japan
driver job in japan for foreigners english speaker,en,google_en_jp,driver jobs japan
driving schools in tokyo with english support,en,bing_en-JP,english driver japan
ドライバー英語求人,ja,bing_ja-JP,英語 ドライバー
タクシードライバー英語求人,ja,bing_ja-JP,英語 ドライバー
横浜市 ドライバー 求人 正社員,ja,bing_ja-JP,英語 ドライバー
トライ・ハード 求人,ja,bing_ja-JP,英語 ドライバー
ドライバ― 求人 神奈川,ja,bing_ja-JP,英語 ドライバー
ドライバ―募集,ja,bing_ja-JP,英語 ドライバー
日本司机签证,zh,baidu,日本 司机
driving jobs in japan for foreigners,en,google_en_jp,driver jobs japan
can i drive in japan with a us license,en,google_en_jp,driver jobs japan
can foreigners drive in japan,en,google_en_jp,driver jobs japan
work and travel japan jobs,en,google_en_jp,driver jobs japan
what are the best jobs for foreigners in japan,en,google_en_jp,driver jobs japan
トライ+ 料金,ja,bing_ja-JP,英語 ドライバー
english jobs in japan,en,bing_en-JP,english driver japan
japan jobs for english speakers,en,bing_en-JP,english driver japan
indeed japan english jobs,en,bing_en-JP,english driver japan
hiring a private driver in japan,en,bing_en-JP,english driver japan
private car hire with driver japan,en,bing_en-JP,english driver japan
english speaking jobs japan,en,bing_en-JP,english driver japan
driver jobs in europe,en,bing_en-JP,english driver japan
driver jobs in uk,en,bing_en-JP,english driver japan
bus driver jobs in japan for foreigners,en,google_en_jp,driver jobs japan
shift driver jobs,en,google_en_jp,driver jobs japan
driver class b jobs,en,google_en_jp,driver jobs japan
car rental with driver in japan,en,bing_en-JP,english driver japan
english only jobs in japan,en,bing_en-JP,english driver japan
hiring car in japan,en,bing_en-JP,english driver japan
日本司机收入,zh,baidu,日本 司机
car driver jobs in japan for foreigners with visa sponsorship,en,google_en_jp,driver jobs japan
car driver jobs in japan,en,google_en_jp,driver jobs japan
日本司机特定技能考试官网,zh,baidu,日本 司机
日本司机特定技能签证办理周期,zh,baidu,日本 司机
日本巴士司机,zh,baidu,日本 司机
japan embassy driver jobs,en,google_en_jp,driver jobs japan
翻訳 google 中国語 英語,ja,bing_ja-JP,英語 ドライバー
中国語 翻訳 手書き パソコン,ja,bing_ja-JP,英語 ドライバー
中国語⇒日本語 翻訳,ja,bing_ja-JP,英語 ドライバー
日本語⇒中国語 翻訳,ja,bing_ja-JP,英語 ドライバー
日本語 - 中国語翻訳,ja,bing_ja-JP,英語 ドライバー
private driver in tokyo,en,bing_en-JP,english driver japan
driver jobs in japan for foreigners with visa sponsorship,en,google_en_jp,driver jobs japan
driver jobs in japan for foreigners,en,google_en_jp,driver jobs japan
driving jobs in japan for foreigners salary,en,google_en_jp,driver jobs japan
driver job in japan for foreigners english speaker salary,en,google_en_jp,driver jobs japan
driver job in japan for indian,en,google_en_jp,driver jobs japan
delivery jobs in japan for foreigners,en,google_en_jp,driver jobs japan
truck driver jobs in japan for foreigners,en,google_en_jp,driver jobs japan
truck driver jobs in japan for foreigners with visa sponsorship,en,google_en_jp,driver jobs japan
ドライバー ★,ja,bing_ja-JP,外国語 ドライバー
技術・人文知識・国際業務 ドライバー,ja,bing_ja-JP,外国語 ドライバー
コ・ドライバー 用語,ja,bing_ja-JP,外国語 ドライバー
driving licence translation japan,en,bing_en-JP,english driver japan
日本司机晚餐,zh,baidu,日本 司机
b-limited b1 ドライバー,ja,bing_ja-JP,外国語 ドライバー
heavy driver jobs in japan for foreigners with visa sponsorship,en,google_en_jp,driver jobs japan
job description of driver helper,en,google_en_jp,driver jobs japan
driver japan,en,bing_en-JP,driver japan
driver japan 五反田,en,bing_en-JP,driver japan
driver japan company limited,en,bing_en-JP,driver japan
株式会社 driver japan,en,bing_en-JP,driver japan
https driver sr sompo japan co jp login,en,bing_en-JP,driver japan
driver s license japan,en,bing_en-JP,driver japan
japan driver license,en,bing_en-JP,driver japan
japan driver test,en,bing_en-JP,driver japan
https qa sr sompo japan co jp driver,en,bing_en-JP,driver japan
uber driver japan,en,bing_en-JP,driver japan
c&cドライバーとは,ja,bing_ja-JP,外国語 ドライバー
c: ドライブ,ja,bing_ja-JP,外国語 ドライバー
c:ドライブとは,ja,bing_ja-JP,外国語 ドライバー
c&cドライバー,ja,bing_ja-JP,外国語 ドライバー
usb type c ドライバー,ja,bing_ja-JP,外国語 ドライバー
c&cドライバ,ja,bing_ja-JP,外国語 ドライバー
c ドライブ cドライブ とは,ja,bing_ja-JP,外国語 ドライバー
c:ドライブ どこ,ja,bing_ja-JP,外国語 ドライバー
c-first ドライバー,ja,bing_ja-JP,外国語 ドライバー
type-c ドライバー,ja,bing_ja-JP,外国語 ドライバー
usb type c ドライバ,ja,bing_ja-JP,外国語 ドライバー
driver jobs in japan,en,google_en_jp,driver jobs japan
driver job in japan salary,en,google_en_jp,driver jobs japan
日本司机一天工作多少小时,zh,baidu,日本 司机
日本司机杨柒哥,zh,baidu,日本 司机
https admin sr sompo japan co jp driver,en,bing_en-JP,driver japan
driving-japan,en,bing_en-JP,driver japan
japanese driver's license,en,bing_en-JP,driver japan
japan drive-it,en,bing_en-JP,driver japan
description of the japanese driver's license,en,bing_en-JP,driver japan
international drivers license japan,en,bing_en-JP,driver japan
japan driver license translation,en,bing_en-JP,driver japan
japan international driver's license,en,bing_en-JP,driver japan
personal driver in japan,en,bing_en-JP,driver japan
private driver in japan,en,bing_en-JP,driver japan
d :ドライブ,ja,bing_ja-JP,外国語 ドライバー
ドライブ・バイ・ワイヤ,ja,bing_ja-JP,ハイヤー ドライバー 紹介
ドライバー ★,ja,bing_ja-JP,ハイヤー ドライバー 紹介
ハイ・フライヤー,ja,bing_ja-JP,ハイヤー ドライバー 紹介
ドライヤー.com,ja,bing_ja-JP,ハイヤー ドライバー 紹介
ドライバー #1,ja,bing_ja-JP,ハイヤー ドライバー 紹介
ハイパー-ダイヤ,ja,bing_ja-JP,ハイヤー ドライバー 紹介
ドライバー #2,ja,bing_ja-JP,ハイヤー ドライバー 紹介
レシーバー&ドライヤー,ja,bing_ja-JP,ハイヤー ドライバー 紹介
ハーバート・バイヤー,ja,bing_ja-JP,ハイヤー ドライバー 紹介
フライ・バイ・ワイヤー,ja,bing_ja-JP,ハイヤー ドライバー 紹介
日本司机招聘,zh,baidu,日本 司机
日本司机怎么称呼,zh,baidu,日本 司机
日本司机照顾瘫痪男主人是什么电影,zh,baidu,日本 司机
日本司机照顾中风男小说叫什么名字,zh,baidu,日本 司机
日本司机座位在哪边,zh,baidu,日本 司机
日本司机在左边还是右边,zh,baidu,日本 司机
日本司机制服,zh,baidu,日本 司机
j & b drivers ltd,en,bing_en-JP,driver japan
ハイヤー・アンド・ハイヤー,ja,bing_ja-JP,ハイヤー ドライバー 紹介
エア-ドライヤー,ja,bing_ja-JP,ハイヤー ドライバー 紹介
ab&company ドライヤー,ja,bing_ja-JP,ハイヤー ドライバー 紹介
https driver sr sompo japan co jp mypage,en,bing_en-JP,driver japan
https driver sr sompo japan co jp,en,bing_en-JP,driver japan
https qa sr sompo japan co jp driver faq,en,bing_en-JP,driver japan
c:_drivers,en,bing_en-JP,driver japan
日本司机招聘网最新招聘信息,zh,baidu,日本 司机
日本劳务司机招聘网站,zh,baidu,日本 司机
日本招中国司机要求,zh,baidu,日本 司机
去日本做司机工资高吗,zh,baidu,日本 司机
在日本当司机怎么样,zh,baidu,日本 司机
日本出租车司机招聘条件,zh,baidu,日本 司机
i/fドライバ,ja,bing_ja-JP,外国語 ドライバー
f-1ドライバー,ja,bing_ja-JP,外国語 ドライバー
b-limited b1 ドライバー,ja,bing_ja-JP,ハイヤー ドライバー 紹介
b&d ドライバー,ja,bing_ja-JP,ハイヤー ドライバー 紹介
b-ray プレイヤー,ja,bing_ja-JP,ハイヤー ドライバー 紹介
sharp driver download japan,en,bing_en-JP,driver japan
japan+d,en,bing_en-JP,driver japan
driver of the day japan,en,bing_en-JP,driver japan
uk driver in japan,en,bing_en-JP,driver japan
international drivers licence japan,en,bing_en-JP,driver japan
日本 司机 价格一般多少,zh,baidu,日本 司机
日本的私人司机工资多少,zh,baidu,日本 司机
日本卡车司机收入,zh,baidu,日本 司机
日本计程车司机收入,zh,baidu,日本 司机
日本电车司机收入,zh,baidu,日本 司机
the-g ドライバー,ja,bing_ja-JP,外国語 ドライバー
g-gear ドライバー,ja,bing_ja-JP,外国語 ドライバー
g-drive とは,ja,bing_ja-JP,外国語 ドライバー
g-driver,ja,bing_ja-JP,外国語 ドライバー
type-c ドライバー,ja,bing_ja-JP,ハイヤー ドライバー 紹介
c&cドライバー,ja,bing_ja-JP,ハイヤー ドライバー 紹介
e-driver,en,bing_en-JP,driver japan
https://www.e-iserv.jp/top/driverecorder/dr,en,bing_en-JP,driver japan
https://www.e-iserv.jp/top/driverecorder/drv,en,bing_en-JP,driver japan
http://e-iserv.jp/top/driverecorder/drv,en,bing_en-JP,driver japan
www.e-iserv.jp/top/driverecorder/dr_viewer,en,bing_en-JP,driver japan
https://www.e-iserv.jp/top/driverecorder,en,bing_en-JP,driver japan
japan international driver license,en,bing_en-JP,driver japan
日本的司机怎么说,zh,baidu,日本 司机
日本车司机在左还是右,zh,baidu,日本 司机
日本旅游的司机师傅,zh,baidu,日本 司机
d/d ワイヤー,ja,bing_ja-JP,ハイヤー ドライバー 紹介
fujitsu japan driver download,en,bing_en-JP,driver japan
japanese formula 1 drivers,en,bing_en-JP,driver japan
japan f1 star drivers,en,bing_en-JP,driver japan
司机在东京,zh,baidu,日本 司机
乙肝患者可以吃茄子吗,zh,baidu,日本 司机
mft弹簧评测,zh,baidu,日本 司机
东南亚中南半岛人口主要分布在,zh,baidu,日本 司机
人体结构几何体速写,zh,baidu,日本 司机
婚纱店上班要干什么,zh,baidu,日本 司机
幼儿园期末汇报家长建议,zh,baidu,日本 司机
天津格林国际幼儿园学费,zh,baidu,日本 司机
一口高压锅划拳歌视频,zh,baidu,日本 司机
i/oドライバーとは,ja,bing_ja-JP,外国語 ドライバー
i ドライバ ダウンロード windows,ja,bing_ja-JP,外国語 ドライバー
i/oドライバー,ja,bing_ja-JP,外国語 ドライバー
i/oドライバ,ja,bing_ja-JP,外国語 ドライバー
ドライヤー eh-ne2k,ja,bing_ja-JP,ハイヤー ドライバー 紹介
g-gear driver,en,bing_en-JP,driver japan
g-gear ドライバー,en,bing_en-JP,driver japan
the-g ドライバー,en,bing_en-JP,driver japan
gg driver dang nhap,en,bing_en-JP,driver japan
driver.gr.jp,en,bing_en-JP,driver japan
g-driver,en,bing_en-JP,driver japan
j'sドライバー,ja,bing_ja-JP,外国語 ドライバー
有限会社f・バイヤー,ja,bing_ja-JP,ハイヤー ドライバー 紹介
f-50-d フライヤー,ja,bing_ja-JP,ハイヤー ドライバー 紹介
f-1ドライバー,ja,bing_ja-JP,ハイヤー ドライバー 紹介
司机用日语怎么说,zh,baidu,日本 司机
司机的日语,zh,baidu,日本 司机
日本人的驾驶员和日本人的司机,zh,baidu,日本 司机
日本出租车司机对话日语,zh,baidu,日本 司机
日本车英语,zh,baidu,日本 司机
g-gear ドライバー,ja,bing_ja-JP,ハイヤー ドライバー 紹介
the-g ドライバー,ja,bing_ja-JP,ハイヤー ドライバー 紹介
g&hワイヤー,ja,bing_ja-JP,ハイヤー ドライバー 紹介
日本 司机 公司排行榜,zh,baidu,日本 司机
日本卡车司机工资,zh,baidu,日本 司机
driver shortage in japan,en,bing_en-JP,driver japan
driver s license in japan,en,bing_en-JP,driver japan
valid driver s license in japan,en,bing_en-JP,driver japan
driver license in japan,en,bing_en-JP,driver japan
international driving license japan,en,bing_en-JP,driver japan
l-1000 ドライバー,ja,bing_ja-JP,外国語 ドライバー
l型+ドライバー,ja,bing_ja-JP,外国語 ドライバー
ドライバー #1,ja,bing_ja-JP,外国語 ドライバー
トライ&エラーを日本語で,ja,bing_ja-JP,外国語 ドライバー
トライ&エラー 日本語,ja,bing_ja-JP,外国語 ドライバー
l-1000 ドライバ,ja,bing_ja-JP,外国語 ドライバー
东京司机,zh,baidu,东京 司机
mft弹簧评测,zh,baidu,东京 司机
婚纱店上班要干什么,zh,baidu,东京 司机
幼儿园期末汇报家长建议,zh,baidu,东京 司机
一口高压锅划拳歌视频,zh,baidu,东京 司机
一亩桃树能产多少桃胶,zh,baidu,东京 司机
四照花生长速度,zh,baidu,东京 司机
学生尿床怎么办,zh,baidu,东京 司机
14油耗投多少钱一公里,zh,baidu,东京 司机
方得人心的意思,zh,baidu,东京 司机
i-air ドライヤー,ja,bing_ja-JP,ハイヤー ドライバー 紹介
i-ne ドライヤー,ja,bing_ja-JP,ハイヤー ドライバー 紹介
ドライバー #1 #2,ja,bing_ja-JP,ハイヤー ドライバー 紹介
m-audio ドライバー,ja,bing_ja-JP,外国語 ドライバー
m audio ドライバー ダウンロード,ja,bing_ja-JP,外国語 ドライバー
トルクドライバー n・m,ja,bing_ja-JP,外国語 ドライバー
m-audio ドライバ,ja,bing_ja-JP,外国語 ドライバー
m-g01ur ドライバ,ja,bing_ja-JP,外国語 ドライバー
m.2 ドライバー,ja,bing_ja-JP,外国語 ドライバー
トルクドライバー cn/m,ja,bing_ja-JP,外国語 ドライバー
m-driver,ja,bing_ja-JP,外国語 ドライバー
truck driver jobs in japan salary,en,google_en_jp,driver jobs japan
kx driver_japanese,en,bing_en-JP,driver japan
k-driver,en,bing_en-JP,driver japan
k-driver 다운로드,en,bing_en-JP,driver japan
k car from japan,en,bing_en-JP,driver japan
东京司机招聘,zh,baidu,东京 司机
东京的士,zh,baidu,东京 司机
东京出租车司机,zh,baidu,东京 司机
东京乘务员,zh,baidu,东京 司机
东京驾车街景视频最新更新时间,zh,baidu,东京 司机
东京开车宣传视频,zh,baidu,东京 司机
东京sia,zh,baidu,东京 司机
东京驾驶,zh,baidu,东京 司机
东京出租车司机结局,zh,baidu,东京 司机
电影 东京出租车司机,zh,baidu,东京 司机
j.ドライヤー,ja,bing_ja-JP,ハイヤー ドライバー 紹介
j・ドライヤー,ja,bing_ja-JP,ハイヤー ドライバー 紹介
j's ドライバー,ja,bing_ja-JP,ハイヤー ドライバー 紹介
j・ドライヤー ドジャース,ja,bing_ja-JP,ハイヤー ドライバー 紹介
ドライバー no.1,ja,bing_ja-JP,外国語 ドライバー
n-ub ドライバー,ja,bing_ja-JP,外国語 ドライバー
ドライバ no.1,ja,bing_ja-JP,外国語 ドライバー
n-ub ドライバ,ja,bing_ja-JP,外国語 ドライバー
taxi driver jobs in japan,en,google_en_jp,driver jobs japan
truck driver jobs in japan for foreigners salary,en,google_en_jp,driver jobs japan
taxi driver jobs in japan for foreigners,en,google_en_jp,driver jobs japan
truck driver jobs in japan with visa sponsorship,en,google_en_jp,driver jobs japan
truck driver jobs in japan for indian,en,google_en_jp,driver jobs japan
lenovo driver japan,en,bing_en-JP,driver japan
japan driver license test,en,bing_en-JP,driver japan
东京驾车,zh,baidu,东京 司机
乙肝患者可以吃茄子吗,zh,baidu,东京 司机
东南亚中南半岛人口主要分布在,zh,baidu,东京 司机
k・キーアマイヤー,ja,bing_ja-JP,ハイヤー ドライバー 紹介
オーバー-ドライブ,ja,bing_ja-JP,外国語 ドライバー
urgent driver jobs in japan for foreigners with visa sponsorship,en,google_en_jp,driver jobs japan
work driver jobs,en,google_en_jp,driver jobs japan
employed driving jobs,en,google_en_jp,driver jobs japan
m-japan,en,bing_en-JP,driver japan
m-driver,en,bing_en-JP,driver japan
在日本东京请一位全职司机多少钱,zh,baidu,东京 司机
东京驾驶模拟器7723下载手机版,zh,baidu,东京 司机
东京跑,zh,baidu,东京 司机
ドライバー pat.p,ja,bing_ja-JP,外国語 ドライバー
ライバー さちsmile🌹🍀🌈,ja,bing_ja-JP,ハイヤー ドライバー 紹介
l-100型ドライヤー,ja,bing_ja-JP,ハイヤー ドライバー 紹介
v class driver jobs,en,google_en_jp,driver jobs japan
japan car driver side,en,bing_en-JP,driver japan
new driver sticker japan,en,bing_en-JP,driver japan
m.2 ドライバー,ja,bing_ja-JP,ハイヤー ドライバー 紹介
m&m プライヤー,ja,bing_ja-JP,ハイヤー ドライバー 紹介
m ドライバーズ・パッケージ,ja,bing_ja-JP,ハイヤー ドライバー 紹介
mp type-1 ドライバー,ja,bing_ja-JP,ハイヤー ドライバー 紹介
m-audio ドライバー,ja,bing_ja-JP,ハイヤー ドライバー 紹介
二種免許 英語,ja,google_ja_jp,二種免許 英語
二種免許 学科試験 英語,ja,google_ja_jp,二種免許 英語
中学校 英語 二種免許,ja,google_ja_jp,二種免許 英語
中学校 英語 二種免許 通信,ja,google_ja_jp,二種免許 英語
英語 二種免許 通信,ja,google_ja_jp,二種免許 英語
i/o driver,en,bing_en-JP,driver japan
r ドライバ ダウンロード linux,ja,bing_ja-JP,外国語 ドライバー
r ドライバ ダウンロード 便利,ja,bing_ja-JP,外国語 ドライバー
r ドライバ ダウンロード windows,ja,bing_ja-JP,外国語 ドライバー
r ドライバ ダウンロード 無料,ja,bing_ja-JP,外国語 ドライバー
r ドライバ ダウンロード おすすめ,ja,bing_ja-JP,外国語 ドライバー
司机在东京,zh,baidu,东京 司机
东京驾驶模拟下载,zh,baidu,东京 司机
private driver in tokyo,en,bing_en-JP,driver japan
ドライバー、スライス,ja,bing_ja-JP,外国語 ドライバー
ザ・ドライバー,ja,bing_ja-JP,外国語 ドライバー
オン・イヤー オーバーイヤー,ja,bing_ja-JP,ハイヤー ドライバー 紹介
what kind of data,zh,baidu,东京 司机
入境遣返护照有记录吗,zh,baidu,东京 司机
与你app是干嘛的,zh,baidu,东京 司机
梦见往家里拉土,zh,baidu,东京 司机
华为笔记本国产操作系统,zh,baidu,东京 司机
快递邮政编码是多少,zh,baidu,东京 司机
南京小学教师,zh,baidu,东京 司机
你是我的好朋友的英语,zh,baidu,东京 司机
t-driver,ja,bing_ja-JP,外国語 ドライバー
ドライヤー p-up,ja,bing_ja-JP,ハイヤー ドライバー 紹介
ドライバー pat.p,ja,bing_ja-JP,ハイヤー ドライバー 紹介
p-upドライヤー,ja,bing_ja-JP,ハイヤー ドライバー 紹介
r-japan,en,bing_en-JP,driver japan
r.id drivers,en,bing_en-JP,driver japan
一班制是什么,zh,baidu,东京 司机
qi10 max ドライバー ライ角,ja,bing_ja-JP,ハイヤー ドライバー 紹介
キャロウェイ パラダイム ドライバー トリプルダイヤ,ja,bing_ja-JP,ハイヤー ドライバー 紹介
qhy5-ii ドライバー,ja,bing_ja-JP,ハイヤー ドライバー 紹介
driver's license in japan,en,bing_en-JP,driver japan
天津格林国际幼儿园学费,zh,baidu,东京 司机
intel r ワイヤレス bluetooth r ドライバー,ja,bing_ja-JP,ハイヤー ドライバー 紹介
インテル r ワイヤレス bluetooth r ドライバー,ja,bing_ja-JP,ハイヤー ドライバー 紹介
インテル r ワイヤレス bluetooth r ドライバーエラー,ja,bing_ja-JP,ハイヤー ドライバー 紹介
ロマロ ray type r ドライバー 評価,ja,bing_ja-JP,ハイヤー ドライバー 紹介
バイパーgts-r,ja,bing_ja-JP,ハイヤー ドライバー 紹介
t-driver,en,bing_en-JP,driver japan
二種免許,ja,google_ja_jp,二種免許
二種免許とは,ja,google_ja_jp,二種免許
二種免許 費用,ja,google_ja_jp,二種免許
二種免許 学科試験,ja,google_ja_jp,二種免許
二種免許 取り方,ja,google_ja_jp,二種免許
二種免許 難しい,ja,google_ja_jp,二種免許
二種免許 難易度,ja,google_ja_jp,二種免許
二種免許 合宿,ja,google_ja_jp,二種免許
二種免許 教習所,ja,google_ja_jp,二種免許
二種免許問題集 サイト,ja,google_ja_jp,二種免許
日本包车司机小费,zh,google_zh-CN_cn,日本 包车 司机
日本包车司机,zh,google_zh-CN_cn,日本 包车 司机
日本包车司机薪水,zh,google_zh-CN_cn,日本 包车 司机
us driver license in japan,en,bing_en-JP,driver japan
driving in japan as a uk driver,en,bing_en-JP,driver japan
二種免許アプリ,ja,google_ja_jp,二種免許
二種免許at,ja,google_ja_jp,二種免許
二種免許アルバイト,ja,google_ja_jp,二種免許
x-hot ドライバー,ja,bing_ja-JP,外国語 ドライバー
x-driver,ja,bing_ja-JP,外国語 ドライバー
ハイパーt&t,ja,bing_ja-JP,ハイヤー ドライバー 紹介
二種免許いくら,ja,google_ja_jp,二種免許
二種免許一発試験,ja,google_ja_jp,二種免許
タクシー 二種免許いらない,ja,google_ja_jp,二種免許
バス 二種免許いらない,ja,google_ja_jp,二種免許
介護の送迎 二種免許いる,ja,google_ja_jp,二種免許
マイクロバス 二種免許いる,ja,google_ja_jp,二種免許
代行 二種免許いる,ja,google_ja_jp,二種免許
ライドシェア 二種免許いらない,ja,google_ja_jp,二種免許
ライドシェア 二種免許いる,ja,google_ja_jp,二種免許
v-driver,en,bing_en-JP,driver japan
japanese international driver's license,en,bing_en-JP,driver japan
z: ドライブ,ja,bing_ja-JP,外国語 ドライバー
x-driver,en,bing_en-JP,driver japan
ex-xdriver,en,bing_en-JP,driver japan
日本語 オンライン 講師 募集,ja,bing_ja-JP,外国語 ドライバー
日本語教師 オンライン 求人 海外,ja,bing_ja-JP,外国語 ドライバー
ドライバ― 募集,ja,bing_ja-JP,外国語 ドライバー
二種免許大型,ja,google_ja_jp,二種免許
二種免許オートマ限定,ja,google_ja_jp,二種免許
二種免許オートマ,ja,google_ja_jp,二種免許
タクシー 二種免許落ちた,ja,google_ja_jp,二種免許
ドライバ― 求人,ja,bing_ja-JP,外国語 ドライバー
ドライバ―募集,ja,bing_ja-JP,外国語 ドライバー
レイザー コア x ドライバー,ja,bing_ja-JP,ハイヤー ドライバー 紹介
x-hot ドライバー,ja,bing_ja-JP,ハイヤー ドライバー 紹介
二種免許から一種免許,ja,google_ja_jp,二種免許
二種免許過去問,ja,google_ja_jp,二種免許
小学校 二種免許から一種免許,ja,google_ja_jp,二種免許
z: ドライブ,en,bing_en-JP,driver japan
what is driver z,en,bing_en-JP,driver japan
what is a dz driver,en,bing_en-JP,driver japan
driver.zip,en,bing_en-JP,driver japan
driver jobs tokyo,en,google_en_jp,driver jobs tokyo
delivery jobs tokyo,en,google_en_jp,driver jobs tokyo
taxi driver job tokyo,en,google_en_jp,driver jobs tokyo
embassy driver jobs tokyo,en,google_en_jp,driver jobs tokyo
driving jobs in japan for foreigners,en,google_en_jp,driver jobs tokyo
what jobs are in high demand in japan,en,google_en_jp,driver jobs tokyo
work and travel japan jobs,en,google_en_jp,driver jobs tokyo
ya-mann ドライヤー,ja,bing_ja-JP,ハイヤー ドライバー 紹介
二種免許教習所,ja,google_ja_jp,二種免許
二種免許金額,ja,google_ja_jp,二種免許
二種免許求人,ja,google_ja_jp,二種免許
二種免許期間,ja,google_ja_jp,二種免許
二種免許教習所 東京,ja,google_ja_jp,二種免許
hiring a private driver in japan,en,bing_en-JP,driver japan
automotive jobs in japan,en,bing_en-JP,driver japan
jobs as a driver,en,bing_en-JP,driver japan
job driver vacancy in delhi,en,bing_en-JP,driver japan
driver jobs in singapore,en,bing_en-JP,driver japan
private car hire with driver japan,en,bing_en-JP,driver japan
东京出租车百度百科,zh,baidu,东京 司机
东京驾车街景视频,zh,baidu,东京 司机
zy-max ドライバー,ja,bing_ja-JP,ハイヤー ドライバー 紹介
z-tx ドライバー,ja,bing_ja-JP,ハイヤー ドライバー 紹介
pz-1 ドライバー,ja,bing_ja-JP,ハイヤー ドライバー 紹介
car rental with driver in japan,en,bing_en-JP,driver japan
hiring car in japan,en,bing_en-JP,driver japan
international driver license in japan,en,bing_en-JP,driver japan
外国人向け 日本語教室 無料 東京,ja,bing_ja-JP,外国語 ドライバー
ドライバ― 募集,ja,bing_ja-JP,ハイヤー ドライバー 紹介
ドライバ― 求人,ja,bing_ja-JP,ハイヤー ドライバー 紹介
car price in japan,en,bing_en-JP,driver japan
japan drivers license conversion,en,bing_en-JP,driver japan
vehicle price in japan,en,bing_en-JP,driver japan
トライ&エラー 英語,ja,bing_ja-JP,外国語 ドライバー
仙台市 バー ドライバー 求人,ja,bing_ja-JP,ハイヤー ドライバー 紹介
ドライバ― 求人 神奈川,ja,bing_ja-JP,ハイヤー ドライバー 紹介
ドライバ―募集,ja,bing_ja-JP,ハイヤー ドライバー 紹介
二種免許更新 深視力,ja,google_ja_jp,二種免許
二種免許更新,ja,google_ja_jp,二種免許
二種免許更新 何 年 ごと,ja,google_ja_jp,二種免許
二種免許更新 視力,ja,google_ja_jp,二種免許
二種免許効果測定 問題,ja,google_ja_jp,二種免許
二種免許更新 警察署,ja,google_ja_jp,二種免許
幼稚園教諭 二種免許更新,ja,google_ja_jp,二種免許
幼稚園 二種免許更新,ja,google_ja_jp,二種免許
幼稚園教諭 二種免許更新忘れ,ja,google_ja_jp,二種免許
driver agency in delhi,en,bing_en-JP,driver japan
中国語 日本語 翻訳サイト おすすめ,ja,bing_ja-JP,外国語 ドライバー
中国語 日本語 翻訳 おすすめ,ja,bing_ja-JP,外国語 ドライバー
中国語 翻訳 手書き パソコン,ja,bing_ja-JP,外国語 ドライバー
中国語⇒日本語 翻訳,ja,bing_ja-JP,外国語 ドライバー
中国語 翻訳 おすすめ サイト,ja,bing_ja-JP,外国語 ドライバー
音声翻訳 パソコン 無料 中国語,ja,bing_ja-JP,外国語 ドライバー
日本語⇒中国語 翻訳,ja,bing_ja-JP,外国語 ドライバー
百度 日本語 中国語 翻訳 無料,ja,bing_ja-JP,外国語 ドライバー
中国語 外国語 対訳辞書 明 清,ja,bing_ja-JP,外国語 ドライバー
中国語 日本語 翻訳 google,ja,bing_ja-JP,外国語 ドライバー
翻訳 google 無料 日本語から 中国語,ja,bing_ja-JP,外国語 ドライバー
中国語 翻訳ソフト 無料 ダウンロード,ja,bing_ja-JP,外国語 ドライバー
価格.com ドライヤー,ja,bing_ja-JP,ハイヤー ドライバー 紹介
kakaku.com ドライヤー,ja,bing_ja-JP,ハイヤー ドライバー 紹介
ドライヤー 激安 送料無料 1000円以下,ja,bing_ja-JP,ハイヤー ドライバー 紹介
価格.com ドライヤー パナソニック,ja,bing_ja-JP,ハイヤー ドライバー 紹介
二種免許最短,ja,google_ja_jp,二種免許
tokyo driving license center,en,bing_en-JP,driver japan
driving schools in tokyo with english support,en,bing_en-JP,driver japan
driving school in tokyo,en,bing_en-JP,driver japan
インバウンド ドライバーガイド,ja,bing_ja-JP,インバウンド ドライバー
インバウンドドライバー,ja,bing_ja-JP,インバウンド ドライバー
インバウンド/アウトバウンド,ja,bing_ja-JP,インバウンド ドライバー
インバウンド、アウトバウンド,ja,bing_ja-JP,インバウンド ドライバー
インバウンド・アウトバウンド,ja,bing_ja-JP,インバウンド ドライバー
インバウンド2.0とは,ja,bing_ja-JP,インバウンド ドライバー
アウトバウンド、インバウンド,ja,bing_ja-JP,インバウンド ドライバー
インバウンド、アウトバウンドとは,ja,bing_ja-JP,インバウンド ドライバー
アウトバウンド・インバウンド,ja,bing_ja-JP,インバウンド ドライバー
インバウンド、アウトバウンド 通信,ja,bing_ja-JP,インバウンド ドライバー
インバウンド アウトバウンド 違い it,ja,bing_ja-JP,インバウンド ドライバー
インバウンド、アウトバウンドとは 通信,ja,bing_ja-JP,インバウンド ドライバー
二種免許取得,ja,google_ja_jp,二種免許
二種免許取得 費用,ja,google_ja_jp,二種免許
二種免許取得条件,ja,google_ja_jp,二種免許
二種免許試験,ja,google_ja_jp,二種免許
二種免許視力,ja,google_ja_jp,二種免許
二種免許取得方法,ja,google_ja_jp,二種免許
二種免許証,ja,google_ja_jp,二種免許
二種免許試験問題,ja,google_ja_jp,二種免許
二種免許取得 補助金,ja,google_ja_jp,二種免許
二種免許試験内容,ja,google_ja_jp,二種免許
japan driving test in english,en,bing_en-JP,driver japan
japanese driving test in english,en,bing_en-JP,driver japan
japan driving license test in english,en,bing_en-JP,driver japan
japanese driver's license translation,en,bing_en-JP,driver japan
japan driving license translation,en,bing_en-JP,driver japan
インバウンド m&a,ja,bing_ja-JP,インバウンド ドライバー
インバウンド アウトバウンド 違い 通信,ja,bing_ja-JP,インバウンド ドライバー
アウトバウンド インバウンド 違い it,ja,bing_ja-JP,インバウンド ドライバー
ドライバー 求人 東京 正社員,ja,bing_ja-JP,ハイヤー ドライバー 紹介
东京驾车第一视角,zh,baidu,东京 司机
二種免許スケジュール,ja,google_ja_jp,二種免許
インバウンド・バズ,ja,bing_ja-JP,インバウンド ドライバー
株式会社インバウンド・バズ,ja,bing_ja-JP,インバウンド ドライバー
b-limited b1 ドライバー,ja,bing_ja-JP,インバウンド ドライバー
tokyo chauffeur service,en,bing_en-JP,chauffeur tokyo
best chauffeur tours in tokyo,en,bing_en-JP,chauffeur tokyo
high end chauffeur tours of tokyo,en,bing_en-JP,chauffeur tokyo
best chauffeur tours in japan,en,bing_en-JP,chauffeur tokyo
chauffeur new york city,en,bing_en-JP,chauffeur tokyo
who is a chauffeur,en,bing_en-JP,chauffeur tokyo
name of chauffeur company,en,bing_en-JP,chauffeur tokyo
chauffeur new york service,en,bing_en-JP,chauffeur tokyo
chauffeur new york airport,en,bing_en-JP,chauffeur tokyo
les transports à tokyo,en,bing_en-JP,chauffeur tokyo
chauffeur service in toronto,en,bing_en-JP,chauffeur tokyo
im c2500 jpn ドライバ,ja,bing_ja-JP,インバウンド ドライバー
インパクトドライバー +ドライバー,ja,bing_ja-JP,インバウンド ドライバー
driving jobs in tokyo,en,google_en_jp,driver jobs tokyo
delivery jobs in tokyo,en,google_en_jp,driver jobs tokyo
embassy driver job in tokyo,en,google_en_jp,driver jobs tokyo
embassy driver job in tokyo 2026,en,google_en_jp,driver jobs tokyo
embassy driver job in tokyo 2025,en,google_en_jp,driver jobs tokyo
private driver job in tokyo,en,google_en_jp,driver jobs tokyo
truck driving jobs in tokyo,en,google_en_jp,driver jobs tokyo
quelle compagnie pour aller à tokyo,en,bing_en-JP,chauffeur tokyo
二種免許卒業検定,ja,google_ja_jp,二種免許
二種免許卒検 減点,ja,google_ja_jp,二種免許
b&d インパクトドライバー,ja,bing_ja-JP,インバウンド ドライバー
chauffeur jobs kategorie b,en,bing_en-JP,chauffeur tokyo
e+ インバウンド,ja,bing_ja-JP,インバウンド ドライバー
インバウンド、アウトバウンドとは it,ja,bing_ja-JP,インバウンド ドライバー
i/fドライバ,ja,bing_ja-JP,インバウンド ドライバー
小学校教諭 二種免許通信,ja,google_ja_jp,二種免許
internal high definition audio bus ドライバ,ja,bing_ja-JP,インバウンド ドライバー
coffret et coffret tokyo,en,bing_en-JP,chauffeur tokyo
night shift jobs in tokyo,en,google_en_jp,driver jobs tokyo
二種免許取り方,ja,google_ja_jp,二種免許
二種免許とは 教員,ja,google_ja_jp,二種免許
二種免許取るには,ja,google_ja_jp,二種免許
二種免許とは 車,ja,google_ja_jp,二種免許
二種免許と一種免許の違い,ja,google_ja_jp,二種免許
二種免許と普通免許の違い,ja,google_ja_jp,二種免許
二種免許特例講習,ja,google_ja_jp,二種免許
二種免許飛び込み,ja,google_ja_jp,二種免許
京东招聘司机要求条件,zh,baidu,东京 司机
京东招聘司机,zh,baidu,东京 司机
京东招司机招聘信息,zh,baidu,东京 司机
东京 司机 招聘最新信息,zh,baidu,东京 司机
东京 司机 招聘信息网,zh,baidu,东京 司机
东京招聘网,zh,baidu,东京 司机
日本东京招聘,zh,baidu,东京 司机
日本东京招聘信息网,zh,baidu,东京 司机
东京招聘网最新招聘信息,zh,baidu,东京 司机
j-cat インバウンド,ja,bing_ja-JP,インバウンド ドライバー
二種免許難易度,ja,google_ja_jp,二種免許
二種免許内容,ja,google_ja_jp,二種免許
二種免許なし タクシー,ja,google_ja_jp,二種免許
东京的士起步价,zh,baidu,东京 司机
东京的士收费标准2022,zh,baidu,东京 司机
东京出租车司机收入,zh,baidu,东京 司机
日本东京租车一天多少钱带司机的,zh,baidu,东京 司机
东京打车价格,zh,baidu,东京 司机
インバーター ld/nd,ja,bing_ja-JP,インバウンド ドライバー
m audio m track duo ドライバー,ja,bing_ja-JP,インバウンド ドライバー
m-audio ドライバー,ja,bing_ja-JP,インバウンド ドライバー
インパクトドライバー 200n・m以上,ja,bing_ja-JP,インバウンド ドライバー
m3用+ドライバー,ja,bing_ja-JP,インバウンド ドライバー
怎样钓苦花鱼,zh,baidu,东京 司机
x射线成像的原理是什么,zh,baidu,东京 司机
二種免許値段,ja,google_ja_jp,二種免許
二種免許年齢,ja,google_ja_jp,二種免許
n-ub ドライバー,ja,bing_ja-JP,インバウンド ドライバー
u-next インバウンド,ja,bing_ja-JP,インバウンド ドライバー
月经期喝冰的会怎样,zh,baidu,东京 司机
脸上长黄褐斑看什么科,zh,baidu,东京 司机
人体结构几何体速写,zh,baidu,东京 司机
二種免許の取り方,ja,google_ja_jp,二種免許
二種免許の種類,ja,google_ja_jp,二種免許
二種免許の取得,ja,google_ja_jp,二種免許
二種免許の視力,ja,google_ja_jp,二種免許
二種免許の学科試験は 何回落ち まし たか,ja,google_ja_jp,二種免許
二種免許の合格率,ja,google_ja_jp,二種免許
二種免許の値段,ja,google_ja_jp,二種免許
二種免許の試験,ja,google_ja_jp,二種免許
二種免許の費用,ja,google_ja_jp,二種免許
二種免許の正式名称,ja,google_ja_jp,二種免許
i/oバウンド,ja,bing_ja-JP,インバウンド ドライバー
i/oバウンドとは,ja,bing_ja-JP,インバウンド ドライバー
二種免許は難しい,ja,google_ja_jp,二種免許
二種免許は難しい ですか,ja,google_ja_jp,二種免許
マイクロバス 二種免許は必要か,ja,google_ja_jp,二種免許
东京 司机 兼职招聘,zh,baidu,东京 司机
东京 司机 兼职招聘信息,zh,baidu,东京 司机
东京 司机 兼职工资,zh,baidu,东京 司机
日本东京兼职好找吗,zh,baidu,东京 司机
东京兼职一小时工资,zh,baidu,东京 司机
二種免許費用,ja,google_ja_jp,二種免許
二種免許費用 会社負担,ja,google_ja_jp,二種免許
二種免許筆記試験,ja,google_ja_jp,二種免許
二種免許費用 タクシー,ja,google_ja_jp,二種免許
介護タクシー 二種免許費用,ja,google_ja_jp,二種免許
介護タクシー 二種免許必要,ja,google_ja_jp,二種免許
代行 二種免許必要,ja,google_ja_jp,二種免許
バス 二種免許費用,ja,google_ja_jp,二種免許
マイクロバス 二種免許必要か,ja,google_ja_jp,二種免許
日本东京公交车司机月薪多少,zh,baidu,东京 司机
东京驾校,zh,baidu,东京 司机
chauffeur new york reviews,en,bing_en-JP,chauffeur tokyo
介護タクシー 二種免許不要,ja,google_ja_jp,二種免許
タクシー 二種免許不要,ja,google_ja_jp,二種免許
福祉タクシー 二種免許不要,ja,google_ja_jp,二種免許
日本 司机 招聘按摩师,zh,baidu,日本 司机 招聘
日本劳务司机招聘网站,zh,baidu,日本 司机 招聘
日本司机工资一般多少,zh,baidu,日本 司机 招聘
日本招中国司机要求,zh,baidu,日本 司机 招聘
日本司机工作时间,zh,baidu,日本 司机 招聘
去日本做司机工资高吗,zh,baidu,日本 司机 招聘
在日本当司机怎么样,zh,baidu,日本 司机 招聘
日本出租车司机招聘条件,zh,baidu,日本 司机 招聘
去日本做司机,zh,baidu,日本 司机 招聘
日本电车司机工资,zh,baidu,日本 司机 招聘
インテル r スマート・サウンド・テクノロジー ドライバー,ja,bing_ja-JP,インバウンド ドライバー
二種免許返納,ja,google_ja_jp,二種免許
トライ&エラーを日本語で,ja,bing_ja-JP,外国語 ドライバー 不足
日本司机,zh,baidu,日本 司机 招聘
东京司机招聘,zh,baidu,日本 司机 招聘
日本卡车司机收入,zh,baidu,日本 司机 招聘
二種免許補助金,ja,google_ja_jp,二種免許
ハローワーク 二種免許補助金,ja,google_ja_jp,二種免許
タクシー 二種免許補助,ja,google_ja_jp,二種免許
日本中型车运输司机,zh,baidu,日本 司机 招聘
日本货车司机工资,zh,baidu,日本 司机 招聘
u&iサウンド,ja,bing_ja-JP,インバウンド ドライバー
difu-u4 ドライバー,ja,bing_ja-JP,インバウンド ドライバー
日本各类司机收入,zh,baidu,日本 司机 招聘
二種免許難しい,ja,google_ja_jp,二種免許
タクシー 二種免許難しい,ja,google_ja_jp,二種免許
インバウンド wi-fi,ja,bing_ja-JP,インバウンド ドライバー
二種免許メリット,ja,google_ja_jp,二種免許
日本二种驾照怎么考,zh,google_zh-CN_cn,日本 二种驾照
x-1 サウンドバー,ja,bing_ja-JP,インバウンド ドライバー
二種免許問題集,ja,google_ja_jp,二種免許
二種免許問題,ja,google_ja_jp,二種免許
二種免許問題集 無料,ja,google_ja_jp,二種免許
二種免許問題集アプリ 無料,ja,google_ja_jp,二種免許
二種免許問題集アプリ,ja,google_ja_jp,二種免許
二種免許問題集 おすすめ,ja,google_ja_jp,二種免許
日本 司机 招聘官网,zh,baidu,日本 司机 招聘
tokyo-v,en,bing_en-JP,chauffeur tokyo
vip 送迎ドライバー きつい,ja,google_ja_jp,VIP 送迎
vip 送迎車,ja,google_ja_jp,VIP 送迎
vip 送迎ドライバー,ja,google_ja_jp,VIP 送迎
vip 送迎 求人,ja,google_ja_jp,VIP 送迎
vip 送迎 ドライバー 求人,ja,google_ja_jp,VIP 送迎
vip 送迎サービス,ja,google_ja_jp,VIP 送迎
vip 送迎 と は,ja,google_ja_jp,VIP 送迎
vip 送迎 会社,ja,google_ja_jp,VIP 送迎
vip 空港 送迎,ja,google_ja_jp,VIP 送迎
z-1 インドアゴルフ,ja,bing_ja-JP,インバウンド ドライバー
chauffeur poids lourd en suisse,en,bing_en-JP,chauffeur tokyo
インバウンド 英語 求人 東京,ja,bing_ja-JP,インバウンド ドライバー
インバウンド 送迎業務 アテンド 求人,ja,bing_ja-JP,インバウンド ドライバー
アウトバウンド、インバウンド 営業,ja,bing_ja-JP,インバウンド ドライバー
ドライバ― 募集,ja,bing_ja-JP,インバウンド ドライバー
二種免許予約,ja,google_ja_jp,二種免許
二種免許養成制度,ja,google_ja_jp,二種免許
二俣川免許センター 二種免許予約,ja,google_ja_jp,二種免許
インバウンド 求人 東京 英語,ja,bing_ja-JP,インバウンド ドライバー
イン・グラウンド株式会社,ja,bing_ja-JP,インバウンド ドライバー
bilingual driver,en,google_en_jp,bilingual driver
bilingual driver jobs,en,google_en_jp,bilingual driver
bilingual driver meaning,en,google_en_jp,bilingual driver
bilingual driver examiner,en,google_en_jp,bilingual driver
bilingual delivery driver,en,google_en_jp,bilingual driver
bilingual truck driver,en,google_en_jp,bilingual driver
bilingual bulk driver,en,google_en_jp,bilingual driver
bilingual forklift driver,en,google_en_jp,bilingual driver
bilingual job description,en,google_en_jp,bilingual driver
bilingual interpreter jobs near me,en,google_en_jp,bilingual driver
二種免許料金,ja,google_ja_jp,二種免許
chauffeur jobs near me,en,bing_en-JP,chauffeur tokyo
chauffeur jobs in nairobi,en,bing_en-JP,chauffeur tokyo
je cherche un emploi chauffeur,en,bing_en-JP,chauffeur tokyo
recherche emploi de chauffeur,en,bing_en-JP,chauffeur tokyo
chauffeur jobs near me full time,en,bing_en-JP,chauffeur tokyo
indeed emploi chauffeur pl,en,bing_en-JP,chauffeur tokyo
bilingual business jobs,en,google_en_jp,bilingual driver
bilingual director jobs,en,google_en_jp,bilingual driver
日本 司机 招聘流程图,zh,baidu,日本 司机 招聘
京都 インバウンド 動画 ユーチューブ,ja,bing_ja-JP,インバウンド ドライバー
chauffeur near me hiring,en,bing_en-JP,chauffeur tokyo
how to hire a chauffeur,en,bing_en-JP,chauffeur tokyo
chauffeur driver near me hiring,en,bing_en-JP,chauffeur tokyo
日本的司机在哪边驾驶,zh,baidu,日本 司机 招聘
how much is a chauffeur,en,bing_en-JP,chauffeur tokyo
how much does a chauffeur cost,en,bing_en-JP,chauffeur tokyo
chauffeur new york rates,en,bing_en-JP,chauffeur tokyo
prix des taxis à tokyo,en,bing_en-JP,chauffeur tokyo
bilingual dvd meaning,en,google_en_jp,bilingual driver
外国人 求人 日本語不要 東京,ja,bing_ja-JP,外国語 ドライバー 不足
日本 司机 招聘年龄要求,zh,baidu,日本 司机 招聘
chauffeur service in london for corporate,en,bing_en-JP,chauffeur tokyo
chauffeur service in london for executive,en,bing_en-JP,chauffeur tokyo
bilingual esl director jobs,en,google_en_jp,bilingual driver
二種免許とは,ja,bing_ja-JP,二種免許
二種免許 どのくらい で 取れる,ja,bing_ja-JP,二種免許
二種免許 費用,ja,bing_ja-JP,二種免許
二種免許 学科試験,ja,bing_ja-JP,二種免許
二種免許 教習所,ja,bing_ja-JP,二種免許
二種免許学科試験問題 100問,ja,bing_ja-JP,二種免許
二種免許 一発試験 合格 方法,ja,bing_ja-JP,二種免許
二種免許 学科試験 問題,ja,bing_ja-JP,二種免許
二種免許 条件,ja,bing_ja-JP,二種免許
二種免許 合宿,ja,bing_ja-JP,二種免許
二種免許 取り方,ja,bing_ja-JP,二種免許
二種免許を取るには,ja,google_ja_jp,二種免許
二種免許をとるには,ja,google_ja_jp,二種免許
二種免許を取る方法,ja,google_ja_jp,二種免許
二種免許を取得するには,ja,google_ja_jp,二種免許
日本 司机 招聘平台官网,zh,baidu,日本 司机 招聘
meaning of chauffeur in english,en,bing_en-JP,chauffeur tokyo
chauffeur meaning in tagalog,en,bing_en-JP,chauffeur tokyo
chauffeur meaning in telugu,en,bing_en-JP,chauffeur tokyo
chauffeur service in london,en,bing_en-JP,chauffeur tokyo
what is the definition of chauffeur,en,bing_en-JP,chauffeur tokyo
what is the meaning of chauffeur,en,bing_en-JP,chauffeur tokyo
wat is een chauffeur,en,bing_en-JP,chauffeur tokyo
二種免許 at限定,ja,bing_ja-JP,二種免許
二種免許 アルバイト,ja,bing_ja-JP,二種免許
二種免許 愛知県,ja,bing_ja-JP,二種免許
二種免許 at限定解除,ja,bing_ja-JP,二種免許
二種免許 実技 内容,ja,bing_ja-JP,二種免許
二種免許at,ja,bing_ja-JP,二種免許
二種免許 値段,ja,bing_ja-JP,二種免許
二種免許 普通免許 違い,ja,bing_ja-JP,二種免許
日本 司机 招聘求职网站,zh,baidu,日本 司机 招聘
二種免許 ブログ,ja,bing_ja-JP,二種免許
二種免許 バス,ja,bing_ja-JP,二種免許
二種免許 バイト,ja,bing_ja-JP,二種免許
二種免許 バイク,ja,bing_ja-JP,二種免許
二種免許 便利,ja,bing_ja-JP,二種免許
二種免許 勉強,ja,bing_ja-JP,二種免許
二種免許 磐越道,ja,bing_ja-JP,二種免許
二種免許 正式名称,ja,bing_ja-JP,二種免許
二種免許 大阪,ja,bing_ja-JP,二種免許
二種免許 補助金,ja,bing_ja-JP,二種免許
二種免許 法改正,ja,bing_ja-JP,二種免許
二種免許 at限定,ja,google_ja_jp,二種免許
二種免許 アプリ,ja,google_ja_jp,二種免許
二種免許 アルバイト,ja,google_ja_jp,二種免許
二種免許 at限定解除,ja,google_ja_jp,二種免許
二種免許 愛知県,ja,google_ja_jp,二種免許
二種免許 at,ja,google_ja_jp,二種免許
二種免許 at mt,ja,google_ja_jp,二種免許
二種免許 諦めた,ja,google_ja_jp,二種免許
二種免許 青森,ja,google_ja_jp,二種免許
日本 司机 招聘软件下载,zh,baidu,日本 司机 招聘
best chauffeur tours in japan,en,bing_en-JP,chauffeur japan
best chauffeur tours in tokyo,en,bing_en-JP,chauffeur japan
name of chauffeur company,en,bing_en-JP,chauffeur japan
who is a chauffeur,en,bing_en-JP,chauffeur japan
high end chauffeur tours of tokyo,en,bing_en-JP,chauffeur japan
wat is een chauffeur,en,bing_en-JP,chauffeur japan
chauffeur francais au canada,en,bing_en-JP,chauffeur japan
chauffeur français au canada,en,bing_en-JP,chauffeur japan
chauffeur poids lourd france,en,bing_en-JP,chauffeur japan
what is the definition of chauffeur,en,bing_en-JP,chauffeur japan
chauffeur meaning in gujarati,en,bing_en-JP,chauffeur japan
was ist ein chauffeur,en,bing_en-JP,chauffeur japan
bilingual driving instructor,en,google_en_jp,bilingual driver
bilingual interpreter jobs,en,google_en_jp,bilingual driver
二種免許 長崎,ja,bing_ja-JP,二種免許
二種免許 長野県,ja,bing_ja-JP,二種免許
二種免許 地理試験,ja,bing_ja-JP,二種免許
二種免許 長崎県,ja,bing_ja-JP,二種免許
二種免許 聴力,ja,bing_ja-JP,二種免許
二種免許 視力,ja,bing_ja-JP,二種免許
二種免許 資格要件 緩和 いつから,ja,bing_ja-JP,二種免許
二種免許 実技,ja,bing_ja-JP,二種免許
非通知 中国語 自動音声 出てしまった,ja,bing_ja-JP,外国語 ドライバー 不足
中国語 日本語 翻訳 おすすめ,ja,bing_ja-JP,外国語 ドライバー 不足
中国語 日本語 翻訳サイト おすすめ,ja,bing_ja-JP,外国語 ドライバー 不足
中国語の「了」に対応する日本語表現,ja,bing_ja-JP,外国語 ドライバー 不足
中国語⇒日本語 翻訳,ja,bing_ja-JP,外国語 ドライバー 不足
日本語⇒中国語 翻訳,ja,bing_ja-JP,外国語 ドライバー 不足
日本語 - 中国語翻訳,ja,bing_ja-JP,外国語 ドライバー 不足
二種免許 バイト,ja,google_ja_jp,二種免許
二種免許 バイク,ja,google_ja_jp,二種免許
二種免許 勉強,ja,google_ja_jp,二種免許
二種免許 バス,ja,google_ja_jp,二種免許
二種免許 勉強方法,ja,google_ja_jp,二種免許
二種免許 勉強時間,ja,google_ja_jp,二種免許
二種免許 働きながら,ja,google_ja_jp,二種免許
what is a chauffeur,en,bing_en-JP,chauffeur japan
chauffeur pour concessionnaire automobile,en,bing_en-JP,chauffeur japan
chauffeur poids lourd en suisse,en,bing_en-JP,chauffeur japan
la liste des chauffeurs,en,bing_en-JP,chauffeur japan
二種免許 どのくらい勉強,ja,bing_ja-JP,二種免許
二種免許 どのくらい費用,ja,bing_ja-JP,二種免許
二種免許 どのくらい難しい,ja,bing_ja-JP,二種免許
二種免許 どのくらい期間,ja,bing_ja-JP,二種免許
二種免許 どのくらい練習,ja,bing_ja-JP,二種免許
二種免許 どのくらい時間,ja,bing_ja-JP,二種免許
二種免許 大型,ja,bing_ja-JP,二種免許
二種免許でできる仕事,ja,bing_ja-JP,二種免許
二種免許 難しい,ja,bing_ja-JP,二種免許
二種免許だけ返納,ja,bing_ja-JP,二種免許
bilingual payroll jobs,en,google_en_jp,bilingual driver
bilingual entry level jobs,en,google_en_jp,bilingual driver
自転車 を運んでくれる タクシー 東京,ja,bing_ja-JP,英語 タクシー 運転手 東京
東京・日本交通 タクシー,ja,bing_ja-JP,英語 タクシー 運転手 東京
タクシー 配車 電話番号 東京,ja,bing_ja-JP,英語 タクシー 運転手 東京
東京 タクシー 迎車料金 無料,ja,bing_ja-JP,英語 タクシー 運転手 東京
タクシー 東京 予約 時間指定,ja,bing_ja-JP,英語 タクシー 運転手 東京
タクシー 貸し切り 半日 東京,ja,bing_ja-JP,英語 タクシー 運転手 東京
タクシー 予約 東京 おすすめ,ja,bing_ja-JP,英語 タクシー 運転手 東京
タクシー-会社,ja,bing_ja-JP,英語 タクシー 運転手 東京
タクシー go 迎車料金 東京,ja,bing_ja-JP,英語 タクシー 運転手 東京
東京 タクシー 上映 いつまで,ja,bing_ja-JP,英語 タクシー 運転手 東京
二種免許 違い,ja,google_ja_jp,二種免許
二種免許 中型,ja,google_ja_jp,二種免許
二種免許 地理試験,ja,google_ja_jp,二種免許
二種免許 千葉県,ja,google_ja_jp,二種免許
二種免許 近く,ja,google_ja_jp,二種免許
二種免許 大阪,ja,google_ja_jp,二種免許
二種免許 東京,ja,google_ja_jp,二種免許
二種免許 チャイルドシート,ja,google_ja_jp,二種免許
二種免許 中型 違い,ja,google_ja_jp,二種免許
bleu de chauffe 日本,en,bing_en-JP,chauffeur japan
chauffeur jobs kategorie b,en,bing_en-JP,chauffeur japan
chauffeur b flexi job,en,bing_en-JP,chauffeur japan
chauffeur pl en suisse,en,bing_en-JP,chauffeur japan
chauffeur haut de gamme,en,bing_en-JP,chauffeur japan
table basse chauffante japonaise,en,bing_en-JP,chauffeur japan
二種免許 英語,ja,bing_ja-JP,二種免許
二種免許 鋭角,ja,bing_ja-JP,二種免許
二種免許 営業,ja,bing_ja-JP,二種免許
二種免許 技能試験,ja,bing_ja-JP,二種免許
二種免許 東京,ja,bing_ja-JP,二種免許
二種免許 東京都,ja,bing_ja-JP,二種免許
二種免許 条件 視力,ja,bing_ja-JP,二種免許
二種免許 条件 必要書類,ja,bing_ja-JP,二種免許
二種免許 条件 試験内容,ja,bing_ja-JP,二種免許
二種免許 条件 運転経験,ja,bing_ja-JP,二種免許
二種免許 条件 年齢,ja,bing_ja-JP,二種免許
日本 司机 招聘条件要求,zh,baidu,日本 司机 招聘
二種免許 どこで取れる,ja,google_ja_jp,二種免許
二種免許 できること,ja,google_ja_jp,二種免許
二種免許 できる仕事,ja,google_ja_jp,二種免許
二種免許 代行,ja,google_ja_jp,二種免許
二種免許 どうやって取る,ja,google_ja_jp,二種免許
二種免許 独学,ja,google_ja_jp,二種免許
二種免許 ドライバー 求人,ja,google_ja_jp,二種免許
二種免許 デイサービス,ja,google_ja_jp,二種免許
二種免許 取る には,ja,google_ja_jp,二種免許
二種免許 どれくらいで取れる,ja,google_ja_jp,二種免許
name of chauffeur service,en,bing_en-JP,chauffeur japan
jp notre chauffeur c'est le meilleur,en,bing_en-JP,chauffeur japan
chauffeur poids lourd canada,en,bing_en-JP,chauffeur japan
chauffeur ce vacatures international,en,bing_en-JP,chauffeur japan
the chauffeur group london,en,bing_en-JP,chauffeur japan
二種免許 札幌,ja,bing_ja-JP,二種免許
二種免許 福岡,ja,bing_ja-JP,二種免許
二種免許 不動産,ja,bing_ja-JP,二種免許
二種免許 筆記,ja,bing_ja-JP,二種免許
二種免許 副業,ja,bing_ja-JP,二種免許
二種免許 深視力検査,ja,bing_ja-JP,二種免許
二種免許 一発試験,ja,bing_ja-JP,二種免許
二種免許 鋭角,ja,google_ja_jp,二種免許
二種免許 鋭角コース,ja,google_ja_jp,二種免許
二種免許 英語,ja,google_ja_jp,二種免許
二種免許 鋭角 コツ,ja,google_ja_jp,二種免許
二種免許 鋭角 切り返し,ja,google_ja_jp,二種免許
bilingual movies,en,google_en_jp,bilingual driver
bilingual movie meaning,en,google_en_jp,bilingual driver
二種免許 合宿免許,ja,bing_ja-JP,二種免許
二種免許 gセンサー,ja,bing_ja-JP,二種免許
二種免許 学科試験 過去 問,ja,bing_ja-JP,二種免許
二種免許 学科 問題,ja,bing_ja-JP,二種免許
二種免許 合格率,ja,bing_ja-JP,二種免許
二種免許 学科 アプリ 無料,ja,bing_ja-JP,二種免許
二種免許 福岡,ja,google_ja_jp,二種免許
二種免許 副業,ja,google_ja_jp,二種免許
二種免許 普通免許,ja,google_ja_jp,二種免許
二種免許 普通,ja,google_ja_jp,二種免許
二種免許 普通免許 違い,ja,google_ja_jp,二種免許
二種免許 服装,ja,google_ja_jp,二種免許
二種免許 二俣川,ja,google_ja_jp,二種免許
二種免許 普通免許 あり,ja,google_ja_jp,二種免許
二種免許 福井,ja,google_ja_jp,二種免許
bilingual driving school near me,en,google_en_jp,bilingual driver
bilingual no experience jobs,en,google_en_jp,bilingual driver
二種免許 ひっかけ問題,ja,bing_ja-JP,二種免許
二種免許 ハイヤー,ja,bing_ja-JP,二種免許
二種免許 廃止,ja,bing_ja-JP,二種免許
二種免許 必要な場合,ja,bing_ja-JP,二種免許
二種免許 費用 補助,ja,bing_ja-JP,二種免許
二種免許 返納,ja,bing_ja-JP,二種免許
二種免許 費用 一発,ja,bing_ja-JP,二種免許
二種免許 学科問題,ja,google_ja_jp,二種免許
二種免許 合格率,ja,google_ja_jp,二種免許
二種免許 学科 アプリ,ja,google_ja_jp,二種免許
二種免許 学科試験合格率,ja,google_ja_jp,二種免許
二種免許 学科試験 アプリ,ja,google_ja_jp,二種免許
二種免許 学科,ja,google_ja_jp,二種免許
二種免許 学科試験 東京 予約,ja,google_ja_jp,二種免許
二種免許 学科試験 東京,ja,google_ja_jp,二種免許
日本司机招聘网最新招聘信息,zh,baidu,日本 司机 招聘
日本 司机 招聘网址,zh,baidu,日本 司机 招聘
le chauffeur est parti,en,bing_en-JP,chauffeur japan
二種免許 違い,ja,bing_ja-JP,二種免許
二種免許 茨城,ja,bing_ja-JP,二種免許
二種免許 一発試験合格 が難しくなった理由,ja,bing_ja-JP,二種免許
二種免許 違反,ja,bing_ja-JP,二種免許
二種免許 一発合格,ja,bing_ja-JP,二種免許
二種免許 いくら,ja,bing_ja-JP,二種免許
二種免許 意義,ja,bing_ja-JP,二種免許
二種免許 一種免許 違い,ja,bing_ja-JP,二種免許
二種免許 一発試験 費用,ja,bing_ja-JP,二種免許
二種免許 一種免許,ja,bing_ja-JP,二種免許
二種免許 廃止,ja,google_ja_jp,二種免許
二種免許 費用 補助,ja,google_ja_jp,二種免許
二種免許 補助金,ja,google_ja_jp,二種免許
二種免許 費用 一発,ja,google_ja_jp,二種免許
二種免許 広島,ja,google_ja_jp,二種免許
二種免許 費用 普通免許あり,ja,google_ja_jp,二種免許
二種免許 筆記試験,ja,google_ja_jp,二種免許
二種免許 費用 大阪,ja,google_ja_jp,二種免許
二種免許 本試験,ja,google_ja_jp,二種免許
global luxury chauffeur services,en,bing_en-JP,chauffeur japan
chauffeur poids lourd grand est,en,bing_en-JP,chauffeur japan
chauffeur poids lourd genève,en,bing_en-JP,chauffeur japan
二種免許 事故,ja,bing_ja-JP,二種免許
二種免許 自動車,ja,bing_ja-JP,二種免許
二種免許 自動車学校,ja,bing_ja-JP,二種免許
二種免許 時間,ja,bing_ja-JP,二種免許
二種免許 一発試験,ja,google_ja_jp,二種免許
二種免許 一発試験 流れ,ja,google_ja_jp,二種免許
二種免許 茨城,ja,google_ja_jp,二種免許
二種免許 いくら,ja,google_ja_jp,二種免許
二種免許 いくらかかる,ja,google_ja_jp,二種免許
二種免許 一発試験 費用,ja,google_ja_jp,二種免許
二種免許 いつから取れる,ja,google_ja_jp,二種免許
二種免許 一発,ja,google_ja_jp,二種免許
二種免許 違反,ja,google_ja_jp,二種免許
二種免許 イラスト問題,ja,google_ja_jp,二種免許
日本 司机 招聘要求高吗,zh,baidu,日本 司机 招聘
二種免許 カリキュラム,ja,bing_ja-JP,二種免許
二種免許 緩和 いつから,ja,bing_ja-JP,二種免許
二種免許 講習,ja,bing_ja-JP,二種免許
二種免許 過去問,ja,bing_ja-JP,二種免許
二種免許 教習所 東京,ja,bing_ja-JP,二種免許
二種免許 金額,ja,bing_ja-JP,二種免許
二種免許 教員,ja,bing_ja-JP,二種免許
二種免許 期間,ja,bing_ja-JP,二種免許
二種免許 金融,ja,bing_ja-JP,二種免許
二種免許 教習内容,ja,bing_ja-JP,二種免許
二種免許 緩和,ja,bing_ja-JP,二種免許
二種免許 条件,ja,google_ja_jp,二種免許
二種免許 実技,ja,google_ja_jp,二種免許
二種免許 自動車学校,ja,google_ja_jp,二種免許
二種免許 時間,ja,google_ja_jp,二種免許
二種免許 受験資格特例教習,ja,google_ja_jp,二種免許
二種免許 助成金,ja,google_ja_jp,二種免許
二種免許 受験資格,ja,google_ja_jp,二種免許
二種免許 実技 内容,ja,google_ja_jp,二種免許
二種免許 事故,ja,google_ja_jp,二種免許
二種免許 自動車,ja,google_ja_jp,二種免許
go タクシー 迎車料金 東京,ja,bing_ja-JP,英語 タクシー 運転手 東京
タクシー、go,ja,bing_ja-JP,英語 タクシー 運転手 東京
大丈夫です、タクシーに乗ります 英語,ja,bing_ja-JP,英語 タクシー 運転手 東京
日本 司机 招聘最新消息,zh,baidu,日本 司机 招聘
chauffeur poids lourd international,en,bing_en-JP,chauffeur japan
chauffeur inde du nord,en,bing_en-JP,chauffeur japan
wat is een chauffeur id,en,bing_en-JP,chauffeur japan
二種免許 安い,ja,bing_ja-JP,二種免許
二種免許 代行,ja,bing_ja-JP,二種免許
二種免許 八王子,ja,bing_ja-JP,二種免許
二種免許っていくらかかるの,ja,bing_ja-JP,二種免許
二種免許 緩和 いつから,ja,google_ja_jp,二種免許
二種免許 期間,ja,google_ja_jp,二種免許
二種免許 更新,ja,google_ja_jp,二種免許
二種免許 求人,ja,google_ja_jp,二種免許
二種免許 教習内容,ja,google_ja_jp,二種免許
二種免許 京都,ja,google_ja_jp,二種免許
二種免許 過去問,ja,google_ja_jp,二種免許
二種免許 教員,ja,google_ja_jp,二種免許
二種免許 熊本,ja,google_ja_jp,二種免許
二種免許 マイクロバス,ja,bing_ja-JP,二種免許
二種免許 メリット,ja,bing_ja-JP,二種免許
二種免許 mt,ja,bing_ja-JP,二種免許
二種免許 マニュアル,ja,bing_ja-JP,二種免許
二種免許 問題,ja,bing_ja-JP,二種免許
二種免許 名古屋,ja,bing_ja-JP,二種免許
二種免許 問題集,ja,bing_ja-JP,二種免許
二種免許 求人,ja,bing_ja-JP,二種免許
二種免許 問題集 サイト,ja,bing_ja-JP,二種免許
二種免許 難易度,ja,bing_ja-JP,二種免許
二種免許 何ができる,ja,bing_ja-JP,二種免許
二種免許 何歳から,ja,bing_ja-JP,二種免許
二種免許 何歳まで,ja,bing_ja-JP,二種免許
二種免許 何年,ja,bing_ja-JP,二種免許
二種免許 日数,ja,bing_ja-JP,二種免許
二種免許 奈良県,ja,bing_ja-JP,二種免許
二種免許の種類,ja,bing_ja-JP,二種免許
bilingual tour guide jobs,en,google_en_jp,bilingual driver
日本 司机 招聘 价格表,zh,baidu,日本 司机 招聘
日本 司机 招聘 价格多少,zh,baidu,日本 司机 招聘
日本 司机 招聘 价格查询,zh,baidu,日本 司机 招聘
日本交通 タクシー 予約 東京,ja,bing_ja-JP,英語 タクシー 運転手 東京
東京・日本交通 タクシードライバー 求人,ja,bing_ja-JP,英語 タクシー 運転手 東京
二種免許 問題集 pdf,ja,google_ja_jp,二種免許
二種免許 問題集,ja,google_ja_jp,二種免許
二種免許 問題,ja,google_ja_jp,二種免許
二種免許 免許証,ja,google_ja_jp,二種免許
二種免許 メリット,ja,google_ja_jp,二種免許
二種免許 無料,ja,google_ja_jp,二種免許
二種免許 目の検査,ja,google_ja_jp,二種免許
二種免許 マニュアル,ja,google_ja_jp,二種免許
二種免許 mt,ja,google_ja_jp,二種免許
chauffeur poids lourd suisse,en,bing_en-JP,chauffeur japan
二種免許 応急救護,ja,bing_ja-JP,二種免許
二種免許 オートマ限定,ja,bing_ja-JP,二種免許
二種免許 応急救護 免除,ja,bing_ja-JP,二種免許
二種免許 沖縄,ja,bing_ja-JP,二種免許
二種免許 種類,ja,bing_ja-JP,二種免許
日本 司机 招聘 介绍信,zh,baidu,日本 司机 招聘
日本 司机 招聘 介绍,zh,baidu,日本 司机 招聘
二種免許 内容,ja,google_ja_jp,二種免許
二種免許 年齢制限,ja,google_ja_jp,二種免許
二種免許 何が違う,ja,google_ja_jp,二種免許
二種免許 値段,ja,google_ja_jp,二種免許
二種免許 何歳から,ja,google_ja_jp,二種免許
二種免許 何日で取れる,ja,google_ja_jp,二種免許
二種免許 日数,ja,google_ja_jp,二種免許
二種免許 年齢,ja,google_ja_jp,二種免許
二種免許 何ができる,ja,google_ja_jp,二種免許
二種免許 パブリックコメント,ja,bing_ja-JP,二種免許
日本 司机 招聘 东京公司,zh,baidu,日本 司机 招聘
日本 司机 招聘 东京工作,zh,baidu,日本 司机 招聘
在日本东京请一位全职司机多少钱,zh,baidu,日本 司机 招聘
二種免許 沖縄,ja,google_ja_jp,二種免許
二種免許 オートマ 限定 費用,ja,google_ja_jp,二種免許
二種免許 オートマ限定,ja,google_ja_jp,二種免許
二種免許 大型,ja,google_ja_jp,二種免許
二種免許 応急救護,ja,google_ja_jp,二種免許
二種免許 応急救護 免除,ja,google_ja_jp,二種免許
二種免許 沖縄 料金,ja,google_ja_jp,二種免許
二種免許 オートマ,ja,google_ja_jp,二種免許
二種免許 応急救護講習,ja,google_ja_jp,二種免許
二種免許 宮城県,ja,bing_ja-JP,二種免許
二種免許 国家資格,ja,bing_ja-JP,二種免許
日本的司机怎么说,zh,baidu,日本 司机 招聘
去日本当司机需要什么条件,zh,baidu,日本 司机 招聘
日本公交司机招聘条件,zh,baidu,日本 司机 招聘
タクシー会社 m&a,ja,bing_ja-JP,英語 タクシー 運転手 東京
二種免許 ペーパードライバー,ja,google_ja_jp,二種免許
二種免許 パート,ja,google_ja_jp,二種免許
二種免許 プロドライバー,ja,google_ja_jp,二種免許
二種免許 プロ,ja,google_ja_jp,二種免許
ペットタクシー 二種免許,ja,google_ja_jp,二種免許
ペースメーカー 二種免許,ja,google_ja_jp,二種免許
パトカー 二種免許,ja,google_ja_jp,二種免許
二種免許 料金,ja,bing_ja-JP,二種免許
二種免許 履歴書,ja,bing_ja-JP,二種免許
二種免許 流れ,ja,bing_ja-JP,二種免許
二種免許 受験資格,ja,bing_ja-JP,二種免許
二種免許 取得条件,ja,bing_ja-JP,二種免許
premium chauffeurs oy ltd,en,bing_en-JP,chauffeur japan
日本 司机 招聘 兼职信息,zh,baidu,日本 司机 招聘
日本 司机 招聘 兼职可靠吗,zh,baidu,日本 司机 招聘
日本卡车司机工资,zh,baidu,日本 司机 招聘
二種免許 視力条件,ja,bing_ja-JP,二種免許
二種免許 試験内容,ja,bing_ja-JP,二種免許
二種免許取得費用,ja,bing_ja-JP,二種免許
二種免許 更新,ja,bing_ja-JP,二種免許
二種免許 視力検査,ja,bing_ja-JP,二種免許
二種免許 埼玉,ja,bing_ja-JP,二種免許
日本 司机 招聘 公司有哪些,zh,baidu,日本 司机 招聘
日本 司机 招聘 公司怎么样,zh,baidu,日本 司机 招聘
二種免許 料金,ja,google_ja_jp,二種免許
二種免許 履歴書,ja,google_ja_jp,二種免許
二種免許 路上教習,ja,google_ja_jp,二種免許
二種免許 練習問題,ja,google_ja_jp,二種免許
二種免許 霊柩車,ja,google_ja_jp,二種免許
二種免許 履歴書 書き方,ja,google_ja_jp,二種免許
二種免許 ライドシェア,ja,google_ja_jp,二種免許
二種免許 路上試験,ja,google_ja_jp,二種免許
二種免許 旅客運送,ja,google_ja_jp,二種免許
二種免許 特例教習,ja,bing_ja-JP,二種免許
二種免許 タクシー,ja,bing_ja-JP,二種免許
二種免許 テキスト,ja,bing_ja-JP,二種免許
二種免許 タクシー以外,ja,bing_ja-JP,二種免許
二種免許 トラック,ja,bing_ja-JP,二種免許
二種免許 テスト,ja,bing_ja-JP,二種免許
二種免許 タクシー会社,ja,bing_ja-JP,二種免許
二種免許 てんかん,ja,bing_ja-JP,二種免許
二種免許 年齢,ja,bing_ja-JP,二種免許
日本包车司机会和你一起用餐吗,zh,baidu,日本 包车 司机
日本包车一天多少钱,zh,baidu,日本 包车 司机
日本包车一天10小时多少钱啊,zh,baidu,日本 包车 司机
日本包车,zh,baidu,日本 包车 司机
日本包车游哪个平台好,zh,baidu,日本 包车 司机
日本包车一般都是什么价格,zh,baidu,日本 包车 司机
日本包车平台,zh,baidu,日本 包车 司机
日本 包车 司机工资多少,zh,baidu,日本 包车 司机
日本 包车 司机招聘,zh,baidu,日本 包车 司机
日本 包车 司机招聘网站,zh,baidu,日本 包车 司机
二種免許 取得条件,ja,google_ja_jp,二種免許
二種免許 視力,ja,google_ja_jp,二種免許
二種免許 正式名称,ja,google_ja_jp,二種免許
二種免許 試験内容,ja,google_ja_jp,二種免許
二種免許 種類,ja,google_ja_jp,二種免許
二種免許 仕事,ja,google_ja_jp,二種免許
二種免許 試験,ja,google_ja_jp,二種免許
二種免許 視力検査,ja,google_ja_jp,二種免許
二種免許 取得費用,ja,google_ja_jp,二種免許
二種免許 深視力,ja,google_ja_jp,二種免許
二種免許 内容,ja,bing_ja-JP,二種免許
二種免許 海外,ja,bing_ja-JP,二種免許
二種免許 受験料,ja,bing_ja-JP,二種免許
二種免許 uber,ja,bing_ja-JP,二種免許
二種免許 受験資格特例教習,ja,bing_ja-JP,二種免許
二種免許 運転,ja,bing_ja-JP,二種免許
二種免許 運転代行,ja,bing_ja-JP,二種免許
二種免許 運転免許,ja,bing_ja-JP,二種免許
二種免許 運転適性検査,ja,bing_ja-JP,二種免許
bilingual jobs near me,en,google_en_jp,bilingual driver
high paying bilingual jobs,en,google_en_jp,bilingual driver
二種免許 取れ なかった,ja,google_ja_jp,二種免許
二種免許 タクシー,ja,google_ja_jp,二種免許
二種免許 とは,ja,google_ja_jp,二種免許
二種免許 特例教習,ja,google_ja_jp,二種免許
二種免許 適性検査,ja,google_ja_jp,二種免許
二種免許 飛び込み,ja,google_ja_jp,二種免許
日本 包车 司机安全吗,zh,baidu,日本 包车 司机
日本包车网站,zh,baidu,日本 包车 司机
日本包车平台app,zh,baidu,日本 包车 司机
日本黄包车收入,zh,baidu,日本 包车 司机
日本包车一日游的价格,zh,baidu,日本 包车 司机
日本司机收入怎么样,zh,baidu,日本 包车 司机
日本出租车司机,zh,baidu,日本 包车 司机
二種免許 v字,ja,bing_ja-JP,二種免許
what is chauffeur service,en,bing_en-JP,chauffeur japan
bilingual jobs hiring near me,en,google_en_jp,bilingual driver
hiring bilingual near me,en,google_en_jp,bilingual driver
bilingual front desk jobs near me,en,google_en_jp,bilingual driver
entry level bilingual jobs near me,en,google_en_jp,bilingual driver
介護タクシーh&r,ja,bing_ja-JP,英語 タクシー 運転手 東京
二種免許 運転代行,ja,google_ja_jp,二種免許
二種免許 裏校,ja,google_ja_jp,二種免許
二種免許 ウルトラ教室,ja,google_ja_jp,二種免許
二種免許 運転,ja,google_ja_jp,二種免許
二種免許 運転できる車,ja,google_ja_jp,二種免許
二種免許 受からない,ja,google_ja_jp,二種免許
二種免許 運転経験,ja,google_ja_jp,二種免許
二種免許 uターン,ja,google_ja_jp,二種免許
二種免許 ウーバー,ja,google_ja_jp,二種免許
二種免許 受かるコツ,ja,google_ja_jp,二種免許
日本包车联系方式,zh,baidu,日本 包车 司机
二種免許 技能教習,ja,bing_ja-JP,二種免許
二種免許 技能試験 内容,ja,bing_ja-JP,二種免許
东京包车一日游,zh,google_zh-CN_cn,东京 包车
东京包车价钱,zh,google_zh-CN_cn,东京 包车
东京 包车,zh,google_zh-CN_cn,东京 包车
东京包车dcard,zh,google_zh-CN_cn,东京 包车
东京包车旅游,zh,google_zh-CN_cn,东京 包车
东京 包车 推荐,zh,google_zh-CN_cn,东京 包车
东京包车富士山,zh,google_zh-CN_cn,东京 包车
东京包车一日游价格,zh,google_zh-CN_cn,东京 包车
东京包车ptt,zh,google_zh-CN_cn,东京 包车
东京包车推荐dcard,zh,google_zh-CN_cn,东京 包车
二種免許 v字,ja,google_ja_jp,二種免許
chauffeur new york city,en,bing_en-JP,chauffeur japan
大型二種免許 x,ja,bing_ja-JP,二種免許
牽引二種免許 x,ja,bing_ja-JP,二種免許
大型二種免許大型一種免許 x,ja,bing_ja-JP,二種免許
大特二種免許 x,ja,bing_ja-JP,二種免許
日本租车带司机,zh,baidu,日本 包车 司机
映画・東京タクシー,ja,bing_ja-JP,英語 タクシー 運転手 東京
二種免許 要件,ja,bing_ja-JP,二種免許
二種免許 幼稚園,ja,bing_ja-JP,二種免許
二種免許 養護教諭,ja,bing_ja-JP,二種免許
二種免許 和歌山,ja,google_ja_jp,二種免許
二種免許 割合,ja,google_ja_jp,二種免許
二種免許 若山,ja,google_ja_jp,二種免許
若山 哲夫 二種免許,ja,google_ja_jp,二種免許
若山容疑者 二種免許,ja,google_ja_jp,二種免許
若山哲夫容疑者 二種免許,ja,google_ja_jp,二種免許
ワンマン代行 二種免許,ja,google_ja_jp,二種免許
和歌山市 二種免許,ja,google_ja_jp,二種免許
レインボーモータースクール 和光 二種免許,ja,google_ja_jp,二種免許
东京包车半日,zh,google_zh-CN_cn,东京 包车
u-next 東京タクシー,ja,bing_ja-JP,英語 タクシー 運転手 東京
日本 包车 司机恶搞视频,zh,baidu,日本 包车 司机
映画、東京タクシー,ja,bing_ja-JP,英語 タクシー 運転手 東京
大型二種免許 一発で 取る コツ,ja,bing_ja-JP,二種免許
大型二種免許 一発試験 合格 方法,ja,bing_ja-JP,二種免許
免許 普通 1種 2種 免許証,ja,bing_ja-JP,二種免許
大型二種免許 どのくらい で 取れる,ja,bing_ja-JP,二種免許
普通自動車免許 1 種 2 種免許証,ja,bing_ja-JP,二種免許
免許 中型 1種 2種 免許証,ja,bing_ja-JP,二種免許
普通運転免許証 1 種 2 種,ja,bing_ja-JP,二種免許
一種免許 二種免許 違い 教員,ja,bing_ja-JP,二種免許
大型自動車免許 1 種 2 種免許証,ja,bing_ja-JP,二種免許
二種免許 要件,ja,google_ja_jp,二種免許
二種免許 予約,ja,google_ja_jp,二種免許
二種免許 幼稚園バス,ja,google_ja_jp,二種免許
二種免許 役に立つ,ja,google_ja_jp,二種免許
二種免許 横浜,ja,google_ja_jp,二種免許
二種免許 横須賀,ja,google_ja_jp,二種免許
日本 包车 司机服装图片,zh,baidu,日本 包车 司机
东京包车到河口湖,zh,google_zh-CN_cn,东京 包车
东京包车到机场,zh,google_zh-CN_cn,东京 包车
chauffeur new york luxury,en,bing_en-JP,chauffeur japan
大型二種免許求人九州,ja,bing_ja-JP,二種免許
普通二種免許求人,ja,bing_ja-JP,二種免許
普通自動車免許 一種 二種 違い,ja,bing_ja-JP,二種免許
日本 包车 司机工资高吗,zh,baidu,日本 包车 司机
东京包车二日,zh,google_zh-CN_cn,东京 包车
东京 越后汤泽 包车,zh,google_zh-CN_cn,东京 包车
二種免許 募集,ja,google_ja_jp,二種免許
a to z chauffeur,en,bing_en-JP,chauffeur japan
ik zoek een chauffeur,en,bing_en-JP,chauffeur japan
chauffeur service in zurich,en,bing_en-JP,chauffeur japan
大型二種合宿免許料金,ja,bing_ja-JP,二種免許
普通二種免許料金,ja,bing_ja-JP,二種免許
大型二種免許料金,ja,bing_ja-JP,二種免許
普通二種免許教習所料金,ja,bing_ja-JP,二種免許
大型二種免許教習所料金,ja,bing_ja-JP,二種免許
东京包车费用,zh,google_zh-CN_cn,东京 包车
东京包车服务,zh,google_zh-CN_cn,东京 包车
介護タクシー 二種免許 求人,ja,google_ja_jp,二種免許
沖縄 二種免許 求人,ja,google_ja_jp,二種免許
札幌 二種免許 求人,ja,google_ja_jp,二種免許
タクシー 求人 二種免許,ja,google_ja_jp,二種免許
chauffeur jobs near me,en,bing_en-JP,chauffeur japan
chauffeur jobs near me full time,en,bing_en-JP,chauffeur japan
chauffeur jobs near me part time,en,bing_en-JP,chauffeur japan
chauffeur jobs in nairobi,en,bing_en-JP,chauffeur japan
je cherche un emploi chauffeur,en,bing_en-JP,chauffeur japan
chauffeur jobs in der nähe,en,bing_en-JP,chauffeur japan
chauffeur jobs in der nähe von zürich,en,bing_en-JP,chauffeur japan
recherche emploi de chauffeur,en,bing_en-JP,chauffeur japan
chauffeur jobs near me no experience,en,bing_en-JP,chauffeur japan
免許証 第一種 第二種 見分け方,ja,bing_ja-JP,二種免許
普通自動車免許 一種 二種 見分け方,ja,bing_ja-JP,二種免許
大型自動車第一種・ 第二種免許,ja,bing_ja-JP,二種免許
自動車免許 1種 2種 見分け方,ja,bing_ja-JP,二種免許
东京 御殿场 包车,zh,google_zh-CN_cn,东京 包车
二種免許 学科試験 料金,ja,google_ja_jp,二種免許
二種免許 教習所 料金,ja,google_ja_jp,二種免許
chauffeur near me hiring,en,bing_en-JP,chauffeur japan
how to hire a chauffeur,en,bing_en-JP,chauffeur japan
chauffeur driver near me hiring,en,bing_en-JP,chauffeur japan
普通二種免許教習所東京,ja,bing_ja-JP,二種免許
中型二種免許東京,ja,bing_ja-JP,二種免許
二種免許教習所東京,ja,bing_ja-JP,二種免許
大型二種免許教習所東京,ja,bing_ja-JP,二種免許
二種免許学科試験東京,ja,bing_ja-JP,二種免許
普通二種免許東京,ja,bing_ja-JP,二種免許
大型二種免許東京,ja,bing_ja-JP,二種免許
东京包车 河口湖,zh,google_zh-CN_cn,东京 包车
东京 包车 服务,zh,google_zh-CN_cn,东京 包车
东京 包车 富士山,zh,google_zh-CN_cn,东京 包车
东京 包车 一 日 游,zh,google_zh-CN_cn,东京 包车
东京 包车 去 富士山,zh,google_zh-CN_cn,东京 包车
东京 到 富士山 包车,zh,google_zh-CN_cn,东京 包车
东京 箱根 包车,zh,google_zh-CN_cn,东京 包车
东京 富士山 包车 费用,zh,google_zh-CN_cn,东京 包车
タクシー求人 東京 入社 祝い金,ja,bing_ja-JP,英語 タクシー 運転手 東京
how much is a chauffeur,en,bing_en-JP,chauffeur japan
how much does a chauffeur cost,en,bing_en-JP,chauffeur japan
how much does a chauffeur cost uk,en,bing_en-JP,chauffeur japan
chauffeur near me prices,en,bing_en-JP,chauffeur japan
cost of chauffeur for a day,en,bing_en-JP,chauffeur japan
日本 包车 司机几点上班,zh,baidu,日本 包车 司机
外国免許 10問 テスト 中国語,ja,bing_ja-JP,二種免許
中国語検定2級 受 から ない,ja,bing_ja-JP,二種免許
中学校・高等学校教諭一種免許状 国語,ja,bing_ja-JP,二種免許
东京 包车 一天 多少 钱,zh,google_zh-CN_cn,东京 包车
东京 包车 一日游,zh,google_zh-CN_cn,东京 包车
东京包车一日游 价格,zh,google_zh-CN_cn,东京 包车
kkday 东京包车一日游,zh,google_zh-CN_cn,东京 包车
札幌 タクシー 運転 手 求人,ja,bing_ja-JP,英語 タクシー 運転手 東京
代行タクシー、求人,ja,bing_ja-JP,英語 タクシー 運転手 東京
日本 包车 司机开车视频,zh,baidu,日本 包车 司机
日本旅游包车,zh,baidu,日本 包车 司机
二種免許 外国人,ja,bing_ja-JP,二種免許 外国人
外国人二種免許,ja,bing_ja-JP,二種免許 外国人
大型二種免許外国人,ja,bing_ja-JP,二種免許 外国人
外国人二種免許取得,ja,bing_ja-JP,二種免許 外国人
第二種免許外国人,ja,bing_ja-JP,二種免許 外国人
免許 外国人 切り替え 試験場は3つ,ja,bing_ja-JP,二種免許 外国人
外国人 運転免許 切り替え 試験,ja,bing_ja-JP,二種免許 外国人
外国人 運転免許 切り替え 試験問題,ja,bing_ja-JP,二種免許 外国人
二種免許 どのくらい で 取れる,ja,bing_ja-JP,二種免許 外国人
外国人 運転免許 切り替え 試験問題集,ja,bing_ja-JP,二種免許 外国人
自動車免許 一種 二種 何が違う,ja,bing_ja-JP,二種免許 外国人
外国人 運転免許 切り替え ニュース,ja,bing_ja-JP,二種免許 外国人
chauffeur service dubai and abu dhabi,en,bing_en-JP,chauffeur japan
chauffeur service in london for corporate,en,bing_en-JP,chauffeur japan
chauffeur service in dubai,en,bing_en-JP,chauffeur japan
chauffeur services cape town,en,bing_en-JP,chauffeur japan
二種免許 東京 予約,ja,google_ja_jp,二種免許
二種免許 学科試験 予約 東京,ja,google_ja_jp,二種免許
二種免許 合宿 東京,ja,google_ja_jp,二種免許
二種免許 費用 東京,ja,google_ja_jp,二種免許
二種免許 アルバイト 東京,ja,google_ja_jp,二種免許
中型 二種免許 東京,ja,google_ja_jp,二種免許
東京未来大学 二種免許,ja,google_ja_jp,二種免許
東京自動車学院 二種免許,ja,google_ja_jp,二種免許
東京 二種免許 学科,ja,google_ja_jp,二種免許
东京包车接送,zh,google_zh-CN_cn,东京 包车
东京包车机场,zh,google_zh-CN_cn,东京 包车
タクシー 1日 貸切 料金 東京,ja,bing_ja-JP,英語 タクシー 運転手 東京
タクシー 迎車料金 無料 東京,ja,bing_ja-JP,英語 タクシー 運転手 東京
東京 タクシー 料金 10km,ja,bing_ja-JP,英語 タクシー 運転手 東京
タクシー 深夜料金 何時から 東京,ja,bing_ja-JP,英語 タクシー 運転手 東京
タクシー 一日貸切 金額 東京,ja,bing_ja-JP,英語 タクシー 運転手 東京
東京 タクシー 12km 料金,ja,bing_ja-JP,英語 タクシー 運転手 東京
東京 タクシー 20km 料金,ja,bing_ja-JP,英語 タクシー 運転手 東京
タクシー 定額 乗り放題 東京,ja,bing_ja-JP,英語 タクシー 運転手 東京
東京 タクシー 初乗り料金 距離,ja,bing_ja-JP,英語 タクシー 運転手 東京
東京 タクシー 予約 おすすめ,ja,bing_ja-JP,英語 タクシー 運転手 東京
タクシー 料金 検索 東京初乗り,ja,bing_ja-JP,英語 タクシー 運転手 東京
自動車免許 1 種 2 種違い,ja,bing_ja-JP,二種免許 外国人
普通自動車免許 一種 二種 違い,ja,bing_ja-JP,二種免許 外国人
二種免許 一発試験 合格 方法,ja,bing_ja-JP,二種免許 外国人
大型自動車免許 一種 二種 違い,ja,bing_ja-JP,二種免許 外国人
大型特殊免許 一種 二種 違い,ja,bing_ja-JP,二種免許 外国人
日本 包车 司机累不累,zh,baidu,日本 包车 司机
二種免許 中国語問題集,ja,google_ja_jp,二種免許
二種免許 中国語,ja,google_ja_jp,二種免許
二種免許 中国語 教習所,ja,google_ja_jp,二種免許
二種免許 学科試験 中国語,ja,google_ja_jp,二種免許
二種免許 資格要件 緩和 いつから,ja,bing_ja-JP,二種免許 外国人
meaning of chauffeur in english,en,bing_en-JP,chauffeur japan
what is the meaning of chauffeur,en,bing_en-JP,chauffeur japan
un chauffeur en anglais,en,bing_en-JP,chauffeur japan
what does the word chauffeur mean,en,bing_en-JP,chauffeur japan
traduire chauffeur en anglais,en,bing_en-JP,chauffeur japan
what does chauffeur mean in french,en,bing_en-JP,chauffeur japan
chauffeur meaning in tagalog,en,bing_en-JP,chauffeur japan
东京 包车 行程,zh,google_zh-CN_cn,东京 包车
东京 包车 河口湖,zh,google_zh-CN_cn,东京 包车
东京 近郊 包车,zh,google_zh-CN_cn,东京 包车
klook 东京 包车,zh,google_zh-CN_cn,东京 包车
二種免許 外国人,ja,google_ja_jp,二種免許 外国人
中型自動車免許 一種 二種 違い,ja,bing_ja-JP,二種免許 外国人
外国免許 切り替え 試験 内容,ja,bing_ja-JP,二種免許 外国人
chauffeur meaning in malay,en,bing_en-JP,chauffeur japan
chauffage chinois pour camping car,en,bing_en-JP,chauffeur japan
东京包车旅游费用,zh,google_zh-CN_cn,东京 包车
大型特殊第一種・第二種免許 違い,ja,bing_ja-JP,二種免許 外国人
大型免許 第一種 第二種 違い,ja,bing_ja-JP,二種免許 外国人
大型自動車第一種・ 第二種免許,ja,bing_ja-JP,二種免許 外国人
大型二種免許 一発で 取る コツ,ja,bing_ja-JP,二種免許 外国人
自動車免許 第一種 第二種 違い,ja,bing_ja-JP,二種免許 外国人
大型特殊免許 1 種 2 種違い,ja,bing_ja-JP,二種免許 外国人
普通免許 第一種 第二種 違い,ja,bing_ja-JP,二種免許 外国人
driver's license in japan,en,bing_en-JP,driver jobs japan
driving-japan,en,bing_en-JP,driver jobs japan
japanese driver's license,en,bing_en-JP,driver jobs japan
car rental with driver in japan,en,bing_en-JP,driver jobs japan
hiring a private driver in japan,en,bing_en-JP,driver jobs japan
personal driver in japan,en,bing_en-JP,driver jobs japan
automotive jobs in japan,en,bing_en-JP,driver jobs japan
private driver in japan,en,bing_en-JP,driver jobs japan
uk driver in japan,en,bing_en-JP,driver jobs japan
jobs as a driver,en,bing_en-JP,driver jobs japan
job driver vacancy in delhi,en,bing_en-JP,driver jobs japan
private car hire with driver japan,en,bing_en-JP,driver jobs japan
日本 包车 司机欧美视频,zh,baidu,日本 包车 司机
第二種免許 費用 普通免許 あり,ja,bing_ja-JP,二種免許 外国人
driving license in japan,en,bing_en-JP,driver jobs japan
international drivers license japan,en,bing_en-JP,driver jobs japan
driving in japan as a uk driver,en,bing_en-JP,driver jobs japan
ハイヤー ドライバー,ja,bing_ja-JP,ハイヤー ドライバー
ハイヤー ドライバー 求人,ja,bing_ja-JP,ハイヤー ドライバー
ハイヤードライバーとは,ja,bing_ja-JP,ハイヤー ドライバー
ハイヤードライバー 年収,ja,bing_ja-JP,ハイヤー ドライバー
ハイヤードライバー 評判,ja,bing_ja-JP,ハイヤー ドライバー
ハイヤードライバー きつい,ja,bing_ja-JP,ハイヤー ドライバー
ハイヤードライバー派遣,ja,bing_ja-JP,ハイヤー ドライバー
テーラーメイドドライバーハイヤー,ja,bing_ja-JP,ハイヤー ドライバー
日本 包车 司机排名,zh,baidu,日本 包车 司机
driver vacancies in jhb,en,bing_en-JP,driver jobs japan
东京 包车 送机,zh,google_zh-CN_cn,东京 包车
ハイヤードライバー年収,ja,bing_ja-JP,ハイヤー ドライバー
ハイヤードライバー求人,ja,bing_ja-JP,ハイヤー ドライバー
プロドライバーハイヤー,ja,bing_ja-JP,ハイヤー ドライバー
ハイヤードライバー評判,ja,bing_ja-JP,ハイヤー ドライバー
ハイヤードライバーきつい,ja,bing_ja-JP,ハイヤー ドライバー
ドライバージャパンハイヤー,ja,bing_ja-JP,ハイヤー ドライバー
ドライバー ★,ja,bing_ja-JP,ハイヤー ドライバー
エア-ドライヤー,ja,bing_ja-JP,ハイヤー ドライバー
ドライブ・バイ・ワイヤ,ja,bing_ja-JP,ハイヤー ドライバー
ハイヤー・アンド・ハイヤー,ja,bing_ja-JP,ハイヤー ドライバー
car mechanic jobs in japan,en,bing_en-JP,driver jobs japan
b-limited b1 ドライバー,ja,bing_ja-JP,ハイヤー ドライバー
b&d ドライバー,ja,bing_ja-JP,ハイヤー ドライバー
ドライバービット a タイプ b タイプ,ja,bing_ja-JP,ハイヤー ドライバー
日本 包车 司机软件下载,zh,baidu,日本 包车 司机
外国人技能実習生 1 号と 2 号の違い,ja,bing_ja-JP,二種免許 外国人
外国人技能実習生 1号 2号 3号 違い,ja,bing_ja-JP,二種免許 外国人
东京包车去富士山,zh,google_zh-CN_cn,东京 包车
description of the japanese driver's license,en,bing_en-JP,driver jobs japan
driver of the day japan,en,bing_en-JP,driver jobs japan
dz driver jobs near me,en,bing_en-JP,driver jobs japan
type-c ドライバー,ja,bing_ja-JP,ハイヤー ドライバー
c&cドライバー,ja,bing_ja-JP,ハイヤー ドライバー
usb type c ドライバー,ja,bing_ja-JP,ハイヤー ドライバー
c&cドライバーとは,ja,bing_ja-JP,ハイヤー ドライバー
日本 包车 司机收入多少,zh,baidu,日本 包车 司机
vip 送迎 ドライバー きつい,ja,google_ja_jp,VIP 送迎
japan international driver's license,en,bing_en-JP,driver jobs japan
jaf 外国人 運転免許 切り替え,ja,bing_ja-JP,二種免許 外国人
jra 短期免許 外国人 予定,ja,bing_ja-JP,二種免許 外国人
外国免許 切替 書類審査 難しい,ja,bing_ja-JP,二種免許 外国人
外国免許 切り替え 練習 東京,ja,bing_ja-JP,二種免許 外国人
海外 運転免許 日本 切り替え,ja,bing_ja-JP,二種免許 外国人
免許 普通 1種 2種 免許証,ja,bing_ja-JP,二種免許 外国人
dd-2 ドライバー,ja,bing_ja-JP,ハイヤー ドライバー
d/d ワイヤー,ja,bing_ja-JP,ハイヤー ドライバー
driving license in japan for foreigners,en,bing_en-JP,driver jobs japan
driving in japan for foreigners,en,bing_en-JP,driver jobs japan
东京包车三天,zh,google_zh-CN_cn,东京 包车
东京 包车 迪士尼,zh,google_zh-CN_cn,东京 包车
东京 白马 包车,zh,google_zh-CN_cn,东京 包车
东京 市区 包车,zh,google_zh-CN_cn,东京 包车
东京 小巴 包车,zh,google_zh-CN_cn,东京 包车
e-better ドライバ,ja,bing_ja-JP,ハイヤー ドライバー
e better ドライバ ダウンロード,ja,bing_ja-JP,ハイヤー ドライバー
ドライヤー eh-ne2k,ja,bing_ja-JP,ハイヤー ドライバー
japan car driver side,en,bing_en-JP,driver jobs japan
g drivers ontario jobs,en,bing_en-JP,driver jobs japan
东京包车推荐ptt,zh,google_zh-CN_cn,东京 包车
东京包车 推荐,zh,google_zh-CN_cn,东京 包车
东京 包车 旅游,zh,google_zh-CN_cn,东京 包车
东京 包车 多少 钱,zh,google_zh-CN_cn,东京 包车
东京 包车 中文,zh,google_zh-CN_cn,东京 包车
东京 包车 机场,zh,google_zh-CN_cn,东京 包车
东京 机场接送 包车,zh,google_zh-CN_cn,东京 包车
外国人 運転免許 切り替え 必要書類,ja,bing_ja-JP,二種免許 外国人
外国人 免許 日本で運転 翻訳,ja,bing_ja-JP,二種免許 外国人
技能実習在留資格を有する外国人材が就労する分野・業種と国籍,ja,bing_ja-JP,二種免許 外国人
外国人 運転免許試験問題 英語 pdf,ja,bing_ja-JP,二種免許 外国人
有限会社f・バイヤー,ja,bing_ja-JP,ハイヤー ドライバー
ハイ・フライヤー,ja,bing_ja-JP,ハイヤー ドライバー
f-1ドライバー,ja,bing_ja-JP,ハイヤー ドライバー
driver jobs in hong kong,en,bing_en-JP,driver jobs japan
job driver vacancy in hyderabad,en,bing_en-JP,driver jobs japan
普通二種免許 at mt どっち,ja,bing_ja-JP,二種免許 外国人
g-gear ドライバー,ja,bing_ja-JP,ハイヤー ドライバー
the-g ドライバー,ja,bing_ja-JP,ハイヤー ドライバー
g&hワイヤー,ja,bing_ja-JP,ハイヤー ドライバー
外国人 運転免許 切り替え 試験 大阪,ja,bing_ja-JP,二種免許 外国人
i-air ドライヤー,ja,bing_ja-JP,ハイヤー ドライバー
i-ne ドライヤー,ja,bing_ja-JP,ハイヤー ドライバー
ドライバー #1,ja,bing_ja-JP,ハイヤー ドライバー
latest driver job vacancies in kenya,en,bing_en-JP,driver jobs japan
driver jobs in kenya today,en,bing_en-JP,driver jobs japan
driver jobs in kenya,en,bing_en-JP,driver jobs japan
latest driver jobs in kenya posted today,en,bing_en-JP,driver jobs japan
organisation offering driver jobs in kenya,en,bing_en-JP,driver jobs japan
东京包车行程,zh,google_zh-CN_cn,东京 包车
kkday 东京 包车,zh,google_zh-CN_cn,东京 包车
普通免許 1 種と 2 種の違い,ja,bing_ja-JP,二種免許 外国人
普通 1 種と 2 種の違い免許証,ja,bing_ja-JP,二種免許 外国人
普通自動車免許 1種 2種 違い,ja,bing_ja-JP,二種免許 外国人
普通自動車免許 1 種 2 種免許証,ja,bing_ja-JP,二種免許 外国人
日本 包车 司机有工资吗,zh,baidu,日本 包车 司机
j.ドライヤー,ja,bing_ja-JP,ハイヤー ドライバー
j・ドライヤー,ja,bing_ja-JP,ハイヤー ドライバー
j's ドライバー,ja,bing_ja-JP,ハイヤー ドライバー
キャロウェイ パラダイム ドライバー トリプルダイヤ,ja,bing_ja-JP,ハイヤー ドライバー
j・ドライヤー ドジャース,ja,bing_ja-JP,ハイヤー ドライバー
international drivers licence japan,en,bing_en-JP,driver jobs japan
东京包车一天多少,zh,google_zh-CN_cn,东京 包车
东京包车一日游推荐,zh,google_zh-CN_cn,东京 包车
东京包车一天,zh,google_zh-CN_cn,东京 包车
东京包车一日,zh,google_zh-CN_cn,东京 包车
vip 送迎 車,ja,google_ja_jp,VIP 送迎
career in japan マイナビ,en,bing_en-JP,driver jobs japan
japan jdm car hire,en,bing_en-JP,driver jobs japan
日本 包车 司机赚钱吗,zh,baidu,日本 包车 司机
东京 自由行 包车,zh,google_zh-CN_cn,东京 包车
ライバー さちsmile🌹🍀🌈,ja,bing_ja-JP,ハイヤー ドライバー
ドライバー #2,ja,bing_ja-JP,ハイヤー ドライバー
ドライバー #2とは,ja,bing_ja-JP,ハイヤー ドライバー
l型+ドライバー,ja,bing_ja-JP,ハイヤー ドライバー
ドライバー #1 #2,ja,bing_ja-JP,ハイヤー ドライバー
レシーバー&ドライヤー,ja,bing_ja-JP,ハイヤー ドライバー
l-100型ドライヤー,ja,bing_ja-JP,ハイヤー ドライバー
kakaku.com ドライヤー,ja,bing_ja-JP,ハイヤー ドライバー
日本 包车 司机 招聘信息,zh,baidu,日本 包车 司机
日本 包车 司机 招聘,zh,baidu,日本 包车 司机
日本 包车 司机 招聘网站,zh,baidu,日本 包车 司机
日本出租车司机招聘条件,zh,baidu,日本 包车 司机
日本劳务司机招聘网站,zh,baidu,日本 包车 司机
international driver license in japan,en,bing_en-JP,driver jobs japan
elderly drivers in japan,en,bing_en-JP,driver jobs japan
东京包车 价格,zh,google_zh-CN_cn,东京 包车
日本 包车 司机 价格表,zh,baidu,日本 包车 司机
日本 包车 司机 价格多少,zh,baidu,日本 包车 司机
日本 包车 司机 价格一般多少,zh,baidu,日本 包车 司机
平成 29 年 3 月以降に普通免許を取得した人は 2t 車,ja,bing_ja-JP,二種免許 外国人
personal driver jobs singapore,en,bing_en-JP,driver jobs japan
private driver in tokyo,en,bing_en-JP,driver jobs japan
singapore personal driver job,en,bing_en-JP,driver jobs japan
日本 包车 司机 介绍视频,zh,baidu,日本 包车 司机
日本 包车 司机 介绍词,zh,baidu,日本 包车 司机
オーバー-ドライブ,ja,bing_ja-JP,ハイヤー ドライバー
日本 包车 司机 东京招聘,zh,baidu,日本 包车 司机
日本东京包车价格,zh,baidu,日本 包车 司机
在日本东京请一位全职司机多少钱,zh,baidu,日本 包车 司机
在日本东京拉黄包车一小时多少钱,zh,baidu,日本 包车 司机
东京司机招聘,zh,baidu,日本 包车 司机
ドライヤー p-up,ja,bing_ja-JP,ハイヤー ドライバー
ドライバー pat.p,ja,bing_ja-JP,ハイヤー ドライバー
p-upドライヤー,ja,bing_ja-JP,ハイヤー ドライバー
日本 包车 司机 兼职平台,zh,baidu,日本 包车 司机
日本 包车 司机 兼职招聘,zh,baidu,日本 包车 司机
日本 包车 司机 兼职怎么样,zh,baidu,日本 包车 司机
qi10 max ドライバー ライ角,ja,bing_ja-JP,ハイヤー ドライバー
qhy5-ii ドライバー,ja,bing_ja-JP,ハイヤー ドライバー
日本 包车 司机 公司有哪些,zh,baidu,日本 包车 司机
日本 包车 司机 公司排名,zh,baidu,日本 包车 司机
日本 包车 司机 公司叫什么,zh,baidu,日本 包车 司机
intel r ワイヤレス bluetooth r ドライバー,ja,bing_ja-JP,ハイヤー ドライバー
ロマロ ray type r ドライバー 評価,ja,bing_ja-JP,ハイヤー ドライバー
r ドライバ ダウンロード 便利,ja,bing_ja-JP,ハイヤー ドライバー
r ドライバ ダウンロード windows,ja,bing_ja-JP,ハイヤー ドライバー
vip 送迎 サービス,ja,google_ja_jp,VIP 送迎
日本驾照几年一更新,zh,baidu,日本 二种驾照
日本驾照十个问题,zh,baidu,日本 二种驾照
日本驾驶证可以在哪些国家使用,zh,baidu,日本 二种驾照
日本驾照如何在国内使用,zh,baidu,日本 二种驾照
日本驾照级别一览表,zh,baidu,日本 二种驾照
日本二种驾照考试题,zh,baidu,日本 二种驾照
日本驾驶证好考吗,zh,baidu,日本 二种驾照
日本 二种驾照是什么,zh,baidu,日本 二种驾照
日本的驾照,zh,baidu,日本 二种驾照
日本 二种驾照叫什么,zh,baidu,日本 二种驾照
us driving in japan,en,bing_en-JP,driver jobs japan
usa driver job opportunities,en,bing_en-JP,driver jobs japan
japanese automotive jobs in the usa,en,bing_en-JP,driver jobs japan
usa driver job openings,en,bing_en-JP,driver jobs japan
日本专车接送,zh,google_zh-CN_cn,日本 专车
日本 专车 旅游,zh,google_zh-CN_cn,日本 专车
日本 专车,zh,google_zh-CN_cn,日本 专车
日本 首相 专车,zh,google_zh-CN_cn,日本 专车
日本 机场 专车 接送,zh,google_zh-CN_cn,日本 专车
日本 机场 专车,zh,google_zh-CN_cn,日本 专车
日本 女性 专车,zh,google_zh-CN_cn,日本 专车
日本 天皇 专车,zh,google_zh-CN_cn,日本 专车
日本 迪士尼 专车,zh,google_zh-CN_cn,日本 专车
z e-1 免許,ja,bing_ja-JP,二種免許 外国人
免許 中型 1種 2種 免許証,ja,bing_ja-JP,二種免許 外国人
日本二种驾照是什么意思,zh,baidu,日本 二种驾照
日本二种驾照申请条件,zh,baidu,日本 二种驾照
日本二种驾照怎么考,zh,baidu,日本 二种驾照
日本驾照种类,zh,baidu,日本 二种驾照
日本驾照分几种类型,zh,baidu,日本 二种驾照
日本驾照等级划分,zh,baidu,日本 二种驾照
日本驾照上的种类的意思,zh,baidu,日本 二种驾照
日本驾照分c1和c2吗,zh,baidu,日本 二种驾照
日本驾照有c1c2吗,zh,baidu,日本 二种驾照
日本普通二种驾照能开什么车,zh,baidu,日本 二种驾照
japan drivers test practice,en,bing_en-JP,driver jobs japan
日本 二种驾照不能开车,zh,baidu,日本 二种驾照
日本驾照项目有哪些,zh,baidu,日本 二种驾照
work driver jobs hiring now,en,bing_en-JP,driver jobs japan
日本 二种驾照车型,zh,baidu,日本 二种驾照
hyper-v ドライバー,ja,bing_ja-JP,ハイヤー ドライバー
ハイマイヤー trv-d,ja,bing_ja-JP,ハイヤー ドライバー
大型二種免許 どのくらい で 取れる,ja,bing_ja-JP,二種免許 外国人
日本二种驾照的条件是什么,zh,baidu,日本 二种驾照
日本 二种驾照多少钱,zh,baidu,日本 二种驾照
フライ・バイ・ワイヤー,ja,bing_ja-JP,ハイヤー ドライバー
local dz driver jobs,en,bing_en-JP,driver jobs japan
driver jobs in zimbabwe today,en,bing_en-JP,driver jobs japan
driver jobs in zimbabwe,en,bing_en-JP,driver jobs japan
dz driver jobs toronto,en,bing_en-JP,driver jobs japan
driver vacancies in zimbabwe,en,bing_en-JP,driver jobs japan
日本驾照分几种等级,zh,baidu,日本 二种驾照
日本驾照分类,zh,baidu,日本 二种驾照
レイザー コア x ドライバー,ja,bing_ja-JP,ハイヤー ドライバー
x-hot ドライバー,ja,bing_ja-JP,ハイヤー ドライバー
vip 送迎 用 の 長い 車,ja,google_ja_jp,VIP 送迎
運転免許 海外赴任 特例更新 東京,ja,bing_ja-JP,二種免許 外国人
免許更新 海外 期限切れ 東京,ja,bing_ja-JP,二種免許 外国人
普通二輪免許 最安 通い 東京,ja,bing_ja-JP,二種免許 外国人
driver jobs in singapore,en,bing_en-JP,driver jobs japan
vacancy for driver job,en,bing_en-JP,driver jobs japan
driver jobs in delhi,en,bing_en-JP,driver jobs japan
ハイパー-ダイヤ,ja,bing_ja-JP,ハイヤー ドライバー
y字ドライバー 1.5,ja,bing_ja-JP,ハイヤー ドライバー
外国人 運転免許 切り替え 試験問題 英語,ja,bing_ja-JP,二種免許 外国人
教員免許状 英語と外国語 英語 の違い,ja,bing_ja-JP,二種免許 外国人
外国免許 10問 テスト 英語,ja,bing_ja-JP,二種免許 外国人
hiring car in japan,en,bing_en-JP,driver jobs japan
driver jobs hiring now,en,bing_en-JP,driver jobs japan
hiring jobs in japan,en,bing_en-JP,driver jobs japan
zy-max ドライバー,ja,bing_ja-JP,ハイヤー ドライバー
z-tx ドライバー,ja,bing_ja-JP,ハイヤー ドライバー
pz-1 ドライバー,ja,bing_ja-JP,ハイヤー ドライバー
z: ドライブ,ja,bing_ja-JP,ハイヤー ドライバー
外国免許 10問 テスト 中国語,ja,bing_ja-JP,二種免許 外国人
中国語検定2級 受 から ない,ja,bing_ja-JP,二種免許 外国人
外国人 運転免許試験問題 中国語 pdf,ja,bing_ja-JP,二種免許 外国人
automotive salary in japan,en,bing_en-JP,driver jobs japan
cost of hiring a car in japan,en,bing_en-JP,driver jobs japan
ハイヤードライバー募集,ja,bing_ja-JP,ハイヤー ドライバー
東京都 ドライバー 求人 正社員,ja,bing_ja-JP,ハイヤー ドライバー
横浜市 ドライバー 求人 正社員,ja,bing_ja-JP,ハイヤー ドライバー
ドライバ― 募集,ja,bing_ja-JP,ハイヤー ドライバー
ドライバ― 求人,ja,bing_ja-JP,ハイヤー ドライバー
ドライバ― 求人 神奈川,ja,bing_ja-JP,ハイヤー ドライバー
driving licence in japan,en,bing_en-JP,driver jobs japan
日本二种驾照好考吗,zh,baidu,日本 二种驾照
日本 二种驾照很难考吗,zh,baidu,日本 二种驾照
ドライバー 求人 東京 正社員,ja,bing_ja-JP,ハイヤー ドライバー
求人 短時間 運転手 ドライバー,ja,bing_ja-JP,ハイヤー ドライバー
運転手 ドライバー 求人 広島,ja,bing_ja-JP,ハイヤー ドライバー
仙台市 バー ドライバー 求人,ja,bing_ja-JP,ハイヤー ドライバー
トライ・ハード 求人,ja,bing_ja-JP,ハイヤー ドライバー
求人 ネットスーパー 配達 ドライバー,ja,bing_ja-JP,ハイヤー ドライバー
ドライヤー.com,ja,bing_ja-JP,ハイヤー ドライバー
tokyo driving license center,en,bing_en-JP,driver jobs japan
driving school in tokyo,en,bing_en-JP,driver jobs japan
rent a car with driver in tokyo,en,bing_en-JP,driver jobs japan
jobs in tokyo japan,en,bing_en-JP,driver jobs japan
価格.com ドライヤー,ja,bing_ja-JP,ハイヤー ドライバー
価格.com ドライヤー パナソニック,ja,bing_ja-JP,ハイヤー ドライバー
ドライヤー 激安 送料無料 1000円以下,ja,bing_ja-JP,ハイヤー ドライバー
パナソニック ドライヤー 比較 価格,ja,bing_ja-JP,ハイヤー ドライバー
ドライヤー 人気 ランキング 安い,ja,bing_ja-JP,ハイヤー ドライバー
shopping + ドライヤー,ja,bing_ja-JP,ハイヤー ドライバー
パナソニック ドライヤー 最新 いくら,ja,bing_ja-JP,ハイヤー ドライバー
driver job in europe,en,bing_en-JP,driver jobs japan
c:ドライブ どこ,ja,bing_ja-JP,多言語 ドライバー
c: ドライブ,ja,bing_ja-JP,多言語 ドライバー
c:ドライブとは,ja,bing_ja-JP,多言語 ドライバー
d :ドライブ,ja,bing_ja-JP,多言語 ドライバー
日本 二种驾照扣多少分,zh,baidu,日本 二种驾照
tokyo driving license center,en,bing_en-JP,driver jobs tokyo
job opportunities in tokyo,en,bing_en-JP,driver jobs tokyo
driving school in tokyo,en,bing_en-JP,driver jobs tokyo
private driver in tokyo,en,bing_en-JP,driver jobs tokyo
rent a car with driver in tokyo,en,bing_en-JP,driver jobs tokyo
jobs in tokyo japan,en,bing_en-JP,driver jobs tokyo
hiring a private driver in japan,en,bing_en-JP,driver jobs tokyo
driving in and around tokyo,en,bing_en-JP,driver jobs tokyo
personal driver in japan,en,bing_en-JP,driver jobs tokyo
英語 タクシー,ja,google_ja_jp,英語 タクシー
英語 タクシードライバー 年収,ja,google_ja_jp,英語 タクシー
英語 タクシーに乗る,ja,google_ja_jp,英語 タクシー
英語 タクシー 求人,ja,google_ja_jp,英語 タクシー
英語 タクシー お願いします,ja,google_ja_jp,英語 タクシー
英語 タクシー 会話,ja,google_ja_jp,英語 タクシー
英語 タクシー乗る時,ja,google_ja_jp,英語 タクシー
英語 タクシー 行き先,ja,google_ja_jp,英語 タクシー
英語 タクシーを呼んでもらえますか,ja,google_ja_jp,英語 タクシー
英語 タクシー 行き先 伝え 方,ja,google_ja_jp,英語 タクシー
ハイヤー 乗務員証,ja,bing_ja-JP,ハイヤー 乗務員
ハイヤー 乗務員,ja,bing_ja-JP,ハイヤー 乗務員
ハイヤー乗務員募集,ja,bing_ja-JP,ハイヤー 乗務員
ハイヤー乗務員教育計画,ja,bing_ja-JP,ハイヤー 乗務員
ハイヤー乗務員とは,ja,bing_ja-JP,ハイヤー 乗務員
ハイヤー乗務員 労働時間,ja,bing_ja-JP,ハイヤー 乗務員
乗務員証ハイヤー,ja,bing_ja-JP,ハイヤー 乗務員
hire a car in tokyo,en,bing_en-JP,driver jobs tokyo
car service in tokyo,en,bing_en-JP,driver jobs tokyo
f-ドラ ドライバーポータル,ja,bing_ja-JP,多言語 ドライバー
タクシーありがとう 英語,ja,google_ja_jp,英語 タクシー
ハイヤー乗務員,ja,bing_ja-JP,ハイヤー 乗務員
ハイヤー乗務員労働時間,ja,bing_ja-JP,ハイヤー 乗務員
ハイヤーの乗務員,ja,bing_ja-JP,ハイヤー 乗務員
日本 二种驾照名字,zh,baidu,日本 二种驾照
g: 共有ドライブ,ja,bing_ja-JP,多言語 ドライバー
the-g ドライバー,ja,bing_ja-JP,多言語 ドライバー
日本 二种驾照能开车么,zh,baidu,日本 二种驾照
ハイヤー乗務員証,ja,bing_ja-JP,ハイヤー 乗務員
driving schools in tokyo with english support,en,bing_en-JP,driver jobs tokyo
ドライバー +1,ja,bing_ja-JP,多言語 ドライバー
ドライバー #2とは,ja,bing_ja-JP,多言語 ドライバー
日本 二种驾照品牌,zh,baidu,日本 二种驾照
タクシーお願いします 英語,ja,google_ja_jp,英語 タクシー
タクシーお願いできますか 英語,ja,google_ja_jp,英語 タクシー
タクシーお呼びしますか 英語,ja,google_ja_jp,英語 タクシー
日本 专车 接送,zh,google_zh-CN_cn,日本 专车
日本 二种驾照取消了吗,zh,baidu,日本 二种驾照
タクシーから降りる 英語,ja,google_ja_jp,英語 タクシー
タクシーからおりる 英語,ja,google_ja_jp,英語 タクシー
有限会社f・バイヤー,ja,bing_ja-JP,ハイヤー 乗務員
l型+ドライバー,ja,bing_ja-JP,多言語 ドライバー
ドライバー +2,ja,bing_ja-JP,多言語 ドライバー
タクシーきたよ 英語,ja,google_ja_jp,英語 タクシー
日本 二种驾照软件,zh,baidu,日本 二种驾照
日本二种驾照算特定技能吗,zh,baidu,日本 二种驾照
日本 二种驾照通用吗,zh,baidu,日本 二种驾照
tokyo jdm car hire,en,bing_en-JP,driver jobs tokyo
j-air 客室乗務員,ja,bing_ja-JP,ハイヤー 乗務員
j-air 客室乗務員 採用,ja,bing_ja-JP,ハイヤー 乗務員
toyota driving school tokyo,en,bing_en-JP,driver jobs tokyo
latest driver job vacancies in kenya,en,bing_en-JP,driver jobs tokyo
r ドライバ ダウンロード linux,ja,bing_ja-JP,多言語 ドライバー
r ドライバ ダウンロード 便利,ja,bing_ja-JP,多言語 ドライバー
r ドライバ ダウンロード windows,ja,bing_ja-JP,多言語 ドライバー
r ドライバ ダウンロード 無料,ja,bing_ja-JP,多言語 ドライバー
日本 二种驾照有多少人,zh,baidu,日本 二种驾照
日本 二种驾照制度,zh,baidu,日本 二种驾照
日本考驾照,zh,baidu,日本 二种驾照
日本考驾驶证多少钱,zh,baidu,日本 二种驾照
日本驾照难不难,zh,baidu,日本 二种驾照
日本驾校的第二阶段都考什么,zh,baidu,日本 二种驾照
2026日本驾照要求,zh,baidu,日本 二种驾照
日本驾照优点,zh,baidu,日本 二种驾照
日本驾照怎么考,zh,baidu,日本 二种驾照
タクシー頼み方 英語,ja,google_ja_jp,英語 タクシー
r-type バイド,ja,bing_ja-JP,ハイヤー 乗務員
日本 二种驾照 价格一样吗,zh,baidu,日本 二种驾照
日本 二种驾照 价格区别,zh,baidu,日本 二种驾照
日本 二种驾照 价格是多少,zh,baidu,日本 二种驾照
日本驾照多少钱人民币,zh,baidu,日本 二种驾照
東京・日本交通 タクシードライバー 求人,en,bing_en-JP,driver jobs tokyo
trader job vacancies in tokyo,en,bing_en-JP,driver jobs tokyo
z: ドライブ,ja,bing_ja-JP,多言語 ドライバー
日本 二种驾照 东京能用吗,zh,baidu,日本 二种驾照
日本 二种驾照 东京可以用吗,zh,baidu,日本 二种驾照
日本 二种驾照 东京能开车吗,zh,baidu,日本 二种驾照
客室乗務員、祐華,ja,bing_ja-JP,ハイヤー 乗務員
ドライバ― 募集,ja,bing_ja-JP,多言語 ドライバー
日本驾照翻译,zh,baidu,日本 二种驾照
日本驾照日语,zh,baidu,日本 二种驾照
日本 二种驾照 兼职是真的吗,zh,baidu,日本 二种驾照
日本 二种驾照 兼职有哪些,zh,baidu,日本 二种驾照
英語 タクシーに乗る時,ja,google_ja_jp,英語 タクシー
みんな タクシーに乗りたがっていますよね 英語,ja,google_ja_jp,英語 タクシー
タクシーに乗りませんか 英語,ja,google_ja_jp,英語 タクシー
タクシーに乗りたい 英語,ja,google_ja_jp,英語 タクシー
タクシーに乗った 英語,ja,google_ja_jp,英語 タクシー
タクシーには乗らないつもりでしたが、私は遠くに住んでいます 英語,ja,google_ja_jp,英語 タクシー
大丈夫です タクシーに乗ります 英語,ja,google_ja_jp,英語 タクシー
友達は疲れていたので 彼らは タクシーに乗りました 英語,ja,google_ja_jp,英語 タクシー
空港に行くには タクシーに乗って 英語,ja,google_ja_jp,英語 タクシー
日本 二种驾照 公司叫什么,zh,baidu,日本 二种驾照
日本 二种驾照 公司是什么,zh,baidu,日本 二种驾照
日本 二种驾照 公司有哪些,zh,baidu,日本 二种驾照
dz driver jobs toronto,en,bing_en-JP,driver jobs tokyo
dz driver jobs near me,en,bing_en-JP,driver jobs tokyo
东京包车一天多少钱,zh,baidu,东京 包车
东京包车去富士山多少钱,zh,baidu,东京 包车
东京包车10小时1500元划算么,zh,baidu,东京 包车
东京包车到富士山多少钱,zh,baidu,东京 包车
东京包车阿尔法一天多少钱啊,zh,baidu,东京 包车
东京包车费用,zh,baidu,东京 包车
东京包车去outlet,zh,baidu,东京 包车
东京包车价格,zh,baidu,东京 包车
国旅 东京 包车,zh,baidu,东京 包车
东京打车价格,zh,baidu,东京 包车
ドライバー +2とは,ja,bing_ja-JP,多言語 ドライバー
job driver vacancy in delhi,en,bing_en-JP,driver jobs tokyo
driver job vacancies in nairobi,en,bing_en-JP,driver jobs tokyo
タクシーの予約 英語,ja,google_ja_jp,英語 タクシー
タクシーの手配をお願いします 英語,ja,google_ja_jp,英語 タクシー
タクシーの予約をお願いします 英語,ja,google_ja_jp,英語 タクシー
タクシーの運転手 英語,ja,google_ja_jp,英語 タクシー
タクシーの手配 英語,ja,google_ja_jp,英語 タクシー
タクシーの乗客 英語,ja,google_ja_jp,英語 タクシー
タクシーの料金 英語,ja,google_ja_jp,英語 タクシー
タクシーの中で 英語,ja,google_ja_jp,英語 タクシー
タクシーの予約をしたい 英語,ja,google_ja_jp,英語 タクシー
东京包车,zh,baidu,东京 包车
东京 打车,zh,baidu,东京 包车
日本东京租车攻略,zh,baidu,东京 包车
东京租车价格表,zh,baidu,东京 包车
东京打车怎么收费,zh,baidu,东京 包车
日本东京租车一天多少钱带司机的,zh,baidu,东京 包车
东京打车贵吗,zh,baidu,东京 包车
翻訳 日本語 中国語多言語 対応会社,ja,bing_ja-JP,多言語 ドライバー
中国語 言語パック ダウンロード windows10,ja,bing_ja-JP,多言語 ドライバー
中国語 言語パック ダウンロード windows11,ja,bing_ja-JP,多言語 ドライバー
microsoft 言語パック ダウンロード 中国語,ja,bing_ja-JP,多言語 ドライバー
新語・流行語から探る中国,ja,bing_ja-JP,多言語 ドライバー
日本の大学生が「中国語」として習う言語,ja,bing_ja-JP,多言語 ドライバー
客室乗務員 採用 2023 既卒,ja,bing_ja-JP,ハイヤー 乗務員
タクシーは向こうです。ここではありません 英語,ja,google_ja_jp,英語 タクシー
タクシーはどこですか 英語,ja,google_ja_jp,英語 タクシー
タクシーはどこで乗れますか 英語,ja,google_ja_jp,英語 タクシー
タクシーは要りません、近くに住んでいます 英語,ja,google_ja_jp,英語 タクシー
タクシーはいりません、近くに住んでいます 英語,ja,google_ja_jp,英語 タクシー
タクシーは10分後に来ます 英語,ja,google_ja_jp,英語 タクシー
タクシーは必要ですか 英語,ja,google_ja_jp,英語 タクシー
タクシーは呼べますか 英語,ja,google_ja_jp,英語 タクシー
タクシーはまだですか 英語,ja,google_ja_jp,英語 タクシー
すみません タクシーはどこですか 英語,ja,google_ja_jp,英語 タクシー
hire car tokyo japan,en,bing_en-JP,driver jobs tokyo
外国人 送迎サービス,ja,bing_ja-JP,外国人 送迎
外国人労働者送迎,ja,bing_ja-JP,外国人 送迎
特定技能外国人送迎,ja,bing_ja-JP,外国人 送迎
东京的士收费标准,zh,baidu,东京 包车
travel agencies in tokyo,en,bing_en-JP,driver jobs tokyo
car service in tokyo japan,en,bing_en-JP,driver jobs tokyo
东京打车多少钱一公里,zh,baidu,东京 包车
东京打车app,zh,baidu,东京 包车
東京 ハイヤー タクシー 協会,ja,bing_ja-JP,ハイヤー 乗務員
東京タクシー・ハイヤー協会,ja,bing_ja-JP,ハイヤー 乗務員
uk driver in japan,en,bing_en-JP,driver jobs tokyo
tokyo english speaking job,en,bing_en-JP,driver jobs tokyo
driving in japan as a uk driver,en,bing_en-JP,driver jobs tokyo
japanese driver's license,en,bing_en-JP,driver jobs tokyo
tokyo chinese driving school,en,bing_en-JP,driver jobs tokyo
タクシーまでご案内します 英語,ja,google_ja_jp,英語 タクシー
タクシーまで 英語,ja,google_ja_jp,英語 タクシー
タクシーまだですか 英語,ja,google_ja_jp,英語 タクシー
what is a bilingual person,en,bing_en-JP,bilingual driver
gtav-bilingual,en,bing_en-JP,bilingual driver
a person who's bilingual,en,bing_en-JP,bilingual driver
what is a bilingual,en,bing_en-JP,bilingual driver
东京打车半小时多少钱,zh,baidu,东京 包车
タクシーよろしくお願いします 英語,ja,google_ja_jp,英語 タクシー
局外人 l'etranger,ja,bing_ja-JP,外国人 送迎
英語 タクシーを呼んでください,ja,google_ja_jp,英語 タクシー
英語 タクシーを呼ぶ,ja,google_ja_jp,英語 タクシー
英語 タクシーを捕まえる,ja,google_ja_jp,英語 タクシー
タクシーを読んでください 英語,ja,google_ja_jp,英語 タクシー
タクシーをよんでください 英語,ja,google_ja_jp,英語 タクシー
タクシーをよぶ 英語,ja,google_ja_jp,英語 タクシー
タクシーを降りる 英語,ja,google_ja_jp,英語 タクシー
タクシーを手配する 英語,ja,google_ja_jp,英語 タクシー
タクシーをひろう 英語,ja,google_ja_jp,英語 タクシー
mbaez bilingual driving school,en,bing_en-JP,bilingual driver
英語 タクシー 挨拶,ja,google_ja_jp,英語 タクシー
英語 タクシー アプリ,ja,google_ja_jp,英語 タクシー
英語 対応 タクシー アプリ,ja,google_ja_jp,英語 タクシー
タクシー ドライバー 英語 勉強 法,ja,google_ja_jp,英語 タクシー
タクシー 降車 場 英語,ja,google_ja_jp,英語 タクシー
タクシー乗り場 英語,ja,google_ja_jp,英語 タクシー
タクシー 呼 びました 英語,ja,google_ja_jp,英語 タクシー
タクシー go 英語 版,ja,google_ja_jp,英語 タクシー
タクシー 乗降場 英語,ja,google_ja_jp,英語 タクシー
バイク タクシー 英語,ja,google_ja_jp,英語 タクシー
オッド タクシー 英語 版,ja,google_ja_jp,英語 タクシー
ベトナム タクシー 英語,ja,google_ja_jp,英語 タクシー
バン タクシー 英語,ja,google_ja_jp,英語 タクシー
英語 タクシー ドライバー 年収,ja,google_ja_jp,英語 タクシー
英語 タクシー ドライバー,ja,google_ja_jp,英語 タクシー
英語 タクシー ドライバー 求人,ja,google_ja_jp,英語 タクシー
英語 タクシー 代,ja,google_ja_jp,英語 タクシー
タクシー 英語 で,ja,google_ja_jp,英語 タクシー
タクシー 乗り場 英語 で,ja,google_ja_jp,英語 タクシー
タクシー ドライバー 英語 フレーズ,ja,google_ja_jp,英語 タクシー
タクシー で 使う 英語,ja,google_ja_jp,英語 タクシー
タクシー で 行く 英語,ja,google_ja_jp,英語 タクシー
タクシー 呼ん で 英語,ja,google_ja_jp,英語 タクシー
タクシー ドライバー 映画 英語,ja,google_ja_jp,英語 タクシー
bilingual driving school near me,en,bing_en-JP,bilingual driver
京都 英語 タクシー ガイド,ja,google_ja_jp,英語 タクシー
タクシー に 乗る 英語 get,ja,google_ja_jp,英語 タクシー
タクシー go 英語,ja,google_ja_jp,英語 タクシー
タクシー 迎車 英語,ja,google_ja_jp,英語 タクシー
タクシー 業界 英語,ja,google_ja_jp,英語 タクシー
タクシー 迎車料金 英語,ja,google_ja_jp,英語 タクシー
英語 が 話せる タクシー ドライバー,ja,google_ja_jp,英語 タクシー
英語 が 話せる タクシー 運転 手,ja,google_ja_jp,英語 タクシー
ご乗車ありがとうございます 英語 タクシー,ja,google_ja_jp,英語 タクシー
タクシー を 拾う 英語,ja,google_ja_jp,英語 タクシー
タクシー 英語 複数形,ja,google_ja_jp,英語 タクシー
タクシー 英語 フレーズ,ja,google_ja_jp,英語 タクシー
タクシー 配車 英語,ja,google_ja_jp,英語 タクシー
タクシー 英語 発音,ja,google_ja_jp,英語 タクシー
ヘイ タクシー 英語,ja,google_ja_jp,英語 タクシー
ハイヤー タクシー 英語,ja,google_ja_jp,英語 タクシー
外国人活躍中・留学生歓迎のホテル求人,ja,bing_ja-JP,外国人 送迎
东京 包车 招聘信息,zh,baidu,东京 包车
东京 包车 招聘信息最新,zh,baidu,东京 包车
东京 包车 招聘司机信息,zh,baidu,东京 包车
东京司机招聘,zh,baidu,东京 包车
东京出租车公司电话,zh,baidu,东京 包车
日本东京租车,zh,baidu,东京 包车
タクシー センター 英語 検定,ja,google_ja_jp,英語 タクシー
タクシー から降りる 英語,ja,google_ja_jp,英語 タクシー
タクシー センター 英語 研修,ja,google_ja_jp,英語 タクシー
タクシー 英語 検定,ja,google_ja_jp,英語 タクシー
タクシー 空車 英語,ja,google_ja_jp,英語 タクシー
タクシー 運転 手 英語 求人,ja,google_ja_jp,英語 タクシー
介護 タクシー 英語,ja,google_ja_jp,英語 タクシー
個人 タクシー 英語,ja,google_ja_jp,英語 タクシー
东京 包车 价格多少,zh,baidu,东京 包车
东京 包车 价格多少钱,zh,baidu,东京 包车
东京 包车 价格查询,zh,baidu,东京 包车
外国人 接待 レストラン 東京,ja,bing_ja-JP,外国人 送迎
外国人 観光案内 バイト 東京,ja,bing_ja-JP,外国人 送迎
drivers z application online,en,bing_en-JP,bilingual driver
东京 包车 介绍视频,zh,baidu,东京 包车
东京 包车 介绍图片,zh,baidu,东京 包车
东京 包车 介绍文案,zh,baidu,东京 包车
英語 タクシー 目的 地,ja,google_ja_jp,英語 タクシー
英語 タクシー まで お願い し ます,ja,google_ja_jp,英語 タクシー
無人 タクシー 英語,ja,google_ja_jp,英語 タクシー
模範 タクシー 英語 タイトル,ja,google_ja_jp,英語 タクシー
模範 タクシー 英語,ja,google_ja_jp,英語 タクシー
タクシー メーター 英語,ja,google_ja_jp,英語 タクシー
タクシー 目的地 伝え方 英語,ja,google_ja_jp,英語 タクシー
タクシー 予約 英語 メール,ja,google_ja_jp,英語 タクシー
タクシー ドライバー 名言 英語,ja,google_ja_jp,英語 タクシー
mk タクシー 英語,ja,google_ja_jp,英語 タクシー
jobs for bilingual people,en,bing_en-JP,bilingual driver
jobs for people who are bilingual,en,bing_en-JP,bilingual driver
jobs that need bilingual workers,en,bing_en-JP,bilingual driver
bilingual jobs near me,en,bing_en-JP,bilingual driver
jobs hiring near me bilingual,en,bing_en-JP,bilingual driver
jobs that require bilingual skills,en,bing_en-JP,bilingual driver
jobs looking for employees who are bilingual,en,bing_en-JP,bilingual driver
bilingual entry level jobs,en,bing_en-JP,bilingual driver
bilingual careers near me,en,bing_en-JP,bilingual driver
bilingual spanish and english jobs,en,bing_en-JP,bilingual driver
bilingual in spanish jobs,en,bing_en-JP,bilingual driver
jobs for bilingual spanish english,en,bing_en-JP,bilingual driver
东京的士,zh,baidu,东京 包车
东京快车,zh,baidu,东京 包车
东京的士收费标准2022,zh,baidu,东京 包车
お会いできてうれしいです。 中国語,ja,bing_ja-JP,外国人 送迎
bilingual jobs hiring near me no experience,en,bing_en-JP,bilingual driver
bilingual supervisor jobs near me,en,bing_en-JP,bilingual driver
spanish bilingual hiring philippines,en,bing_en-JP,bilingual driver
タクシー 乗る時 お願いします 英語,ja,google_ja_jp,英語 タクシー
タクシー を 降りる 英語,ja,google_ja_jp,英語 タクシー
タクシー から 降りる 英語,ja,google_ja_jp,英語 タクシー
タクシー 降りる時 英語,ja,google_ja_jp,英語 タクシー
タクシー お礼 英語,ja,google_ja_jp,英語 タクシー
タクシー を 追いかける 英語,ja,google_ja_jp,英語 タクシー
オッド タクシー 英語,ja,google_ja_jp,英語 タクシー
オッドタクシー 英語タイトル,ja,google_ja_jp,英語 タクシー
大型 タクシー 英語,ja,google_ja_jp,英語 タクシー
vip 送迎車,ja,bing_ja-JP,VIP 送迎
vip 送迎,ja,bing_ja-JP,VIP 送迎
vip送迎ドライバー,ja,bing_ja-JP,VIP 送迎
エルグランド vip 送迎サービス,ja,bing_ja-JP,VIP 送迎
东京 包车 英语怎么说,zh,baidu,东京 包车
东京 包车 英语翻译,zh,baidu,东京 包车
how much is bilingual pay,en,bing_en-JP,bilingual driver
タクシー プール 英語,ja,google_ja_jp,英語 タクシー
タクシー 英語 ペラペラ,ja,google_ja_jp,英語 タクシー
タクシー 運転 手 英語 ペラペラ,ja,google_ja_jp,英語 タクシー
タクシードライバー 英語ペラペラ,ja,google_ja_jp,英語 タクシー
パリ タクシー 英語,ja,google_ja_jp,英語 タクシー
パリ タクシー 英語 タイトル,ja,google_ja_jp,英語 タクシー
株式会社 vip transport enterprise,ja,bing_ja-JP,VIP 送迎
vips.co.jp,ja,bing_ja-JP,VIP 送迎
https://www.vip.com/index.php,ja,bing_ja-JP,VIP 送迎
vip-rental,ja,bing_ja-JP,VIP 送迎
b.vip客服,ja,bing_ja-JP,VIP 送迎
东京 包车 兼职招聘,zh,baidu,东京 包车
东京 包车 兼职怎么样,zh,baidu,东京 包车
东京 包车 兼职平台,zh,baidu,东京 包车
在日本东京请一位全职司机多少钱,zh,baidu,东京 包车
driver and licensing agency,en,bing_en-JP,bilingual driver
accident lawyers near me with bilingual staff,en,bing_en-JP,bilingual driver
b.vip商城,ja,bing_ja-JP,VIP 送迎
b.vip会员,ja,bing_ja-JP,VIP 送迎
b.vip登录,ja,bing_ja-JP,VIP 送迎
b.vip活动,ja,bing_ja-JP,VIP 送迎
b.vip优惠券,ja,bing_ja-JP,VIP 送迎
driving schools in tokyo with english support,en,bing_en-JP,bilingual driver
bilingual jobs in tokyo,en,bing_en-JP,bilingual driver
private driver in tokyo,en,bing_en-JP,bilingual driver
东京 包车 公司有哪些,zh,baidu,东京 包车
东京 包车 公司电话,zh,baidu,东京 包车
东京 包车 公司排名,zh,baidu,东京 包车
东京出租车公司,zh,baidu,东京 包车
英語 タクシー 料金,ja,google_ja_jp,英語 タクシー
タクシー 料金 英語 で,ja,google_ja_jp,英語 タクシー
タクシー に 乗る 英語 ride,ja,google_ja_jp,英語 タクシー
タクシー 領収 書 英語,ja,google_ja_jp,英語 タクシー
タクシー ロータリー 英語,ja,google_ja_jp,英語 タクシー
タクシー 英語 略,ja,google_ja_jp,英語 タクシー
タクシー 〇〇までお願いします 英語,ja,google_ja_jp,英語 タクシー
ロボ タクシー 英語,ja,google_ja_jp,英語 タクシー
海外 旅行 タクシー 英語,ja,google_ja_jp,英語 タクシー
リムジン タクシー 英語,ja,google_ja_jp,英語 タクシー
cp+ vip入場証,ja,bing_ja-JP,VIP 送迎
vip.club,ja,bing_ja-JP,VIP 送迎
피파 vip+,ja,bing_ja-JP,VIP 送迎
하이픽셀 vip+,ja,bing_ja-JP,VIP 送迎
タクシー センター 英語 中級,ja,google_ja_jp,英語 タクシー
タクシー センター 英語 上級,ja,google_ja_jp,英語 タクシー
タクシー 接客 英語,ja,google_ja_jp,英語 タクシー
タクシー 英語 スペル,ja,google_ja_jp,英語 タクシー
タクシー センター 英語,ja,google_ja_jp,英語 タクシー
タクシー センター 英語 検定 試験,ja,google_ja_jp,英語 タクシー
水上 タクシー 英語,ja,google_ja_jp,英語 タクシー
英語 タクシー お願い し ます,ja,google_ja_jp,英語 タクシー
日本专车司机工资多少,zh,baidu,日本 专车
日本专车报电子版,zh,baidu,日本 专车
日本专车,zh,baidu,日本 专车
日本专车服务,zh,baidu,日本 专车
日本滴滴专车,zh,baidu,日本 专车
日本专用车厢,zh,baidu,日本 专车
日本客车,zh,baidu,日本 专车
日本车辆运营所需条件,zh,baidu,日本 专车
日本驾车,zh,baidu,日本 专车
日本中型车运输司机,zh,baidu,日本 专车
chinese driver license translation,en,bing_en-JP,bilingual driver
bilingual in chinese and english,en,bing_en-JP,bilingual driver
chinese-english bilingual,en,bing_en-JP,bilingual driver
タクシー を 捕まえる 英語,ja,google_ja_jp,英語 タクシー
タクシー 運転 手 英語,ja,google_ja_jp,英語 タクシー
タクシー 乗る 時 英語,ja,google_ja_jp,英語 タクシー
タクシー 英語 対応,ja,google_ja_jp,英語 タクシー
タクシー を 止める 英語,ja,google_ja_jp,英語 タクシー
タクシー 手配 英語,ja,google_ja_jp,英語 タクシー
定額 タクシー 英語,ja,google_ja_jp,英語 タクシー
vip 한국형가치투자a-e,ja,bing_ja-JP,VIP 送迎
https://e.vip.com/index.html,ja,bing_ja-JP,VIP 送迎
日本電车,zh,baidu,日本 专车
日本车l,zh,baidu,日本 专车
日本叫车软件叫什么,zh,baidu,日本 专车
日本本土汽车网站,zh,baidu,日本 专车
日本车子,zh,baidu,日本 专车
日本车辆,zh,baidu,日本 专车
https://ff-menu.vip,ja,bing_ja-JP,VIP 送迎
英語 タクシー 運転 手,ja,google_ja_jp,英語 タクシー
タクシー 運賃 英語,ja,google_ja_jp,英語 タクシー
タクシー 呼ぼ うか 英語,ja,google_ja_jp,英語 タクシー
タクシー 運転 手 英語 独学,ja,google_ja_jp,英語 タクシー
自動 運転 タクシー 英語,ja,google_ja_jp,英語 タクシー
ウーバー タクシー 英語,ja,google_ja_jp,英語 タクシー
占い タクシー 英語 タイトル,ja,google_ja_jp,英語 タクシー
日本包车,zh,baidu,日本 专车
日本大客车,zh,baidu,日本 专车
日本车队出行,zh,baidu,日本 专车
タクシー 英語 ve,ja,google_ja_jp,英語 タクシー
日本车队,zh,baidu,日本 专车
英語 タクシー を 呼ん で ください,ja,google_ja_jp,英語 タクシー
英語 タクシー を 呼ぶ,ja,google_ja_jp,英語 タクシー
英語 タクシー を 捕まえる,ja,google_ja_jp,英語 タクシー
タクシー を 英語 で,ja,google_ja_jp,英語 タクシー
タクシー を 使う 英語,ja,google_ja_jp,英語 タクシー
タクシー 乗り場 を 英語 で,ja,google_ja_jp,英語 タクシー
タクシー を 呼ぶ 英語 電話,ja,google_ja_jp,英語 タクシー
日本拼车,zh,baidu,日本 专车
日本拉车怎么收费,zh,baidu,日本 专车
タクシー っ て 英語,ja,google_ja_jp,英語 タクシー
i-vipコミー,ja,bing_ja-JP,VIP 送迎
vip-sendai,ja,bing_ja-JP,VIP 送迎
http://www.vip.com,ja,bing_ja-JP,VIP 送迎
vip·com,ja,bing_ja-JP,VIP 送迎
https://vip.com,ja,bing_ja-JP,VIP 送迎
vip reservations - home,ja,bing_ja-JP,VIP 送迎
日本车厂,zh,baidu,日本 专车
日本汽车,zh,baidu,日本 专车
英語 タクシー 予約,ja,google_ja_jp,英語 タクシー
英語 タクシー よろしく お願い し ます,ja,google_ja_jp,英語 タクシー
英語 タクシー 呼ん で ください,ja,google_ja_jp,英語 タクシー
英語 タクシー 呼ぶ,ja,google_ja_jp,英語 タクシー
タクシー 用語 英語,ja,google_ja_jp,英語 タクシー
タクシー を 呼び止める 英語,ja,google_ja_jp,英語 タクシー
vip送迎車,ja,bing_ja-JP,VIP 送迎
jp-vipshop,ja,bing_ja-JP,VIP 送迎
jp-vipshop 代引き,ja,bing_ja-JP,VIP 送迎
www.jp-vipshop.com,ja,bing_ja-JP,VIP 送迎
vip-jpshop.com,ja,bing_ja-JP,VIP 送迎
j&t vip,ja,bing_ja-JP,VIP 送迎
https://www.jugege.vip,ja,bing_ja-JP,VIP 送迎
ザキヤマ 英語 タクシー,ja,google_ja_jp,英語 タクシー
タクシー の 乗客 英語,ja,google_ja_jp,英語 タクシー
タクシー 乗車 英語,ja,google_ja_jp,英語 タクシー
タクシー 乗務員 英語,ja,google_ja_jp,英語 タクシー
タクシー 英語 上級,ja,google_ja_jp,英語 タクシー
タクシー 乗車 時 英語,ja,google_ja_jp,英語 タクシー
ジャンボ タクシー 英語,ja,google_ja_jp,英語 タクシー
陣痛 タクシー 英語,ja,google_ja_jp,英語 タクシー
k-vips ログイン,ja,bing_ja-JP,VIP 送迎
k-vipsとは,ja,bing_ja-JP,VIP 送迎
k-vips+とは,ja,bing_ja-JP,VIP 送迎
vip party k 池袋店,ja,bing_ja-JP,VIP 送迎
하픽 vip+ 가격,ja,bing_ja-JP,VIP 送迎
하이픽셀 vip+ 가격,ja,bing_ja-JP,VIP 送迎
http://k-box.vip,ja,bing_ja-JP,VIP 送迎
日本专车公司日报,zh,baidu,日本 专车
タクシー 英語 対応 求人,ja,google_ja_jp,英語 タクシー
タクシー ドライバー 英語 求人,ja,google_ja_jp,英語 タクシー
観光 タクシー 英語 求人,ja,google_ja_jp,英語 タクシー
東京 タクシー 英語 求人,ja,google_ja_jp,英語 タクシー
京都 タクシー 求人 英語,ja,google_ja_jp,英語 タクシー
タクシー 迎車 料金 英語,ja,google_ja_jp,英語 タクシー
タクシー メーター 料金 英語,ja,google_ja_jp,英語 タクシー
タクシー 初乗り 料金 英語,ja,google_ja_jp,英語 タクシー
タクシー 料金 検索 英語,ja,google_ja_jp,英語 タクシー
定額 料金 タクシー 英語,ja,google_ja_jp,英語 タクシー
vips.ne.jp とは,ja,bing_ja-JP,VIP 送迎
vips.ne.jp,ja,bing_ja-JP,VIP 送迎
http://n.vip,ja,bing_ja-JP,VIP 送迎
vip-ooi,ja,bing_ja-JP,VIP 送迎
東京 タクシー センター 英語 検定,ja,google_ja_jp,英語 タクシー
東京 タクシー 英語,ja,google_ja_jp,英語 タクシー
東京 タクシー センター 英語 研修,ja,google_ja_jp,英語 タクシー
東京 タクシー センター 英語,ja,google_ja_jp,英語 タクシー
東京 観光 タクシー 英語,ja,google_ja_jp,英語 タクシー
東京 タクシー センター 英語 中級,ja,google_ja_jp,英語 タクシー
東京 無線 タクシー 英語,ja,google_ja_jp,英語 タクシー
東京 タクシー 英語 字幕,ja,google_ja_jp,英語 タクシー
映画 東京 タクシー 英語,ja,google_ja_jp,英語 タクシー
日本的快车是什么车,zh,baidu,日本 专车
日本长途汽车运输视频2023,zh,baidu,日本 专车
q vip lounge ltd,ja,bing_ja-JP,VIP 送迎
vip qq.com,ja,bing_ja-JP,VIP 送迎
日本拉车,zh,baidu,日本 专车
日本专车母乳片段,zh,baidu,日本 专车
日本本土车,zh,baidu,日本 专车
ドライバー 紹介 会社 ランキング,ja,google_ja_jp,ドライバー 紹介
ドライバー 紹介,ja,google_ja_jp,ドライバー 紹介
ドライバー 紹介会社,ja,google_ja_jp,ドライバー 紹介
ドライバー 紹介 制度,ja,google_ja_jp,ドライバー 紹介
ドライバー 紹介 料,ja,google_ja_jp,ドライバー 紹介
ドライバー 紹介 予定 派遣,ja,google_ja_jp,ドライバー 紹介
ウーバー ドライバー 紹介 コード,ja,google_ja_jp,ドライバー 紹介
ウーバー ドライバー 紹介,ja,google_ja_jp,ドライバー 紹介
ウーバー ドライバー 紹介料,ja,google_ja_jp,ドライバー 紹介
ロケットなう ドライバー 紹介,ja,google_ja_jp,ドライバー 紹介
s-vipとは,ja,bing_ja-JP,VIP 送迎
ttt.vip,ja,bing_ja-JP,VIP 送迎
https://u-p.vip/s/k8kzug,ja,bing_ja-JP,VIP 送迎
日本的跑车,zh,baidu,日本 专车
vipw -s,ja,bing_ja-JP,VIP 送迎
https://w.vip,ja,bing_ja-JP,VIP 送迎
w.vip官网,ja,bing_ja-JP,VIP 送迎
ww09.vip,ja,bing_ja-JP,VIP 送迎
http://xyou.vip,ja,bing_ja-JP,VIP 送迎
box.vip,ja,bing_ja-JP,VIP 送迎
日本车司机在左还是右,zh,baidu,日本 专车
ドライバー 紹介会社 ランキング,ja,google_ja_jp,ドライバー 紹介
http mail yytyyt vip,ja,bing_ja-JP,VIP 送迎
yysy.vip,ja,bing_ja-JP,VIP 送迎
https://vip.yy.com/p0/box/index.html,ja,bing_ja-JP,VIP 送迎
yytyyt.vip,ja,bing_ja-JP,VIP 送迎
zz-bz-vip,ja,bing_ja-JP,VIP 送迎
ppzz.vip客服,ja,bing_ja-JP,VIP 送迎
zzz.vip,ja,bing_ja-JP,VIP 送迎
zkzy.vip,ja,bing_ja-JP,VIP 送迎
zzxz.vip,ja,bing_ja-JP,VIP 送迎
zzyz.vip,ja,bing_ja-JP,VIP 送迎
子域名z.vip,ja,bing_ja-JP,VIP 送迎
日本搭便车,zh,baidu,日本 专车
vip・topグループ,ja,bing_ja-JP,VIP 送迎
job.vip,ja,bing_ja-JP,VIP 送迎
trip.com vipラウンジ,ja,bing_ja-JP,VIP 送迎
株式会社 tokyo vip collection,ja,bing_ja-JP,VIP 送迎
英語 タクシー,ja,bing_ja-JP,英語 タクシー
英語 タクシードライバー,ja,bing_ja-JP,英語 タクシー
英語 タクシー 求人,ja,bing_ja-JP,英語 タクシー
英語 タクシー乗り場,ja,bing_ja-JP,英語 タクシー
英語 タクシー手配,ja,bing_ja-JP,英語 タクシー
英語 タクシーに乗る,ja,bing_ja-JP,英語 タクシー
英語 タクシーを呼ぶ,ja,bing_ja-JP,英語 タクシー
英語 タクシー 行き先,ja,bing_ja-JP,英語 タクシー
英語 タクシーを呼んでください,ja,bing_ja-JP,英語 タクシー
タクシー乗り場英語,ja,bing_ja-JP,英語 タクシー
日本劳务司机招聘网站,zh,baidu,日本 专车
日本司机工资一般多少,zh,baidu,日本 专车
日本出租车司机招聘条件,zh,baidu,日本 专车
日本招中国司机要求,zh,baidu,日本 专车
日本中型车运输司机工作内容,zh,baidu,日本 专车
去日本做司机工资高吗,zh,baidu,日本 专车
日本电车司机工资,zh,baidu,日本 专车
日本汽车工人工资,zh,baidu,日本 专车
日本公交司机招聘条件,zh,baidu,日本 专车
タクシー代英語,ja,bing_ja-JP,英語 タクシー
タクシーを呼ぶ英語,ja,bing_ja-JP,英語 タクシー
タクシー英語スペル,ja,bing_ja-JP,英語 タクシー
タクシーに乗る英語,ja,bing_ja-JP,英語 タクシー
タクシー料金英語,ja,bing_ja-JP,英語 タクシー
タクシー英語で,ja,bing_ja-JP,英語 タクシー
タクシーを英語で,ja,bing_ja-JP,英語 タクシー
日本车费,zh,baidu,日本 专车
日本一辆车多少钱,zh,baidu,日本 专车
日本包车价格,zh,baidu,日本 专车
日本打车价格,zh,baidu,日本 专车
日本汽车价格表,zh,baidu,日本 专车
日本当地车价,zh,baidu,日本 专车
日本卖车,zh,baidu,日本 专车
booking.com タクシー,ja,bing_ja-JP,英語 タクシー
booking.com タクシー 無料,ja,bing_ja-JP,英語 タクシー
バス・タクシー,ja,bing_ja-JP,英語 タクシー
タクシー 乗る時 なんて 言う,ja,bing_ja-JP,英語 タクシー
タクシー ハイヤー 違い 法律,ja,bing_ja-JP,英語 タクシー
タクシー―料金,ja,bing_ja-JP,英語 タクシー
タクシー 予約 電話 なんて言う,ja,bing_ja-JP,英語 タクシー
タクシー-予約,ja,bing_ja-JP,英語 タクシー
タクシー-料金,ja,bing_ja-JP,英語 タクシー
🚖 タクシー料金,ja,bing_ja-JP,英語 タクシー
タクシー、go,ja,bing_ja-JP,英語 タクシー
日本 专车 介绍ppt,zh,baidu,日本 专车
日本的汽车,zh,baidu,日本 专车
日本东京包车价格,zh,baidu,日本 专车
东京驾车,zh,baidu,日本 专车
东京车辆,zh,baidu,日本 专车
东京包车,zh,baidu,日本 专车
日本东京打车怎么收费,zh,baidu,日本 专车
日本东京大巴车租赁,zh,baidu,日本 专车
日本东京车市场,zh,baidu,日本 专车
日本东京打车多少钱一公里,zh,baidu,日本 专车
jr东日本车辆,zh,baidu,日本 专车
go タクシー d 払い使い方,ja,bing_ja-JP,英語 タクシー
go タクシー d 払いやり方,ja,bing_ja-JP,英語 タクシー
d 払いアプリ go タクシー,ja,bing_ja-JP,英語 タクシー
trip.com タクシー,ja,bing_ja-JP,英語 タクシー
日本叫汽车怎说,zh,baidu,日本 专车
日本的司机怎么说,zh,baidu,日本 专车
日本列车英语,zh,baidu,日本 专车
一辆日本车的英文,zh,baidu,日本 专车
日企翻译汽车专用术语,zh,baidu,日本 专车
一辆日本的车英语怎么说,zh,baidu,日本 专车
日本专线日语,zh,baidu,日本 专车
日本出租车怎么说,zh,baidu,日本 专车
エフ・ジー タクシー,ja,bing_ja-JP,英語 タクシー
日本 专车 兼职怎么样,zh,baidu,日本 专车
日本 专车 兼职工资多少,zh,baidu,日本 专车
乙肝患者可以吃茄子吗,zh,baidu,日本 专车
mft弹簧评测,zh,baidu,日本 专车
东南亚中南半岛人口主要分布在,zh,baidu,日本 专车
人体结构几何体速写,zh,baidu,日本 专车
婚纱店上班要干什么,zh,baidu,日本 专车
幼儿园期末汇报家长建议,zh,baidu,日本 专车
天津格林国际幼儿园学费,zh,baidu,日本 专车
一口高压锅划拳歌视频,zh,baidu,日本 专车
日本 专车 公司排名,zh,baidu,日本 专车
日本 专车 公司有哪些,zh,baidu,日本 专车
日本 专车 公司排行榜,zh,baidu,日本 专车
日本车辆制造公司,zh,baidu,日本 专车
日本汽车公司,zh,baidu,日本 专车
日本车公司有好多车,zh,baidu,日本 专车
日本车企业,zh,baidu,日本 专车
タクシー go 英語,ja,bing_ja-JP,英語 タクシー
go タクシー英語,ja,bing_ja-JP,英語 タクシー
タクシー go と uber タクシー,ja,bing_ja-JP,英語 タクシー
go-タクシー,ja,bing_ja-JP,英語 タクシー
大丈夫です、タクシーに乗ります 英語,ja,bing_ja-JP,英語 タクシー
日本交通 タクシー 迎車 無料,ja,bing_ja-JP,英語 タクシー
タクシー-会社,ja,bing_ja-JP,英語 タクシー
日本交通 タクシー 予約 web,ja,bing_ja-JP,英語 タクシー
東京・日本交通 タクシー,ja,bing_ja-JP,英語 タクシー
カカオ タクシー 日本語 アプリ,ja,bing_ja-JP,英語 タクシー
乗合タクシー q&a,ja,bing_ja-JP,英語 タクシー
香港 空港から 市内 タクシー料金,ja,bing_ja-JP,英語 タクシー
uber タクシー 使い方 海外,ja,bing_ja-JP,英語 タクシー
uber タクシー アメリカ 使い方,ja,bing_ja-JP,英語 タクシー
映画・東京タクシー,ja,bing_ja-JP,英語 タクシー
映画、東京タクシー,ja,bing_ja-JP,英語 タクシー
東京 タクシー 映画 あらすじ,ja,bing_ja-JP,英語 タクシー
nex-t タクシー,ja,bing_ja-JP,英語 タクシー
タクシー 迎車料金 無料 横浜,ja,bing_ja-JP,英語 タクシー
タクシー求人 東京 入社 祝い金,ja,bing_ja-JP,英語 タクシー
タクシー-協会,ja,bing_ja-JP,英語 タクシー
代行タクシー、求人,ja,bing_ja-JP,英語 タクシー
タクシー求人英語,ja,bing_ja-JP,英語 タクシー
日本交通 タクシー 求人 大阪,ja,bing_ja-JP,英語 タクシー
タクシー 仕事 つらい ブログ,ja,bing_ja-JP,英語 タクシー
タクシー 迎車料金 無料 東京,ja,bing_ja-JP,英語 タクシー
タクシー 運賃 料金 を 調べる,ja,bing_ja-JP,英語 タクシー
タクシー-料金検索,ja,bing_ja-JP,英語 タクシー
タクシー 1日 貸切 料金 東京,ja,bing_ja-JP,英語 タクシー
タクシー ハイヤー 料金 違い,ja,bing_ja-JP,英語 タクシー
タクシー運賃・料金を調べる,ja,bing_ja-JP,英語 タクシー
介護タクシー・ふぅりん,ja,bing_ja-JP,英語 タクシー
現在地 から 近い タクシー会社 電話,ja,bing_ja-JP,英語 タクシー
タクシー 東京 予約 時間指定,ja,bing_ja-JP,英語 タクシー
タクシー 予約 東京 おすすめ,ja,bing_ja-JP,英語 タクシー
タクシー 配車 電話番号 東京,ja,bing_ja-JP,英語 タクシー
日本交通 タクシー 予約 東京,ja,bing_ja-JP,英語 タクシー
東京 タクシー 予約 できない,ja,bing_ja-JP,英語 タクシー
タクシー 深夜料金 何時から 東京,ja,bing_ja-JP,英語 タクシー
タクシー 貸し切り 半日 東京,ja,bing_ja-JP,英語 タクシー
東京 タクシー 人気 ランキング,ja,bing_ja-JP,英語 タクシー
京东·校园招聘,zh,bing_zh-CN,东京 英语司机
京东招聘-首页,zh,bing_zh-CN,东京 英语司机
京东服务+招聘,zh,bing_zh-CN,东京 英语司机
バス ドライバー 紹介,ja,google_ja_jp,ドライバー 紹介
台湾 タクシー アプリ 日本語,ja,bing_ja-JP,英語 タクシー
台北 タクシー チャーター 日本語,ja,bing_ja-JP,英語 タクシー
f1ドライバー紹介動画,ja,google_ja_jp,ドライバー 紹介
ウーバー ドライバー 紹介 できない,ja,google_ja_jp,ドライバー 紹介
ウーバー ドライバー 紹介 コード どこ,ja,google_ja_jp,ドライバー 紹介
ウーバー イーツ ドライバー 紹介 コード どこ,ja,google_ja_jp,ドライバー 紹介
出前館 ドライバー 紹介,ja,google_ja_jp,ドライバー 紹介
出前 館 ドライバー 紹介 コード,ja,google_ja_jp,ドライバー 紹介
出前 館 ドライバー 紹介 料,ja,google_ja_jp,ドライバー 紹介
出前 館 ドライバー 紹介 キャンペーン,ja,google_ja_jp,ドライバー 紹介
uber ドライバー 紹介 コード どこ,ja,google_ja_jp,ドライバー 紹介
about:京东,zh,bing_zh-CN,东京 英语司机
shop 京东。com,zh,bing_zh-CN,东京 英语司机
京东-京东官方网站,zh,bing_zh-CN,东京 英语司机
京东官网、电脑,zh,bing_zh-CN,东京 英语司机
京东官网、首页,zh,bing_zh-CN,东京 英语司机
京东+logo,zh,bing_zh-CN,东京 英语司机
京东 powered by ecshop,zh,bing_zh-CN,东京 英语司机
京东官网首页-京东到家,zh,bing_zh-CN,东京 英语司机
jd.com 京东,zh,bing_zh-CN,东京 英语司机
ドライバー 紹介,ja,bing_ja-JP,ドライバー 紹介
ドライバー 紹介会社,ja,bing_ja-JP,ドライバー 紹介
ドライバー 紹介予定派遣,ja,bing_ja-JP,ドライバー 紹介
ドライバー 紹介会社 ランキング,ja,bing_ja-JP,ドライバー 紹介
ドライバー紹介制度,ja,bing_ja-JP,ドライバー 紹介
ドライバー紹介キャンペーン,ja,bing_ja-JP,ドライバー 紹介
ドライバー人材紹介,ja,bing_ja-JP,ドライバー 紹介
ドライバーエース人材紹介,ja,bing_ja-JP,ドライバー 紹介
人材紹介ドライバー,ja,bing_ja-JP,ドライバー 紹介
uber eats ドライバー 紹介,ja,google_ja_jp,ドライバー 紹介
uber eats ドライバー 紹介 コード,ja,google_ja_jp,ドライバー 紹介
uber eats ドライバー 紹介 キャンペーン,ja,google_ja_jp,ドライバー 紹介
ドライバー ★,ja,bing_ja-JP,ドライバー 紹介
ドライバー #1,ja,bing_ja-JP,ドライバー 紹介
a&d ドライバー,ja,bing_ja-JP,ドライバー 紹介
ドライバー #2,ja,bing_ja-JP,ドライバー 紹介
a&d ドライバ,ja,bing_ja-JP,ドライバー 紹介
ドライバー △,ja,bing_ja-JP,ドライバー 紹介
★型ドライバー,ja,bing_ja-JP,ドライバー 紹介
ドライバー、スライス,ja,bing_ja-JP,ドライバー 紹介
カー&ドライバー,ja,bing_ja-JP,ドライバー 紹介
b-limited b1 ドライバー,ja,bing_ja-JP,ドライバー 紹介
b&d ドライバー,ja,bing_ja-JP,ドライバー 紹介
usb-b ドライバ,ja,bing_ja-JP,ドライバー 紹介
ドライバービット a タイプ b タイプ,ja,bing_ja-JP,ドライバー 紹介
usb type b ドライバ,ja,bing_ja-JP,ドライバー 紹介
a ドライブ b ドライブ c ドライブ,ja,bing_ja-JP,ドライバー 紹介
b821-t ドライバー,ja,bing_ja-JP,ドライバー 紹介
b-limited 415 ドライバー,ja,bing_ja-JP,ドライバー 紹介
b-lv4-t ドライバ,ja,bing_ja-JP,ドライバー 紹介
f1 ドライバー 紹介,ja,google_ja_jp,ドライバー 紹介
f1 ドライバー 紹介 曲,ja,google_ja_jp,ドライバー 紹介
c&cドライバー,ja,bing_ja-JP,ドライバー 紹介
c&cドライバ,ja,bing_ja-JP,ドライバー 紹介
c-first ドライバー,ja,bing_ja-JP,ドライバー 紹介
c: ドライブ,ja,bing_ja-JP,ドライバー 紹介
windows c ドライブ d ドライブ,ja,bing_ja-JP,ドライバー 紹介
c ドライブ cドライブ とは,ja,bing_ja-JP,ドライバー 紹介
パソコン c ドライブ d ドライブ使い分け,ja,bing_ja-JP,ドライバー 紹介
c ドライブ d ドライブ f ドライブ,ja,bing_ja-JP,ドライバー 紹介
windows c d ドライブ,ja,bing_ja-JP,ドライバー 紹介
スーパー gt ドライバー 紹介,ja,google_ja_jp,ドライバー 紹介
外国 人 ドライバー 紹介,ja,google_ja_jp,ドライバー 紹介
ウーバー ドライバー 紹介 した 側,ja,google_ja_jp,ドライバー 紹介
特定 技能 ドライバー 紹介,ja,google_ja_jp,ドライバー 紹介
d :ドライブ,ja,bing_ja-JP,ドライバー 紹介
dr. ドライバー,ja,bing_ja-JP,ドライバー 紹介
dd-2 ドライバー,ja,bing_ja-JP,ドライバー 紹介
ドライバー #1 #2,ja,bing_ja-JP,ドライバー 紹介
ドライバー ♯1,ja,bing_ja-JP,ドライバー 紹介
ドライバー #3,ja,bing_ja-JP,ドライバー 紹介
株式会社d-drive,ja,bing_ja-JP,ドライバー 紹介
考试:司机:驾照,zh,bing_zh-CN,日本 二种驾照 司机
ウーバー ドライバー 紹介 反映 されない,ja,google_ja_jp,ドライバー 紹介
ウーバー ドライバー 紹介 報酬,ja,google_ja_jp,ドライバー 紹介
ウーバー ドライバー 紹介 保留 中,ja,google_ja_jp,ドライバー 紹介
ウーバー ドライバー 紹介 続行 不可,ja,google_ja_jp,ドライバー 紹介
uber ドライバー 紹介 方法,ja,google_ja_jp,ドライバー 紹介
スーパー フォーミュラ ドライバー 紹介,ja,google_ja_jp,ドライバー 紹介
ep-978a3 ドライバー,ja,bing_ja-JP,ドライバー 紹介
rs-e ドライバー,ja,bing_ja-JP,ドライバー 紹介
https://e-drive.jp,ja,bing_ja-JP,ドライバー 紹介
電動+ドライバー,ja,bing_ja-JP,ドライバー 紹介
エプソン。ドライバー,ja,bing_ja-JP,ドライバー 紹介
電工ドライバー +,ja,bing_ja-JP,ドライバー 紹介
e-drive ドライブレコーダー,ja,bing_ja-JP,ドライバー 紹介
a1、a2驾照,zh,bing_zh-CN,日本 二种驾照 司机
f1 歴代日本人ドライバー紹介,ja,bing_ja-JP,ドライバー 紹介
f1 ドライバー紹介,ja,bing_ja-JP,ドライバー 紹介
f-ドラ ドライバーポータルサイト,ja,bing_ja-JP,ドライバー 紹介
f-ドラ ドライバーポータル,ja,bing_ja-JP,ドライバー 紹介
pf-71 ドライバー,ja,bing_ja-JP,ドライバー 紹介
f ドライブを e ドライブに,ja,bing_ja-JP,ドライバー 紹介
i/fドライバ,ja,bing_ja-JP,ドライバー 紹介
f-ドラ ドライバーポータル ログイン,ja,bing_ja-JP,ドライバー 紹介
b1、b2驾照,zh,bing_zh-CN,日本 二种驾照 司机
スーパー gt 2026 ドライバー紹介,ja,bing_ja-JP,ドライバー 紹介
スーパー gt 2023 日程とドライバー紹介,ja,bing_ja-JP,ドライバー 紹介
2018 アメリカ gp ドライバー紹介,ja,bing_ja-JP,ドライバー 紹介
g pro wireless ドライバー,ja,bing_ja-JP,ドライバー 紹介
ex-g ドライバー,ja,bing_ja-JP,ドライバー 紹介
g-men ドライバー,ja,bing_ja-JP,ドライバー 紹介
g-drive とは,ja,bing_ja-JP,ドライバー 紹介
g:共有ドライブ,ja,bing_ja-JP,ドライバー 紹介
g83/my ドライバー,ja,bing_ja-JP,ドライバー 紹介
c1、c2驾照,zh,bing_zh-CN,日本 二种驾照 司机
ドライバー 紹介 会社,ja,google_ja_jp,ドライバー 紹介
ウーバー イーツ ドライバー 紹介 コード,ja,google_ja_jp,ドライバー 紹介
ウーバー ドライバー 紹介 期限,ja,google_ja_jp,ドライバー 紹介
ロケット ナウ ドライバー 紹介 コード,ja,google_ja_jp,ドライバー 紹介
uber ドライバー 紹介 キャンペーン,ja,google_ja_jp,ドライバー 紹介
com-1 usb h ドライバー,ja,bing_ja-JP,ドライバー 紹介
ドライバー #00,ja,bing_ja-JP,ドライバー 紹介
☆型ドライバー,ja,bing_ja-JP,ドライバー 紹介
ドライバ― 求人,ja,bing_ja-JP,ドライバー 紹介
what is a h:drive,ja,bing_ja-JP,ドライバー 紹介
i ドライバ ダウンロード windows,ja,bing_ja-JP,ドライバー 紹介
i/oドライバー,ja,bing_ja-JP,ドライバー 紹介
ドライバ ドライバー どっち it,ja,bing_ja-JP,ドライバー 紹介
i/oドライバ,ja,bing_ja-JP,ドライバー 紹介
ドライバー +4,ja,bing_ja-JP,ドライバー 紹介
メニュー ドライバー 紹介,ja,google_ja_jp,ドライバー 紹介
ウーバー ドライバー 紹介 コード 見方,ja,google_ja_jp,ドライバー 紹介
ウーバー ドライバー 紹介 何人 まで,ja,google_ja_jp,ドライバー 紹介
j's ドライバー,ja,bing_ja-JP,ドライバー 紹介
j.ドライヤー,ja,bing_ja-JP,ドライバー 紹介
j・ドライヤー,ja,bing_ja-JP,ドライバー 紹介
j-link ドライバ,ja,bing_ja-JP,ドライバー 紹介
j・ドライヤー ドジャース,ja,bing_ja-JP,ドライバー 紹介
ドライブs.aj,ja,bing_ja-JP,ドライバー 紹介
ドライバ― シャフト,ja,bing_ja-JP,ドライバー 紹介
2jcie-bu ドライバ,ja,bing_ja-JP,ドライバー 紹介
com-k ドライバ,ja,bing_ja-JP,ドライバー 紹介
k-drive株式会社,ja,bing_ja-JP,ドライバー 紹介
com-k2-1 ドライバ,ja,bing_ja-JP,ドライバー 紹介
k-150 ドライバー,ja,bing_ja-JP,ドライバー 紹介
kl-g1 ドライバー,ja,bing_ja-JP,ドライバー 紹介
l型+ドライバー,ja,bing_ja-JP,ドライバー 紹介
l-1000 ドライバー,ja,bing_ja-JP,ドライバー 紹介
l-8 ドライバー,ja,bing_ja-JP,ドライバー 紹介
ドライバー#2,ja,bing_ja-JP,ドライバー 紹介
l-1000 ドライバ,ja,bing_ja-JP,ドライバー 紹介
ドライバー #0,ja,bing_ja-JP,ドライバー 紹介
m.2 ドライバー,ja,bing_ja-JP,ドライバー 紹介
m audio m track duo ドライバー,ja,bing_ja-JP,ドライバー 紹介
m ドライバーズ・パッケージ,ja,bing_ja-JP,ドライバー 紹介
m audio ドライバー ダウンロード,ja,bing_ja-JP,ドライバー 紹介
m-audio ドライバー,ja,bing_ja-JP,ドライバー 紹介
m audio m track solo ドライバー,ja,bing_ja-JP,ドライバー 紹介
m audio ドライバ ダウンロード,ja,bing_ja-JP,ドライバー 紹介
トルクドライバー n・m,ja,bing_ja-JP,ドライバー 紹介
m-audio ドライバ,ja,bing_ja-JP,ドライバー 紹介
m-disc ドライブ,ja,bing_ja-JP,ドライバー 紹介
ドライルーブ m-1,ja,bing_ja-JP,ドライバー 紹介
n-ub ドライバー,ja,bing_ja-JP,ドライバー 紹介
no.1 ドライバー,ja,bing_ja-JP,ドライバー 紹介
ドライバー no.2,ja,bing_ja-JP,ドライバー 紹介
ndrive.co.jp,ja,bing_ja-JP,ドライバー 紹介
ウーバー ドライバー 紹介 料,ja,google_ja_jp,ドライバー 紹介
ウーバー イーツ ドライバー 紹介 料,ja,google_ja_jp,ドライバー 紹介
ウーバー ドライバー 紹介 料 いくら,ja,google_ja_jp,ドライバー 紹介
ウーバー ドライバー 紹介 料 期限,ja,google_ja_jp,ドライバー 紹介
uber ドライバー 紹介 料,ja,google_ja_jp,ドライバー 紹介
ロケットナウドライバー紹介料,ja,google_ja_jp,ドライバー 紹介
タクシー ドライバー 紹介 料,ja,google_ja_jp,ドライバー 紹介
ニュー ドライバー 紹介 料,ja,google_ja_jp,ドライバー 紹介
オーバー-ドライブ,ja,bing_ja-JP,ドライバー 紹介
株式会社トライ・オート,ja,bing_ja-JP,ドライバー 紹介
ウーバー ドライバー 紹介 され た側,ja,google_ja_jp,ドライバー 紹介
佐川 急便 ドライバー 紹介,ja,google_ja_jp,ドライバー 紹介
ドライバー pat.p,ja,bing_ja-JP,ドライバー 紹介
精密ドライバー #1,ja,bing_ja-JP,ドライバー 紹介
精密ドライバー+,ja,bing_ja-JP,ドライバー 紹介
pd-2 ドライバー,ja,bing_ja-JP,ドライバー 紹介
p-touch ドライバー,ja,bing_ja-JP,ドライバー 紹介
ドライバー/ソフトウェア,ja,bing_ja-JP,ドライバー 紹介
ウーバー ドライバー 紹介 特典,ja,google_ja_jp,ドライバー 紹介
ウーバー イーツ ドライバー 紹介 特典,ja,google_ja_jp,ドライバー 紹介
出前 館 ドライバー 紹介,ja,google_ja_jp,ドライバー 紹介
ドライバー テクノロジーズ 人材 紹介,ja,google_ja_jp,ドライバー 紹介
タクシー ドライバー 紹介,ja,google_ja_jp,ドライバー 紹介
トラック ドライバー 紹介,ja,google_ja_jp,ドライバー 紹介
uber 友達 紹介 ドライバー,ja,google_ja_jp,ドライバー 紹介
q-driveとは,ja,bing_ja-JP,ドライバー 紹介
三菱 plc q シリーズ usb ドライバ,ja,bing_ja-JP,ドライバー 紹介
q739/ab ドライバー,ja,bing_ja-JP,ドライバー 紹介
dq-cabn ドライバー,ja,bing_ja-JP,ドライバー 紹介
qi10 max ドライバー ウエイト,ja,bing_ja-JP,ドライバー 紹介
qp-l ドライケム,ja,bing_ja-JP,ドライバー 紹介
qi10 max ドライバー ライ角,ja,bing_ja-JP,ドライバー 紹介
qi max lite ドライバー,ja,bing_ja-JP,ドライバー 紹介
ql-700 ドライバー,ja,bing_ja-JP,ドライバー 紹介
ブラザー ql-700 ドライバー,ja,bing_ja-JP,ドライバー 紹介
ウーバーイーツ ドライバー 紹介,ja,google_ja_jp,ドライバー 紹介
uber ドライバー 紹介,ja,google_ja_jp,ドライバー 紹介
r ドライバ ダウンロード windows,ja,bing_ja-JP,ドライバー 紹介
r ドライバ ダウンロード 無料,ja,bing_ja-JP,ドライバー 紹介
r ドライバ ダウンロード 便利,ja,bing_ja-JP,ドライバー 紹介
cd-r ドライバー,ja,bing_ja-JP,ドライバー 紹介
r ドライバ ダウンロード エラー,ja,bing_ja-JP,ドライバー 紹介
r ドライバ ダウンロード linux,ja,bing_ja-JP,ドライバー 紹介
r ドライバ ダウンロード おすすめ,ja,bing_ja-JP,ドライバー 紹介
r ドライバ ダウンロード mac,ja,bing_ja-JP,ドライバー 紹介
cd-r ドライバ,ja,bing_ja-JP,ドライバー 紹介
インテル r ワイヤレス bluetooth r ドライバー,ja,bing_ja-JP,ドライバー 紹介
ドライバ― スライス,ja,bing_ja-JP,ドライバー 紹介
ザ・ドライバー,ja,bing_ja-JP,ドライバー 紹介
system product name ドライバー,ja,bing_ja-JP,ドライバー 紹介
ニュー ドライバー 紹介 割引,ja,google_ja_jp,ドライバー 紹介
woltドライバー紹介,ja,google_ja_jp,ドライバー 紹介
t-10 ドライバー,ja,bing_ja-JP,ドライバー 紹介
www.tp-link.com ドライバー,ja,bing_ja-JP,ドライバー 紹介
t-830 ドライバー,ja,bing_ja-JP,ドライバー 紹介
t-8ドライバー,ja,bing_ja-JP,ドライバー 紹介
富士通 lifebook u series ドライバー,ja,bing_ja-JP,ドライバー 紹介
u-05 ドライバ,ja,bing_ja-JP,ドライバー 紹介
u-wave ドライバー,ja,bing_ja-JP,ドライバー 紹介
u7310/d ドライバー,ja,bing_ja-JP,ドライバー 紹介
lifebook u series ドライバー,ja,bing_ja-JP,ドライバー 紹介
ドライバー&ユーティリティ,ja,bing_ja-JP,ドライバー 紹介
u-44 ドライバー,ja,bing_ja-JP,ドライバー 紹介
u9310/d ドライバー,ja,bing_ja-JP,ドライバー 紹介
ur-c ドライバー,ja,bing_ja-JP,ドライバー 紹介
lud-u3-au101 ドライバ,ja,bing_ja-JP,ドライバー 紹介
ウーバー ドライバー 紹介 やり方,ja,google_ja_jp,ドライバー 紹介
ヤマト 運輸 ドライバー 紹介,ja,google_ja_jp,ドライバー 紹介
vd/r ドライバー,ja,bing_ja-JP,ドライバー 紹介
v83/my ドライバー,ja,bing_ja-JP,ドライバー 紹介
v83/ly ドライバー,ja,bing_ja-JP,ドライバー 紹介
vp-2000 ドライバー,ja,bing_ja-JP,ドライバー 紹介
kakaku.com ドライバー,ja,bing_ja-JP,ドライバー 紹介
ウーバー ドライバー 紹介 条件,ja,google_ja_jp,ドライバー 紹介
ウーバー ドライバー 紹介 コード 自分,ja,google_ja_jp,ドライバー 紹介
uber ドライバー 紹介 条件,ja,google_ja_jp,ドライバー 紹介
ドライバー 人材 紹介,ja,google_ja_jp,ドライバー 紹介
ドライバー 人材 紹介 会社,ja,google_ja_jp,ドライバー 紹介
オートスポーツ web ドライバー紹介,ja,bing_ja-JP,ドライバー 紹介
twa-001 ドライバー,ja,bing_ja-JP,ドライバー 紹介
x-hot ドライバー,ja,bing_ja-JP,ドライバー 紹介
ツアーステージ ドライバー x drive,ja,bing_ja-JP,ドライバー 紹介
x hot pro ドライバー,ja,bing_ja-JP,ドライバー 紹介
xxio x ドライバー スペック,ja,bing_ja-JP,ドライバー 紹介
xdrive.jp,ja,bing_ja-JP,ドライバー 紹介
ツアーステージ x-drive ドライバー,ja,bing_ja-JP,ドライバー 紹介
x-driver,ja,bing_ja-JP,ドライバー 紹介
ゼクシオ x eks ドライバー,ja,bing_ja-JP,ドライバー 紹介
ゼクシオ x ドライバー 14,ja,bing_ja-JP,ドライバー 紹介
dx-001 ドライバー,ja,bing_ja-JP,ドライバー 紹介
ドライバー 求人 紹介,ja,google_ja_jp,ドライバー 紹介
y 字ドライバー 100 円ショップ,ja,bing_ja-JP,ドライバー 紹介
y字ドライバー 1.5,ja,bing_ja-JP,ドライバー 紹介
y字ドライバー 0.6,ja,bing_ja-JP,ドライバー 紹介
youtube ⛳ ドライバー,ja,bing_ja-JP,ドライバー 紹介
y-r0025-o ドライバー,ja,bing_ja-JP,ドライバー 紹介
s-yard ドライバー,ja,bing_ja-JP,ドライバー 紹介
z: ドライブ,ja,bing_ja-JP,ドライバー 紹介
z-tx ドライバー,ja,bing_ja-JP,ドライバー 紹介
スーパードライb'z,ja,bing_ja-JP,ドライバー 紹介
pz-1 ドライバー,ja,bing_ja-JP,ドライバー 紹介
zy-max ドライバー,ja,bing_ja-JP,ドライバー 紹介
z-drive,ja,bing_ja-JP,ドライバー 紹介
求人 ネットスーパー 配達 ドライバー,ja,bing_ja-JP,ドライバー 紹介
ライドシェア ドライバー 募集 東京,ja,bing_ja-JP,ドライバー 紹介
ドライバー 求人 東京 正社員,ja,bing_ja-JP,ドライバー 紹介
東京都 ドライバー 求人 正社員,ja,bing_ja-JP,ドライバー 紹介
千葉県 求人 正社員 ドライバー,ja,bing_ja-JP,ドライバー 紹介
大型 長距離 ドライバー 求人,ja,bing_ja-JP,ドライバー 紹介
大阪 派遣 トラック運転手 ドライバー 求人,ja,bing_ja-JP,ドライバー 紹介
群馬県高崎市 求人 有限会社 ドライバー,ja,bing_ja-JP,ドライバー 紹介
千葉市 ドライバー 求人 正社員,ja,bing_ja-JP,ドライバー 紹介
トライ・ハード 求人,ja,bing_ja-JP,ドライバー 紹介
ドライバー求人紹介,ja,bing_ja-JP,ドライバー 紹介
求人 短時間 運転手 ドライバー,ja,bing_ja-JP,ドライバー 紹介
横浜市 ドライバー 求人 正社員,ja,bing_ja-JP,ドライバー 紹介
トライ+ 料金,ja,bing_ja-JP,ドライバー 紹介
ドライバー・ソフトウェア,ja,bing_ja-JP,ドライバー 紹介
精密ドライバー +00,ja,bing_ja-JP,ドライバー 紹介
担当ドライバー・担当直営店検索,ja,bing_ja-JP,ドライバー 紹介
ドライバー/ソフトウェア ダウンロード,ja,bing_ja-JP,ドライバー 紹介
ドライバー・ソフトウェアダウンロード,ja,bing_ja-JP,ドライバー 紹介
ana 客室 乗務員 兼業,ja,google_ja_jp,乗務員 兼業
リ・ドライバーズ東京,ja,bing_ja-JP,ドライバー 紹介
ドライバー 求人 東京 35万円以上,ja,bing_ja-JP,ドライバー 紹介
株式会社トライグループ 東京本社 千代田区飯田橋 マイナビバイト,ja,bing_ja-JP,ドライバー 紹介
トライ&エラー 英語,ja,bing_ja-JP,ドライバー 紹介
ハイヤー ドライバー,ja,google_ja_jp,ハイヤー ドライバー
ハイヤー ドライバー 年収,ja,google_ja_jp,ハイヤー ドライバー
ハイヤー ドライバーとは,ja,google_ja_jp,ハイヤー ドライバー
ハイヤー ドライバー 求人,ja,google_ja_jp,ハイヤー ドライバー
j-air 客室乗務員,ja,bing_ja-JP,乗務員 兼業
n-van 乗車定員,ja,bing_ja-JP,乗務員 兼業
公務員 兼業 q&a,ja,bing_ja-JP,乗務員 兼業
ハイヤー ドライバー派遣,ja,google_ja_jp,ハイヤー ドライバー
客室乗務員 採用 2023 既卒,ja,bing_ja-JP,乗務員 兼業
ハイヤー 求人,ja,bing_ja-JP,ハイヤー 求人
ハイヤー 求人 東京,ja,bing_ja-JP,ハイヤー 求人
ハイヤー 求人 大阪,ja,bing_ja-JP,ハイヤー 求人
ハイヤー 求人 千葉,ja,bing_ja-JP,ハイヤー 求人
ハイヤー 求人 福岡,ja,bing_ja-JP,ハイヤー 求人
ハイヤー 求人サイト,ja,bing_ja-JP,ハイヤー 求人
ハイヤー 求人 仮眠室,ja,bing_ja-JP,ハイヤー 求人
都内ハイヤー求人,ja,bing_ja-JP,ハイヤー 求人
日本交通ハイヤー求人,ja,bing_ja-JP,ハイヤー 求人
ハイヤー英語求人,ja,bing_ja-JP,ハイヤー 求人
日本ハイヤー求人機構,ja,bing_ja-JP,ハイヤー 求人
帝都ハイヤー求人,ja,bing_ja-JP,ハイヤー 求人
門川ハイヤー求人,ja,bing_ja-JP,ハイヤー 求人
株式会社バイヤーズ・ガイド,ja,bing_ja-JP,ハイヤー 求人
ハーバート・バイヤー,ja,bing_ja-JP,ハイヤー 求人
有限会社f・バイヤー,ja,bing_ja-JP,ハイヤー 求人
ハイヤー求人東京,ja,bing_ja-JP,ハイヤー 求人
ハイヤードライバー求人,ja,bing_ja-JP,ハイヤー 求人
ハイヤー・アンド・ハイヤー,ja,bing_ja-JP,ハイヤー 求人
e☆イヤホン 求人,ja,bing_ja-JP,ハイヤー 求人
バイヤーズ.com,ja,bing_ja-JP,ハイヤー 求人
g&hワイヤー,ja,bing_ja-JP,ハイヤー 求人
日本 圧着 端子製造 カタログ,zh,bing_zh-CN,日本 高端接送 司机
james&co バイヤー,ja,bing_ja-JP,ハイヤー 求人
jb ハイウェイ サービス 求人,ja,bing_ja-JP,ハイヤー 求人
ハイヤー求人 大阪,ja,bing_ja-JP,ハイヤー 求人
ハイヤー ドライバー アルバイト,ja,google_ja_jp,ハイヤー ドライバー
ハイヤー ドライバー 募集,ja,google_ja_jp,ハイヤー ドライバー
ハイヤー ドライバー バイト,ja,google_ja_jp,ハイヤー ドライバー
ハイヤー ドライバー ブログ,ja,google_ja_jp,ハイヤー ドライバー
ハイヤー ドライバー デメリット,ja,google_ja_jp,ハイヤー ドライバー
ハイヤー ドライバー 志望 動機,ja,google_ja_jp,ハイヤー ドライバー
ハイヤー ドライバー タクシー ドライバー 違い,ja,google_ja_jp,ハイヤー ドライバー
タクシー ドライバー ハイヤー ドライバー,ja,google_ja_jp,ハイヤー ドライバー
ハイヤー ドライバー 英語,ja,google_ja_jp,ハイヤー ドライバー
英会話 ハイヤー ドライバー,ja,google_ja_jp,ハイヤー ドライバー
ハイヤー ドライバー 月収,ja,google_ja_jp,ハイヤー ドライバー
ハイヤー ドライバー 業務 委託,ja,google_ja_jp,ハイヤー ドライバー
ハイヤードライバー 業種,ja,google_ja_jp,ハイヤー ドライバー
ゴルフ ドライバー ハイヤー,ja,google_ja_jp,ハイヤー ドライバー
ハイヤー ドライバー 評判,ja,google_ja_jp,ハイヤー ドライバー
ハイヤー ドライバー 派遣,ja,google_ja_jp,ハイヤー ドライバー
ハイヤー ドライバー 平均 年収,ja,google_ja_jp,ハイヤー ドライバー
ハイヤードライバー 福岡,ja,google_ja_jp,ハイヤー ドライバー
ハイヤー ドライバー 副業,ja,google_ja_jp,ハイヤー ドライバー
ハイヤー ドライバー 服装,ja,google_ja_jp,ハイヤー ドライバー
ハイヤー ドライバー と は,ja,google_ja_jp,ハイヤー ドライバー
ハイヤー ドライバー 給料,ja,google_ja_jp,ハイヤー ドライバー
ハイヤー ドライバー 求人 東京,ja,google_ja_jp,ハイヤー ドライバー
ハイヤー ドライバー 求人 関西,ja,google_ja_jp,ハイヤー ドライバー
ハイヤー ドライバー 稼げる,ja,google_ja_jp,ハイヤー ドライバー
ハイヤー ドライバー 口コミ,ja,google_ja_jp,ハイヤー ドライバー
ハイヤー ドライバー 勤務 時間,ja,google_ja_jp,ハイヤー ドライバー
ハイヤー ドライバー 研修,ja,google_ja_jp,ハイヤー ドライバー
ハイヤー ドライバー 求人 大阪,ja,google_ja_jp,ハイヤー ドライバー
ハイヤー ドライバー 髪型,ja,google_ja_jp,ハイヤー ドライバー
ハイヤー ドライバー 未経験,ja,google_ja_jp,ハイヤー ドライバー
ハイヤー ドライバー 免許,ja,google_ja_jp,ハイヤー ドライバー
ハイヤー ドライバー 面接,ja,google_ja_jp,ハイヤー ドライバー
mk ハイヤー ドライバー,ja,google_ja_jp,ハイヤー ドライバー
z ハイヤー求人募集,ja,bing_ja-JP,ハイヤー 求人
ハイヤー ドライバー 大阪,ja,google_ja_jp,ハイヤー ドライバー
ハイヤー ドライバー 大手,ja,google_ja_jp,ハイヤー ドライバー
大阪 ハイヤー ドライバー 求人,ja,google_ja_jp,ハイヤー ドライバー
沖縄 ハイヤー ドライバー 求人,ja,google_ja_jp,ハイヤー ドライバー
プロドライバー ハイヤー,ja,google_ja_jp,ハイヤー ドライバー
ハイヤー ドライバー 仕事 内容,ja,google_ja_jp,ハイヤー ドライバー
ハイヤー ドライバー 資格,ja,google_ja_jp,ハイヤー ドライバー
ハイヤー ドライバー 職種,ja,google_ja_jp,ハイヤー ドライバー
ハイヤー ドライバー 将来 性,ja,google_ja_jp,ハイヤー ドライバー
ハイヤー ドライバー スーツ,ja,google_ja_jp,ハイヤー ドライバー
ハイヤー ドライバー 採用,ja,google_ja_jp,ハイヤー ドライバー
ハイヤー ドライバー 仕事,ja,google_ja_jp,ハイヤー ドライバー
ハイヤー ドライバー 収入,ja,google_ja_jp,ハイヤー ドライバー
vip 専属 ハイヤー ドライバー,ja,google_ja_jp,ハイヤー ドライバー
ハイヤー ドライバー 転職,ja,google_ja_jp,ハイヤー ドライバー
ハイヤー ドライバー 知恵袋,ja,google_ja_jp,ハイヤー ドライバー
ハイヤー ドライバー 東京,ja,google_ja_jp,ハイヤー ドライバー
ハイヤー ドライバー 千葉,ja,google_ja_jp,ハイヤー ドライバー
ハイヤー ドライバー 大変,ja,google_ja_jp,ハイヤー ドライバー
ハイヤー ドライバー タトゥー,ja,google_ja_jp,ハイヤー ドライバー
ハイヤー ドライバー チップ,ja,google_ja_jp,ハイヤー ドライバー
ハイヤー ドライバー とら,ja,google_ja_jp,ハイヤー ドライバー
東京 mk ハイヤー求人,ja,bing_ja-JP,ハイヤー 求人
求人東京ハイヤー,ja,bing_ja-JP,ハイヤー 求人
ハイヤー東京求人,ja,bing_ja-JP,ハイヤー 求人
東京ハイヤー求人,ja,bing_ja-JP,ハイヤー 求人
東京 ハイヤー タクシー 協会,ja,bing_ja-JP,ハイヤー 求人
uber ハイヤー ドライバー,ja,google_ja_jp,ハイヤー ドライバー
英語ハイヤー求人,ja,bing_ja-JP,ハイヤー 求人
タクシー 英語 求人,ja,bing_ja-JP,タクシー 英語 求人
英語タクシー求人,ja,bing_ja-JP,タクシー 英語 求人
タクシー求人英語,ja,bing_ja-JP,タクシー 英語 求人
タクシー-会社,ja,bing_ja-JP,タクシー 英語 求人
booking.com タクシー,ja,bing_ja-JP,タクシー 英語 求人
タクシー-料金,ja,bing_ja-JP,タクシー 英語 求人
タクシー 仕事 つらい ブログ,ja,bing_ja-JP,タクシー 英語 求人
日本交通 タクシー 求人 大阪,ja,bing_ja-JP,タクシー 英語 求人
タクシー求人 東京 入社 祝い金,ja,bing_ja-JP,タクシー 英語 求人
タクシー―料金,ja,bing_ja-JP,タクシー 英語 求人
🚖 タクシー料金,ja,bing_ja-JP,タクシー 英語 求人
タクシー、go,ja,bing_ja-JP,タクシー 英語 求人
京东秒送商家端.html,zh,bing_zh-CN,日本 高端接送 司机
日本包车要给小费吗,zh,google_zh-CN_jp,日本 包车
日本包车,zh,google_zh-CN_jp,日本 包车
日本包车小费,zh,google_zh-CN_jp,日本 包车
日本包车小费多少,zh,google_zh-CN_jp,日本 包车
日本包车司机小费,zh,google_zh-CN_jp,日本 包车
日本包车小费ptt,zh,google_zh-CN_jp,日本 包车
日本包车旅游费用,zh,google_zh-CN_jp,日本 包车
日本包车一天多少钱,zh,google_zh-CN_jp,日本 包车
日本包车费用ptt,zh,google_zh-CN_jp,日本 包车
日本包车可以吃东西吗,zh,google_zh-CN_jp,日本 包车
タクシー会社 m&a,ja,bing_ja-JP,タクシー 英語 求人
タクシー-予約,ja,bing_ja-JP,タクシー 英語 求人
タクシー-協会,ja,bing_ja-JP,タクシー 英語 求人
ハイヤー ドライバー っ て 何,ja,google_ja_jp,ハイヤー ドライバー
日本 包车 青鸟,zh,google_zh-CN_jp,日本 包车
日本 包车 安全座椅,zh,google_zh-CN_jp,日本 包车
ハイヤー ドライバー やめ とけ,ja,google_ja_jp,ハイヤー ドライバー
ハイヤー ドライバー 休み,ja,google_ja_jp,ハイヤー ドライバー
booking.com タクシー 無料,ja,bing_ja-JP,タクシー 英語 求人
バス・タクシー,ja,bing_ja-JP,タクシー 英語 求人
ハイヤー・タクシー,ja,bing_ja-JP,タクシー 英語 求人
日本包车 白牌,zh,google_zh-CN_jp,日本 包车
日本包车保险,zh,google_zh-CN_jp,日本 包车
日本 包车 白牌 绿牌,zh,google_zh-CN_jp,日本 包车
ハイヤー ドライバー 女性,ja,google_ja_jp,ハイヤー ドライバー
ハイヤー ドライバー z,ja,google_ja_jp,ハイヤー ドライバー
ハイヤー ドライバー 条件,ja,google_ja_jp,ハイヤー ドライバー
ハイヤー ドライバー 実態,ja,google_ja_jp,ハイヤー ドライバー
ドライバー ジャパン ハイヤー,ja,google_ja_jp,ハイヤー ドライバー
タクシー 迎車料金 無料 横浜,ja,bing_ja-JP,タクシー 英語 求人
trip.com タクシー,ja,bing_ja-JP,タクシー 英語 求人
タクシー 配車 予約 システム 法人,ja,bing_ja-JP,タクシー 英語 求人
日本包车超时费用,zh,google_zh-CN_jp,日本 包车
日本包车车型,zh,google_zh-CN_jp,日本 包车
日本包车车款,zh,google_zh-CN_jp,日本 包车
日本包车超时,zh,google_zh-CN_jp,日本 包车
go タクシー d 払い使い方,ja,bing_ja-JP,タクシー 英語 求人
go タクシー d 払いやり方,ja,bing_ja-JP,タクシー 英語 求人
代行タクシー、求人,ja,bing_ja-JP,タクシー 英語 求人
日本包车dcard,zh,google_zh-CN_jp,日本 包车
日本包车多少钱,zh,google_zh-CN_jp,日本 包车
日本包车导游,zh,google_zh-CN_jp,日本 包车
日本包车单趟,zh,google_zh-CN_jp,日本 包车
日本包车大阪,zh,google_zh-CN_jp,日本 包车
エフ・ジー タクシー,ja,bing_ja-JP,タクシー 英語 求人
日本包车儿童座椅规定,zh,google_zh-CN_jp,日本 包车
日本包车 儿童座椅,zh,google_zh-CN_jp,日本 包车
日本包车费用dcard,zh,google_zh-CN_jp,日本 包车
日本包车服务,zh,google_zh-CN_jp,日本 包车
日本包车富士山,zh,google_zh-CN_jp,日本 包车
日本 包车费用,zh,google_zh-CN_jp,日本 包车
ハイヤー 求人,ja,google_ja_jp,ハイヤー 求人
ハイヤー 求人 東京,ja,google_ja_jp,ハイヤー 求人
ハイヤー 求人 大阪,ja,google_ja_jp,ハイヤー 求人
ハイヤー 求人 神奈川,ja,google_ja_jp,ハイヤー 求人
ハイヤー 求人 千葉,ja,google_ja_jp,ハイヤー 求人
ハイヤー 求人 口コミ,ja,google_ja_jp,ハイヤー 求人
go-タクシー,ja,bing_ja-JP,タクシー 英語 求人
大丈夫です、タクシーに乗ります 英語,ja,bing_ja-JP,タクシー 英語 求人
日本包车贵吗,zh,google_zh-CN_jp,日本 包车
日本包车公司,zh,google_zh-CN_jp,日本 包车
日本包车公司推荐,zh,google_zh-CN_jp,日本 包车
日本包车go japan,zh,google_zh-CN_jp,日本 包车
日本 包车 合法,zh,google_zh-CN_jp,日本 包车
job csair cn 评价,zh,bing_zh-CN,日本 司机 兼职
日本包车划算吗,zh,google_zh-CN_jp,日本 包车
日本包车行情,zh,google_zh-CN_jp,日本 包车
日本包车很贵吗,zh,google_zh-CN_jp,日本 包车
日本 包车 海狮,zh,google_zh-CN_jp,日本 包车
日本 包车 服务,zh,google_zh-CN_jp,日本 包车
日本 包车 平台,zh,google_zh-CN_jp,日本 包车
日本 包车 北海道,zh,google_zh-CN_jp,日本 包车
日本 包车 富士山,zh,google_zh-CN_jp,日本 包车
日本 包车 福冈,zh,google_zh-CN_jp,日本 包车
日本 包车 一 日 游,zh,google_zh-CN_jp,日本 包车
現在地 から 近い タクシー会社,ja,bing_ja-JP,タクシー 英語 求人
日本 包车 一天 多少 钱,zh,google_zh-CN_jp,日本 包车
日本包车一日游 价格,zh,google_zh-CN_jp,日本 包车
日本包车一日游 推荐,zh,google_zh-CN_jp,日本 包车
日本 包车 一日,zh,google_zh-CN_jp,日本 包车
日本 包车 一日游,zh,google_zh-CN_jp,日本 包车
日本包车一天 价格,zh,google_zh-CN_jp,日本 包车
日本 包车 一天,zh,google_zh-CN_jp,日本 包车
kkday 日本包车一日游,zh,google_zh-CN_jp,日本 包车
ハイヤー 乗務員証,ja,google_ja_jp,ハイヤー 乗務員
ハイヤー 乗務員,ja,google_ja_jp,ハイヤー 乗務員
ハイヤー 乗務員 と は,ja,google_ja_jp,ハイヤー 乗務員
ハイヤー 乗務員 実態,ja,google_ja_jp,ハイヤー 乗務員
ハイヤー 乗務員 求人,ja,google_ja_jp,ハイヤー 乗務員
ハイヤー 乗務員 募集,ja,google_ja_jp,ハイヤー 乗務員
ハイヤー 乗務員 年収,ja,google_ja_jp,ハイヤー 乗務員
ハイヤー の 乗務員,ja,google_ja_jp,ハイヤー 乗務員
日本 交通 ハイヤー 乗務員,ja,google_ja_jp,ハイヤー 乗務員
ダーシー・ショウ,ja,bing_ja-JP,タクシー 英語 求人
日本包车价位,zh,google_zh-CN_jp,日本 包车
日本包车接送机,zh,google_zh-CN_jp,日本 包车
日本包车价格dcard,zh,google_zh-CN_jp,日本 包车
日本包车 机场接送,zh,google_zh-CN_jp,日本 包车
タクシー 配車 電話番号 東京,ja,bing_ja-JP,タクシー 英語 求人
ダグ・ケイシー,ja,bing_ja-JP,タクシー 英語 求人
日本包车 kkday,zh,google_zh-CN_jp,日本 包车
日本 包车 公司,zh,google_zh-CN_jp,日本 包车
日本 包车 九州,zh,google_zh-CN_jp,日本 包车
日本 包车 自由 行,zh,google_zh-CN_jp,日本 包车
日本 京都 包车,zh,google_zh-CN_jp,日本 包车
klook 日本 包车,zh,google_zh-CN_jp,日本 包车
klook 日本 包车 评价,zh,google_zh-CN_jp,日本 包车
宏大 日本 包车 评价,zh,google_zh-CN_jp,日本 包车
宏大 日本 包车,zh,google_zh-CN_jp,日本 包车
タクシー 予約 電話 なんて言う,ja,bing_ja-JP,タクシー 英語 求人
日本包车旅游,zh,google_zh-CN_jp,日本 包车
日本包车 绿牌,zh,google_zh-CN_jp,日本 包车
日本包车绿牌白牌,zh,google_zh-CN_jp,日本 包车
日本包车旅游dcard,zh,google_zh-CN_jp,日本 包车
日本包车旅行社,zh,google_zh-CN_jp,日本 包车
日本包车旅游 推荐,zh,google_zh-CN_jp,日本 包车
日本包车旅游一天多少钱,zh,google_zh-CN_jp,日本 包车
日本包车绿牌推荐,zh,google_zh-CN_jp,日本 包车
t-money タクシー,ja,bing_ja-JP,タクシー 英語 求人
m's福祉タクシー,ja,bing_ja-JP,タクシー 英語 求人
日本包车马来西亚,zh,google_zh-CN_jp,日本 包车
股癌 日本 包车,zh,google_zh-CN_jp,日本 包车
go タクシー会社 一覧 大阪,ja,bing_ja-JP,タクシー 英語 求人
日本 包车 大阪,zh,google_zh-CN_jp,日本 包车
日本 大阪 包车 费用,zh,google_zh-CN_jp,日本 包车
日本 大阪 包车 推荐,zh,google_zh-CN_jp,日本 包车
雄狮 日本 包车,zh,google_zh-CN_jp,日本 包车
日本包车 ptt,zh,google_zh-CN_jp,日本 包车
日本 包车 费用 ptt,zh,google_zh-CN_jp,日本 包车
kkday 日本 包车 ptt,zh,google_zh-CN_jp,日本 包车
乗合タクシー q&a,ja,bing_ja-JP,タクシー 英語 求人
介護タクシーh&r,ja,bing_ja-JP,タクシー 英語 求人
日本 包车 人数,zh,google_zh-CN_jp,日本 包车
日本 包车 旅行社,zh,google_zh-CN_jp,日本 包车
日本 旅行 包车,zh,google_zh-CN_jp,日本 包车
タクシー go と s ライド,ja,bing_ja-JP,タクシー 英語 求人
日本包车时间,zh,google_zh-CN_jp,日本 包车
日本包车司机,zh,google_zh-CN_jp,日本 包车
日本 包车 白牌,zh,google_zh-CN_jp,日本 包车
日本 包车 接送,zh,google_zh-CN_jp,日本 包车
日本 包车 小费,zh,google_zh-CN_jp,日本 包车
日本 包车 神灯,zh,google_zh-CN_jp,日本 包车
日本 包车 小巴,zh,google_zh-CN_jp,日本 包车
日本 私人 包车,zh,google_zh-CN_jp,日本 包车
日本包车推荐dcard,zh,google_zh-CN_jp,日本 包车
日本包车推荐ptt,zh,google_zh-CN_jp,日本 包车
日本包车推荐,zh,google_zh-CN_jp,日本 包车
日本包车推荐2人,zh,google_zh-CN_jp,日本 包车
日本 包车 旅游,zh,google_zh-CN_jp,日本 包车
日本 包车 旅游 价格,zh,google_zh-CN_jp,日本 包车
日本 包车 旅游 推荐,zh,google_zh-CN_jp,日本 包车
日本 包车 机场,zh,google_zh-CN_jp,日本 包车
日本 包车 中文,zh,google_zh-CN_jp,日本 包车
日本 包车 司机,zh,google_zh-CN_jp,日本 包车
タクシー go と uber タクシー,ja,bing_ja-JP,タクシー 英語 求人
u-next 東京タクシー,ja,bing_ja-JP,タクシー 英語 求人
uber タクシー 海外 料金,ja,bing_ja-JP,タクシー 英語 求人
uber タクシー 海外 使い方,ja,bing_ja-JP,タクシー 英語 求人
タクシー 配車 予約 システム,ja,bing_ja-JP,タクシー 英語 求人
nex-t タクシー,ja,bing_ja-JP,タクシー 英語 求人
日本包车需要给小费吗,zh,google_zh-CN_jp,日本 包车
日本包车行程,zh,google_zh-CN_jp,日本 包车
日本包车小团,zh,google_zh-CN_jp,日本 包车
日本 包 车 行程 规划,zh,google_zh-CN_jp,日本 包车
日本包车一天,zh,google_zh-CN_jp,日本 包车
日本包车一日游,zh,google_zh-CN_jp,日本 包车
日本包车一日,zh,google_zh-CN_jp,日本 包车
日本包车一日游价格,zh,google_zh-CN_jp,日本 包车
日本包车游,zh,google_zh-CN_jp,日本 包车
日本包车要注意什么,zh,google_zh-CN_jp,日本 包车
日本包车一日费用,zh,google_zh-CN_jp,日本 包车
日本包车诈骗,zh,google_zh-CN_jp,日本 包车
日本包车自由行,zh,google_zh-CN_jp,日本 包车
日本包车怎么算,zh,google_zh-CN_jp,日本 包车
東京・日本交通 タクシードライバー 求人,ja,bing_ja-JP,タクシー 英語 求人
札幌 タクシー 運転 手 求人,ja,bing_ja-JP,タクシー 英語 求人
日本 包车 价格,zh,google_zh-CN_jp,日本 包车
日本包车价格 ptt,zh,google_zh-CN_jp,日本 包车
莱旅游 日本包车价格,zh,google_zh-CN_jp,日本 包车
タクシー 運賃 料金 を 調べる,ja,bing_ja-JP,タクシー 英語 求人
タクシー 迎車料金 無料 東京,ja,bing_ja-JP,タクシー 英語 求人
タクシー-料金検索,ja,bing_ja-JP,タクシー 英語 求人
タクシー 1日 貸切 料金 東京,ja,bing_ja-JP,タクシー 英語 求人
タクシー 深夜料金 何時から 東京,ja,bing_ja-JP,タクシー 英語 求人
現在地 から 近い タクシー会社 電話,ja,bing_ja-JP,タクシー 英語 求人
日本 包车 东京,zh,google_zh-CN_jp,日本 包车
日本 东京 包车 推荐,zh,google_zh-CN_jp,日本 包车
日本 东京 包车 费用,zh,google_zh-CN_jp,日本 包车
タクシー 予約 東京 おすすめ,ja,bing_ja-JP,タクシー 英語 求人
タクシー 貸し切り 半日 東京,ja,bing_ja-JP,タクシー 英語 求人
タクシー 東京 予約 時間指定,ja,bing_ja-JP,タクシー 英語 求人
東京 タクシー 人気 ランキング,ja,bing_ja-JP,タクシー 英語 求人
東京・日本交通 タクシー,ja,bing_ja-JP,タクシー 英語 求人
日本交通 タクシー 予約 東京,ja,bing_ja-JP,タクシー 英語 求人
日本司机小费给多少,zh,google_zh-CN_jp,日本 司机
日本司机工时,zh,google_zh-CN_jp,日本 司机
日本 司机 要 给 小费 吗,zh,google_zh-CN_jp,日本 司机
日本司机怎么称呼,zh,google_zh-CN_jp,日本 司机
日本司机薪水,zh,google_zh-CN_jp,日本 司机
日本司机特定技能,zh,google_zh-CN_jp,日本 司机
日本司机激推 隐藏美食,zh,google_zh-CN_jp,日本 司机
日本司机工作时间,zh,google_zh-CN_jp,日本 司机
日本司机工作,zh,google_zh-CN_jp,日本 司机
日本司机签,zh,google_zh-CN_jp,日本 司机
日本 老 司机 案 内 所,zh,google_zh-CN_jp,日本 司机
日本 司机 帽,zh,google_zh-CN_jp,日本 司机
日本 计程车 司机 美食,zh,google_zh-CN_jp,日本 司机
日本 物流 司机 薪水,zh,google_zh-CN_jp,日本 司机
京东招聘-首页,zh,bing_zh-CN,东京 旅游 用车 司机 招聘
京东服务+招聘,zh,bing_zh-CN,东京 旅游 用车 司机 招聘
日本 司机 外国 人,zh,google_zh-CN_jp,日本 司机
日本 司机 激 推 隐藏 美食 福冈,zh,google_zh-CN_jp,日本 司机
日本 司机 激 推 隐藏 美食,zh,google_zh-CN_jp,日本 司机
日本 司机 特定 技能,zh,google_zh-CN_jp,日本 司机
日本 司机 特定 技能 考试,zh,google_zh-CN_jp,日本 司机
日本 包 车 司机 午餐,zh,google_zh-CN_jp,日本 司机
日本 司机 服装,zh,google_zh-CN_jp,日本 司机
日本 司机 麻疹,zh,google_zh-CN_jp,日本 司机
日本 出租 车 司机 平均 年龄,zh,google_zh-CN_jp,日本 司机
日本 火车 司机 薪水,zh,google_zh-CN_jp,日本 司机
日本 北海道 司机,zh,google_zh-CN_jp,日本 司机
日本 一 日 司机,zh,google_zh-CN_jp,日本 司机
日本 火车 司机,zh,google_zh-CN_jp,日本 司机
日本 租车 附 司机,zh,google_zh-CN_jp,日本 司机
放鸟 日本 司机,zh,google_zh-CN_jp,日本 司机
日本 计程车 司机 写 板子,zh,google_zh-CN_jp,日本 司机
日本 jr 司机 薪水,zh,google_zh-CN_jp,日本 司机
日本 jr 司机,zh,google_zh-CN_jp,日本 司机
日本 司机 工资,zh,google_zh-CN_jp,日本 司机
日本 司机 工作,zh,google_zh-CN_jp,日本 司机
日本 司机 工作 时 数,zh,google_zh-CN_jp,日本 司机
日本 司机 休息,zh,google_zh-CN_jp,日本 司机
日本 司机 工 时,zh,google_zh-CN_jp,日本 司机
日本 司机 工作 时间,zh,google_zh-CN_jp,日本 司机
日本 卡车 司机 工资,zh,google_zh-CN_jp,日本 司机
日本 出租 车 司机 工资,zh,google_zh-CN_jp,日本 司机
日本 公交 车 司机 工资,zh,google_zh-CN_jp,日本 司机
日本 巴士 司机 工资,zh,google_zh-CN_jp,日本 司机
日本 司机 收入,zh,google_zh-CN_jp,日本 司机
日本 出租 车 司机 收入,zh,google_zh-CN_jp,日本 司机
日本 卡车 司机 收入,zh,google_zh-CN_jp,日本 司机
日本 公交 车 司机 收入,zh,google_zh-CN_jp,日本 司机
日本 货车 司机 收入,zh,google_zh-CN_jp,日本 司机
日本 出租 车 司机 月 收入,zh,google_zh-CN_jp,日本 司机
日本 的 士 司机 收入,zh,google_zh-CN_jp,日本 司机
日本 公车 司机 说 什么,zh,google_zh-CN_jp,日本 司机
日本 uber 司机 收入,zh,google_zh-CN_jp,日本 司机
日本 外籍 公车 司机,zh,google_zh-CN_jp,日本 司机
京东·校园招聘,zh,bing_zh-CN,东京 旅游 用车 司机 招聘
about:京东,zh,bing_zh-CN,东京 旅游 用车 司机 招聘
日本 旅行 司机,zh,google_zh-CN_jp,日本 司机
日本 老 司机 地图,zh,google_zh-CN_jp,日本 司机
日本 旅行 团 司机 小费,zh,google_zh-CN_jp,日本 司机
日本 列车 司机,zh,google_zh-CN_jp,日本 司机
日本 司机 招聘,zh,google_zh-CN_jp,日本 司机
日本 司机 手套,zh,google_zh-CN_jp,日本 司机
日本 司机 小费 要 给 多少,zh,google_zh-CN_jp,日本 司机
日本 司机 称呼,zh,google_zh-CN_jp,日本 司机
日本 司机 薪水,zh,google_zh-CN_jp,日本 司机
日本 司机 白 手套,zh,google_zh-CN_jp,日本 司机
日本 司机 接送,zh,google_zh-CN_jp,日本 司机
日本 司机 左右,zh,google_zh-CN_jp,日本 司机
日本 司机 制服,zh,google_zh-CN_jp,日本 司机
日本 司机 下班 时间,zh,google_zh-CN_jp,日本 司机
ハイヤー 求人 愛知 県,ja,google_ja_jp,ハイヤー 求人
ハイヤー 求人 足立区,ja,google_ja_jp,ハイヤー 求人
日本 司机 年龄,zh,google_zh-CN_jp,日本 司机
日本 司机 月薪,zh,google_zh-CN_jp,日本 司机
日本 司机 超 时,zh,google_zh-CN_jp,日本 司机
日本 司机 包 车,zh,google_zh-CN_jp,日本 司机
日本 包 车 司机 住宿,zh,google_zh-CN_jp,日本 司机
日本 的 士 司机 年龄,zh,google_zh-CN_jp,日本 司机
日本 当 司机,zh,google_zh-CN_jp,日本 司机
日本 地陷 司机,zh,google_zh-CN_jp,日本 司机
美瑛 ハイヤー 求人,ja,google_ja_jp,ハイヤー 求人
日本 司机 上班 时间,zh,google_zh-CN_jp,日本 司机
日本 uber 司机,zh,google_zh-CN_jp,日本 司机
日本 计程车 司机 写 什么,zh,google_zh-CN_jp,日本 司机
日本 计程车 司机 写 东西,zh,google_zh-CN_jp,日本 司机
ハイヤー 乗務員 証,ja,google_ja_jp,ハイヤー 乗務員
ハイヤー ドライバー 求人,ja,google_ja_jp,ハイヤー 求人
ハイヤー ドライバー 求人 東京,ja,google_ja_jp,ハイヤー 求人
ハイヤー ドライバー 求人 関西,ja,google_ja_jp,ハイヤー 求人
ハイヤー ドライバー 求人 大阪,ja,google_ja_jp,ハイヤー 求人
第一交通 ハイヤー 求人,ja,google_ja_jp,ハイヤー 求人
伊達 ハイヤー 求人,ja,google_ja_jp,ハイヤー 求人
大和自動車交通 ハイヤー 求人,ja,google_ja_jp,ハイヤー 求人
土 電 ハイヤー 求人,ja,google_ja_jp,ハイヤー 求人
ハイヤー 求人 英語,ja,google_ja_jp,ハイヤー 求人
江別 ハイヤー 求人,ja,google_ja_jp,ハイヤー 求人
江戸川区 ハイヤー 求人,ja,google_ja_jp,ハイヤー 求人
東京 エムケイ ハイヤー 求人,ja,google_ja_jp,ハイヤー 求人
エムケイ ハイヤー 求人,ja,google_ja_jp,ハイヤー 求人
kkday 日本 司机,zh,google_zh-CN_jp,日本 司机
日本 游览 车 司机 工作 时间,zh,google_zh-CN_jp,日本 司机
日本 游览 车 司机 薪水,zh,google_zh-CN_jp,日本 司机
日本 游览 车 司机 工 时,zh,google_zh-CN_jp,日本 司机
日本 游览 车 司机 小费,zh,google_zh-CN_jp,日本 司机
日本 游览 车 司机 规定,zh,google_zh-CN_jp,日本 司机
日本 公车 司机 山路,zh,google_zh-CN_jp,日本 司机
日本 游览 车 司机,zh,google_zh-CN_jp,日本 司机
司机 有 落 日本,zh,google_zh-CN_jp,日本 司机
グリーンキャブ ハイヤー 求人,ja,google_ja_jp,ハイヤー 求人
群馬 ハイヤー 求人,ja,google_ja_jp,ハイヤー 求人
羊蹄 ハイヤー 求人,ja,google_ja_jp,ハイヤー 求人
日本 的 士 司机 人工,zh,google_zh-CN_jp,日本 司机
日本 旅游 巴 司机 人工,zh,google_zh-CN_jp,日本 司机
日本 自由 行 司机,zh,google_zh-CN_jp,日本 司机
日本 计程车 司机 都 在 写 什么,zh,google_zh-CN_jp,日本 司机
日本 计程车 司机 在 写 什么,zh,google_zh-CN_jp,日本 司机
日本 巴士 司机 人工,zh,google_zh-CN_jp,日本 司机
ハイヤー 求人 - 福岡,ja,google_ja_jp,ハイヤー 求人
ハイヤー 求人 広島,ja,google_ja_jp,ハイヤー 求人
ハイヤー 求人 八王子,ja,google_ja_jp,ハイヤー 求人
ハイヤー フォース 求人,ja,google_ja_jp,ハイヤー 求人
平岸 ハイヤー 求人,ja,google_ja_jp,ハイヤー 求人
日の丸 ハイヤー 求人,ja,google_ja_jp,ハイヤー 求人
帝国 ホテル ハイヤー 求人,ja,google_ja_jp,ハイヤー 求人
羽田空港 ハイヤー 求人,ja,google_ja_jp,ハイヤー 求人
富士急 山梨 ハイヤー 求人,ja,google_ja_jp,ハイヤー 求人
北 光 ハイヤー 求人,ja,google_ja_jp,ハイヤー 求人
ハイヤー 求人 茨城,ja,google_ja_jp,ハイヤー 求人
ハイヤー 求人 京都,ja,google_ja_jp,ハイヤー 求人
ハイヤー 求人 関西,ja,google_ja_jp,ハイヤー 求人
ハイヤー 求人 高 収入,ja,google_ja_jp,ハイヤー 求人
日本 ハイヤー 求人 機構,ja,google_ja_jp,ハイヤー 求人
日本 交通 ハイヤー 求人,ja,google_ja_jp,ハイヤー 求人
国際 ハイヤー 求人,ja,google_ja_jp,ハイヤー 求人
km ハイヤー 求人,ja,google_ja_jp,ハイヤー 求人
青山 国際 ハイヤー 求人,ja,google_ja_jp,ハイヤー 求人
日本 东京 租车 连 司机,zh,google_zh-CN_jp,日本 司机
都市 型 ハイヤー 乗務員 証,ja,google_ja_jp,ハイヤー 乗務員
mk ハイヤー 求人,ja,google_ja_jp,ハイヤー 求人
mk タクシー ハイヤー 求人,ja,google_ja_jp,ハイヤー 求人
道 南 ハイヤー 求人,ja,google_ja_jp,ハイヤー 求人
東京 mk ハイヤー 求人,ja,google_ja_jp,ハイヤー 求人
室蘭 ハイヤー 求人,ja,google_ja_jp,ハイヤー 求人
ハイヤー 未経験 求人,ja,google_ja_jp,ハイヤー 求人
みくに ハイヤー 求人,ja,google_ja_jp,ハイヤー 求人
宮園 自動車 ハイヤー 求人,ja,google_ja_jp,ハイヤー 求人
みどり ハイヤー 求人,ja,google_ja_jp,ハイヤー 求人
と で ん ハイヤー 求人,ja,google_ja_jp,ハイヤー 求人
东京司机,zh,google_zh-CN_jp,东京 司机
东京司机 木村拓哉,zh,google_zh-CN_jp,东京 司机
东京司机 电影,zh,google_zh-CN_jp,东京 司机
东京 司机 木村,zh,google_zh-CN_jp,东京 司机
东京 出租 车 司机,zh,google_zh-CN_jp,东京 司机
东京 出租 车 司机 电影,zh,google_zh-CN_jp,东京 司机
东京 出租 车 司机 收入,zh,google_zh-CN_jp,东京 司机
东京 出租 司机,zh,google_zh-CN_jp,东京 司机
东京 租车 连 司机,zh,google_zh-CN_jp,东京 司机
司机才知道日本最强隐藏美食 东京,zh,google_zh-CN_jp,东京 司机
ハイヤー 求人 沖縄,ja,google_ja_jp,ハイヤー 求人
帯広 ハイヤー 求人,ja,google_ja_jp,ハイヤー 求人
沖 一 ハイヤー 求人,ja,google_ja_jp,ハイヤー 求人
大田 区 ハイヤー 求人,ja,google_ja_jp,ハイヤー 求人
沖東交通 ハイヤー 求人,ja,google_ja_jp,ハイヤー 求人
大阪 市 ハイヤー 求人,ja,google_ja_jp,ハイヤー 求人
岡山 ハイヤー 求人,ja,google_ja_jp,ハイヤー 求人
沖縄 観光 ハイヤー 求人,ja,google_ja_jp,ハイヤー 求人
京东官网首页-京东到家,zh,bing_zh-CN,东京 旅游 用车 司机 招聘
京东-京东官方网站,zh,bing_zh-CN,东京 旅游 用车 司机 招聘
京东服务+招商,zh,bing_zh-CN,东京 旅游 用车 司机 招聘
京东官网、首页,zh,bing_zh-CN,东京 旅游 用车 司机 招聘
ロイヤルリムジン ハイヤー 求人,ja,google_ja_jp,ハイヤー 求人
令 和 ハイヤー 求人,ja,google_ja_jp,ハイヤー 求人
寮 付き ハイヤー 求人,ja,google_ja_jp,ハイヤー 求人
琉球 ハイヤー 求人,ja,google_ja_jp,ハイヤー 求人
日の丸 リムジン ハイヤー 求人,ja,google_ja_jp,ハイヤー 求人
ハイヤー 求人 埼玉,ja,google_ja_jp,ハイヤー 求人
ハイヤー 求人 札幌,ja,google_ja_jp,ハイヤー 求人
ハイヤー 求人 埼玉 県,ja,google_ja_jp,ハイヤー 求人
西武 ハイヤー 求人,ja,google_ja_jp,ハイヤー 求人
上 信 ハイヤー 求人,ja,google_ja_jp,ハイヤー 求人
空港 送迎 ハイヤー 求人,ja,google_ja_jp,ハイヤー 求人
仙台 ハイヤー 求人,ja,google_ja_jp,ハイヤー 求人
さくら ハイヤー 求人,ja,google_ja_jp,ハイヤー 求人
横浜 市 ハイヤー 求人,ja,google_ja_jp,ハイヤー 求人
成田 市 ハイヤー 求人,ja,google_ja_jp,ハイヤー 求人
ハイヤー 求人 都内,ja,google_ja_jp,ハイヤー 求人
ハイヤー 求人 千葉 県,ja,google_ja_jp,ハイヤー 求人
ハイヤー 運転 手 求人,ja,google_ja_jp,ハイヤー 求人
ハイヤー タクシー 求人,ja,google_ja_jp,ハイヤー 求人
土佐 ハイヤー 求人,ja,google_ja_jp,ハイヤー 求人
帝都 ハイヤー 求人,ja,google_ja_jp,ハイヤー 求人
ハイヤー 運転手 求人,ja,google_ja_jp,ハイヤー 求人
uber ハイヤー 求人,ja,google_ja_jp,ハイヤー 求人
vip ハイヤー 求人,ja,google_ja_jp,ハイヤー 求人
ハイヤー 求人 横浜,ja,google_ja_jp,ハイヤー 求人
山崎 ハイヤー 求人,ja,google_ja_jp,ハイヤー 求人
山 交 ハイヤー 求人,ja,google_ja_jp,ハイヤー 求人
太 洋 ハイヤー 求人,ja,google_ja_jp,ハイヤー 求人
大和 自動車 ハイヤー 求人,ja,google_ja_jp,ハイヤー 求人
大和 ハイヤー 求人,ja,google_ja_jp,ハイヤー 求人
役員 ハイヤー 求人,ja,google_ja_jp,ハイヤー 求人
山梨 ハイヤー 求人,ja,google_ja_jp,ハイヤー 求人
东京 司机 木村 拓哉,zh,google_zh-CN_jp,东京 司机
z ハイヤー 求人,ja,google_ja_jp,ハイヤー 求人
国際 自動車 ハイヤー 求人,ja,google_ja_jp,ハイヤー 求人
ハイヤー 乗務員 求人,ja,google_ja_jp,ハイヤー 求人
帝都 自動車 ハイヤー 求人,ja,google_ja_jp,ハイヤー 求人
京王 自動車 ハイヤー 求人,ja,google_ja_jp,ハイヤー 求人
东京 的 士 司机 线上 看,zh,google_zh-CN_jp,东京 司机
东京 计程车 司机 线上 看,zh,google_zh-CN_jp,东京 司机
东京 的 士 司机 收入,zh,google_zh-CN_jp,东京 司机
東京 都 ハイヤー 求人,ja,google_ja_jp,ハイヤー 求人
東京エムケイ ハイヤー 求人,ja,google_ja_jp,ハイヤー 求人
东京 的 士 司机 木村 拓哉,zh,google_zh-CN_jp,东京 司机
的 士 司机 东京,zh,google_zh-CN_jp,东京 司机
中国語 ハイヤー 求人,ja,google_ja_jp,ハイヤー 求人
东京 的 计程车 司机,zh,google_zh-CN_jp,东京 司机
东京 包 车 司机,zh,google_zh-CN_jp,东京 司机
タクシー 英語 求人,ja,google_ja_jp,タクシー 英語 求人
タクシー 運転 手 英語 求人,ja,google_ja_jp,タクシー 英語 求人
タクシー 英語 対応 求人,ja,google_ja_jp,タクシー 英語 求人
タクシー ドライバー 英語 求人,ja,google_ja_jp,タクシー 英語 求人
観光 タクシー 英語 求人,ja,google_ja_jp,タクシー 英語 求人
東京 タクシー 英語 求人,ja,google_ja_jp,タクシー 英語 求人
京都 タクシー 求人 英語,ja,google_ja_jp,タクシー 英語 求人
日本包车,zh,bing_zh-CN,日本 包车
日本包车旅游,zh,bing_zh-CN,日本 包车
日本包车费用,zh,bing_zh-CN,日本 包车
日本包车一天多少钱,zh,bing_zh-CN,日本 包车
日本包车攻略,zh,bing_zh-CN,日本 包车
日本包车服务,zh,bing_zh-CN,日本 包车
日本包车游记,zh,bing_zh-CN,日本 包车
日本包车注意事项,zh,bing_zh-CN,日本 包车
日本包车推荐,zh,bing_zh-CN,日本 包车
日本包车价格,zh,bing_zh-CN,日本 包车
日本包车公司,zh,bing_zh-CN,日本 包车
日本包车自由行,zh,bing_zh-CN,日本 包车
日本东京包车,zh,bing_zh-CN,日本 包车
日本市中心包车,zh,bing_zh-CN,日本 包车
日本旅游包车,zh,bing_zh-CN,日本 包车
日本包车网站,zh,bing_zh-CN,日本 包车
日本包车游哪个平台好,zh,bing_zh-CN,日本 包车
日本包车司机小费,zh,google_zh-CN_jp,日本 包车 司机
日本包车司机,zh,google_zh-CN_jp,日本 包车 司机
京东商城-购物车,zh,bing_zh-CN,日本 包车
旅乘-日本自由行包車,zh,bing_zh-CN,日本 包车
日本司机特定技能,zh,bing_zh-CN,日本 司机
日本司机收入,zh,bing_zh-CN,日本 司机
日本司机特定技能2号,zh,bing_zh-CN,日本 司机
日本司机特定技能签证,zh,bing_zh-CN,日本 司机
日本司机特定技能考试,zh,bing_zh-CN,日本 司机
日本司机工资一般多少,zh,bing_zh-CN,日本 司机
日本高清老司机,zh,bing_zh-CN,日本 司机
日本特定技能司机,zh,bing_zh-CN,日本 司机
日本出租车司机平均收入,zh,bing_zh-CN,日本 司机
日本高清老司机天堂,zh,bing_zh-CN,日本 司机
日本卡车司机收入,zh,bing_zh-CN,日本 司机
日本老司机a v,zh,bing_zh-CN,日本 司机
日本电影货车司机,zh,bing_zh-CN,日本 司机
日本出租车司机收入,zh,bing_zh-CN,日本 司机
司机社、sjs9527.00m,zh,bing_zh-CN,日本 司机
司机社发布页-司机故事,zh,bing_zh-CN,日本 司机
司机社发布页-招聘信息,zh,bing_zh-CN,日本 司机
日本二种驾照怎么考,zh,google_zh-CN_jp,日本 二种驾照
about:京东,zh,bing_zh-CN,日本 司机
中国女游客在日本遭电车撞击身亡死者父母状告电车公司及司机索赔1亿日元,zh,bing_zh-CN,日本 司机
东京出租车司机,zh,bing_zh-CN,东京 司机
东京出租车司机在线观看,zh,bing_zh-CN,东京 司机
东京福利影院你懂的老司机,zh,bing_zh-CN,东京 司机
司机社、sjs9527.00m,zh,bing_zh-CN,东京 司机
www.jd.com京东,zh,bing_zh-CN,东京 司机
shop.jd.京东,zh,bing_zh-CN,东京 司机
jd.com 京东,zh,bing_zh-CN,东京 司机
www.老司机.com,zh,bing_zh-CN,东京 司机
司机社发布页-招聘信息,zh,bing_zh-CN,东京 司机
京东服务+招聘,zh,bing_zh-CN,东京 司机
京东招聘-首页,zh,bing_zh-CN,东京 司机
东京包车价钱,zh,google_zh-CN_jp,东京 包车
东京包车,zh,google_zh-CN_jp,东京 包车
东京包车dcard,zh,google_zh-CN_jp,东京 包车
东京包车旅游,zh,google_zh-CN_jp,东京 包车
东京 包车 推荐,zh,google_zh-CN_jp,东京 包车
东京包车富士山,zh,google_zh-CN_jp,东京 包车
东京包车一日游价格,zh,google_zh-CN_jp,东京 包车
东京包车ptt,zh,google_zh-CN_jp,东京 包车
东京包车推荐dcard,zh,google_zh-CN_jp,东京 包车
东京包车一日游行程,zh,google_zh-CN_jp,东京 包车
about:京东,zh,bing_zh-CN,东京 司机
shop 京东。com,zh,bing_zh-CN,东京 司机
京东-京东官方网站,zh,bing_zh-CN,东京 司机
京东官网首页-京东到家,zh,bing_zh-CN,东京 司机
京东官网、首页,zh,bing_zh-CN,东京 司机
京东+logo,zh,bing_zh-CN,东京 司机
https://www.jd.com/京东,zh,bing_zh-CN,东京 司机
京东服务+怎么样,zh,bing_zh-CN,东京 司机
www.jd.com 京东官网,zh,bing_zh-CN,东京 司机
东京包车半日,zh,google_zh-CN_jp,东京 包车
东京包车到河口湖,zh,google_zh-CN_jp,东京 包车
东京包车到机场,zh,google_zh-CN_jp,东京 包车
司机社发布页-招聘信息,zh,bing_zh-CN,日本 司机 招聘
东京包车二日,zh,google_zh-CN_jp,东京 包车
东京 越后汤泽 包车,zh,google_zh-CN_jp,东京 包车
东京包车服务,zh,google_zh-CN_jp,东京 包车
东京 御殿场 包车,zh,google_zh-CN_jp,东京 包车
东京包车 河口湖,zh,google_zh-CN_jp,东京 包车
东京 包车 服务,zh,google_zh-CN_jp,东京 包车
东京 包车 富士山,zh,google_zh-CN_jp,东京 包车
东京 包车 一 日 游,zh,google_zh-CN_jp,东京 包车
东京 包车 去 富士山,zh,google_zh-CN_jp,东京 包车
东京 到 富士山 包车,zh,google_zh-CN_jp,东京 包车
东京 箱根 包车,zh,google_zh-CN_jp,东京 包车
东京 富士山 包车 费用,zh,google_zh-CN_jp,东京 包车
东京 包车 一天 多少 钱,zh,google_zh-CN_jp,东京 包车
东京 包车 一日游,zh,google_zh-CN_jp,东京 包车
东京包车一日游 价格,zh,google_zh-CN_jp,东京 包车
kkday 东京包车一日游,zh,google_zh-CN_jp,东京 包车
东京包车接送,zh,google_zh-CN_jp,东京 包车
东京包车机场,zh,google_zh-CN_jp,东京 包车
东京 包车 行程,zh,google_zh-CN_jp,东京 包车
东京 包车 河口湖,zh,google_zh-CN_jp,东京 包车
东京 近郊 包车,zh,google_zh-CN_jp,东京 包车
klook 东京 包车,zh,google_zh-CN_jp,东京 包车
东京包车旅游费用,zh,google_zh-CN_jp,东京 包车
东京 包车 送机,zh,google_zh-CN_jp,东京 包车
东京包车去富士山,zh,google_zh-CN_jp,东京 包车
东京包车三天,zh,google_zh-CN_jp,东京 包车
东京 包车 迪士尼,zh,google_zh-CN_jp,东京 包车
东京 白马 包车,zh,google_zh-CN_jp,东京 包车
东京 市区 包车,zh,google_zh-CN_jp,东京 包车
东京 小巴 包车,zh,google_zh-CN_jp,东京 包车
东京包车推荐ptt,zh,google_zh-CN_jp,东京 包车
东京包车 推荐,zh,google_zh-CN_jp,东京 包车
东京 包车 旅游,zh,google_zh-CN_jp,东京 包车
东京 包车 多少 钱,zh,google_zh-CN_jp,东京 包车
东京 包车 中文,zh,google_zh-CN_jp,东京 包车
东京 包车 机场,zh,google_zh-CN_jp,东京 包车
东京 机场接送 包车,zh,google_zh-CN_jp,东京 包车
东京包车行程,zh,google_zh-CN_jp,东京 包车
kkday 东京 包车,zh,google_zh-CN_jp,东京 包车
东京包车一天多少,zh,google_zh-CN_jp,东京 包车
东京包车一日游推荐,zh,google_zh-CN_jp,东京 包车
东京包车一天,zh,google_zh-CN_jp,东京 包车
东京包车一日,zh,google_zh-CN_jp,东京 包车
东京 自由行 包车,zh,google_zh-CN_jp,东京 包车
东京包车 价格,zh,google_zh-CN_jp,东京 包车
京东招聘-首页,zh,bing_zh-CN,日本 司机 招聘
京东服务+招聘,zh,bing_zh-CN,日本 司机 招聘
日本专车接送,zh,google_zh-CN_jp,日本 专车
日本 专车 旅游,zh,google_zh-CN_jp,日本 专车
日本 专车,zh,google_zh-CN_jp,日本 专车
日本 首相 专车,zh,google_zh-CN_jp,日本 专车
日本 机场 专车 接送,zh,google_zh-CN_jp,日本 专车
日本 机场 专车,zh,google_zh-CN_jp,日本 专车
日本 女性 专车,zh,google_zh-CN_jp,日本 专车
日本 天皇 专车,zh,google_zh-CN_jp,日本 专车
日本 迪士尼 专车,zh,google_zh-CN_jp,日本 专车
日本 专车 接送,zh,google_zh-CN_jp,日本 专车
日本普通二种驾照,zh,bing_zh-CN,日本 二种驾照
9.6需要什么驾照,zh,bing_zh-CN,日本 二种驾照
a1、a2驾照,zh,bing_zh-CN,日本 二种驾照
a1、a2、a3驾照,zh,bing_zh-CN,日本 二种驾照
b1、b2驾照,zh,bing_zh-CN,日本 二种驾照
准驾车型:b2e,zh,bing_zh-CN,日本 二种驾照
b2驾照可以开9 . 6米的货车吗,zh,bing_zh-CN,日本 二种驾照
c1、c2驾照,zh,bing_zh-CN,日本 二种驾照
驾照类型 c1 c2 c3区别,zh,bing_zh-CN,日本 二种驾照
c1驾照可以开4 . 2米的车吗,zh,bing_zh-CN,日本 二种驾照
机动车驾驶人刚拿到驾照 c1或c2 时 其驾照上有几分,zh,bing_zh-CN,日本 二种驾照
c1驾照可以开4 . 2米的货车吗,zh,bing_zh-CN,日本 二种驾照
驾照c1 c2 c3 c4 c5 c6,zh,bing_zh-CN,日本 二种驾照
c1驾照可以开4 . 2米货车吗,zh,bing_zh-CN,日本 二种驾照
d、e、f驾照,zh,bing_zh-CN,日本 二种驾照
4.2货车什么驾照,zh,bing_zh-CN,日本 二种驾照
东京包车一天多少钱,zh,bing_zh-CN,东京 包车
东京包车服务,zh,bing_zh-CN,东京 包车
东京包车去富士山多少钱,zh,bing_zh-CN,东京 包车
日本东京包车,zh,bing_zh-CN,东京 包车
京东商城-购物车,zh,bing_zh-CN,东京 包车
京东礼包.top,zh,bing_zh-CN,东京 包车
京东联合“造车”背后是什么,zh,bing_zh-CN,东京 包车
京东超市礼包.top,zh,bing_zh-CN,东京 包车
京东招聘-首页,zh,bing_zh-CN,东京 包车
京东快递、招聘信息,zh,bing_zh-CN,东京 包车
京东首车价定4.99万,zh,bing_zh-CN,东京 包车
4.99万元起京东第一辆车价格定了,zh,bing_zh-CN,东京 包车
京东新车预计定价在10-12万,zh,bing_zh-CN,东京 包车
4.99万元起 京东第一辆车价格,zh,bing_zh-CN,东京 包车
京东汽车起售价4.99万,zh,bing_zh-CN,东京 包车
shop 京东。com,zh,bing_zh-CN,东京 包车
京东官网首页-京东到家,zh,bing_zh-CN,东京 包车
about:京东,zh,bing_zh-CN,东京 包车
京东-京东官方网站,zh,bing_zh-CN,东京 包车
京东官网、首页,zh,bing_zh-CN,东京 包车
ebay、京东,zh,bing_zh-CN,东京 包车
说到京东京车会/京东养车/京东汽车 你觉得它是做什么服务的,zh,bing_zh-CN,东京 包车
京东官网首页-京东商城,zh,bing_zh-CN,东京 包车
京东京车会/京东养车/京东汽车 你觉得它是做什么服务的,zh,bing_zh-CN,东京 包车
日本首相专车,zh,bing_zh-CN,日本 专车
日本天皇专车,zh,bing_zh-CN,日本 专车
欧州 e-car,zh,bing_zh-CN,日本 专车
日本“最强”大模型翻车,zh,bing_zh-CN,日本 专车
日本k-car,zh,bing_zh-CN,日本 专车
k-car车型,zh,bing_zh-CN,日本 专车
k-car价格,zh,bing_zh-CN,日本 专车
k-car是什么车,zh,bing_zh-CN,日本 专车
car-nk产品,zh,bing_zh-CN,日本 专车
car-nk价格,zh,bing_zh-CN,日本 专车
k-car是什么,zh,bing_zh-CN,日本 专车
car-nk公司,zh,bing_zh-CN,日本 专车
car-nk和car-t比较,zh,bing_zh-CN,日本 专车
car-nk全称,zh,bing_zh-CN,日本 专车
m、n、o类车辆,zh,bing_zh-CN,日本 专车
国内car-m,zh,bing_zh-CN,日本 专车
car-t 日本,zh,bing_zh-CN,日本 专车
国产car-t,zh,bing_zh-CN,日本 专车
国内car-t公司,zh,bing_zh-CN,日本 专车
中国car-t公司,zh,bing_zh-CN,日本 专车
car-t 中国,zh,bing_zh-CN,日本 专车
国内car-t,zh,bing_zh-CN,日本 专车
car-t专家共识,zh,bing_zh-CN,日本 专车
価格.com 车,zh,bing_zh-CN,日本 专车
中国、德国、美国、日本著名汽车公司及汽车品牌,zh,bing_zh-CN,日本 专车
about:京东,zh,bing_zh-CN,日本 专车
京东商城-购物车,zh,bing_zh-CN,日本 专车
说到京东京车会/京东养车/京东汽车 你觉得它是做什么服务的,zh,bing_zh-CN,日本 专车
shop 京东。com,zh,bing_zh-CN,日本 专车
京东京车会/京东养车/京东汽车 你觉得它是做什么服务的,zh,bing_zh-CN,日本 专车
京东官网、首页,zh,bing_zh-CN,日本 专车
スポット 運転手 料金,ja,google_ja_jp,運転手 スポット
スポットバイト 運転手,ja,google_ja_jp,運転手 スポット
内閣府 運転業務 委託,ja,google_ja_jp,運転業務 委託
専属運転手,ja,google_ja_jp,専属運転手
専属運転手 1日,ja,google_ja_jp,専属運転手
専属運転手 会社,ja,google_ja_jp,専属運転手
専属運転手 個人,ja,google_ja_jp,専属運転手
専属運転手 募集,ja,google_ja_jp,専属運転手
専属運転手 年収,ja,google_ja_jp,専属運転手
専属運転手 料金,ja,google_ja_jp,専属運転手
専属運転手 東京,ja,google_ja_jp,専属運転手
専属運転手 求人,ja,google_ja_jp,専属運転手
専属運転手 求人 東京,ja,google_ja_jp,専属運転手
専属運転手 相場,ja,google_ja_jp,専属運転手
専属運転手 給料,ja,google_ja_jp,専属運転手
専属運転手 英語,ja,google_ja_jp,専属運転手
専属運転手 金持ち,ja,google_ja_jp,専属運転手
専属運転手とは,ja,google_ja_jp,専属運転手
役員車 運転手,ja,google_ja_jp,役員車 運転
役員車 運転手 求人,ja,google_ja_jp,役員車 運転
役員車 運転手 派遣,ja,google_ja_jp,役員車 運転
役員運転手,ja,google_ja_jp,役員運転手
役員運転手 きつい,ja,google_ja_jp,役員運転手
役員運転手 やめとけ,ja,google_ja_jp,役員運転手
役員運転手 アルバイト 東京,ja,google_ja_jp,役員運転手
役員運転手 トーコー,ja,google_ja_jp,役員運転手
役員運転手 パワハラ,ja,google_ja_jp,役員運転手
役員運転手 会社,ja,google_ja_jp,役員運転手
役員運転手 実態,ja,google_ja_jp,役員運転手
役員運転手 年収,ja,google_ja_jp,役員運転手
役員運転手 料金,ja,google_ja_jp,役員運転手
役員運転手 時間外労働,ja,google_ja_jp,役員運転手
役員運転手 東京,ja,google_ja_jp,役員運転手
役員運転手 東京 求人,ja,google_ja_jp,役員運転手
役員運転手 求人,ja,google_ja_jp,役員運転手
役員運転手 求人 - 福岡,ja,google_ja_jp,役員運転手
役員運転手 求人 プロパー,ja,google_ja_jp,役員運転手
役員運転手 求人 大阪,ja,google_ja_jp,役員運転手
役員運転手 求人 月給45万,ja,google_ja_jp,役員運転手
役員運転手 求人 未経験 東京,ja,google_ja_jp,役員運転手
役員運転手 求人 札幌,ja,google_ja_jp,役員運転手
役員運転手 求人 東京,ja,google_ja_jp,役員運転手
役員運転手 求人 神戸,ja,google_ja_jp,役員運転手
役員運転手 派遣 料金,ja,google_ja_jp,役員運転手
役員運転手 相場,ja,google_ja_jp,役員運転手
役員運転手 英語,ja,google_ja_jp,役員運転手
役員運転手とうこう,ja,google_ja_jp,役員運転手
役員運転手とは,ja,google_ja_jp,役員運転手
役員運転手の心得,ja,google_ja_jp,役員運転手
役員運転手アルバイト 東京,ja,google_ja_jp,役員運転手
役員運転手トーコー,ja,google_ja_jp,役員運転手
役員運転手求人,ja,google_ja_jp,役員運転手
役員運転手求人 リライアンス,ja,google_ja_jp,役員運転手
役員運転手求人 大阪,ja,google_ja_jp,役員運転手
役員運転手求人 愛知県,ja,google_ja_jp,役員運転手
役員運転手求人 札幌,ja,google_ja_jp,役員運転手
役員運転手求人 東京,ja,google_ja_jp,役員運転手
役員運転手求人月給 45万,ja,google_ja_jp,役員運転手
役員運転手派遣,ja,google_ja_jp,役員運転手
役員運転手派遣 料金,ja,google_ja_jp,役員運転手
役員運転手派遣会社,ja,google_ja_jp,役員運転手
東京 役員運転手 仕事,ja,google_ja_jp,役員運転手
東京都 役員運転手 求人,ja,google_ja_jp,役員運転手
社用車 運転手,ja,google_ja_jp,社用車 運転手
社用車 運転手 派遣,ja,google_ja_jp,社用車 運転手
社用車 運転手当,ja,google_ja_jp,社用車 運転手
社用車 運転手派遣,ja,google_ja_jp,社用車 運転手
社長 専属運転手 求人,ja,google_ja_jp,専属運転手
運転手 スポット,ja,google_ja_jp,運転手 スポット
運転手 スポット契約,ja,google_ja_jp,運転手 スポット
運転業務 委託,ja,google_ja_jp,運転業務 委託
