keyword,lingua,n_fonti,fonti,n_seed,seeds,intento,legale_rischio,pertinente,aderenza,lato,punteggio_proxy,punteggio_finale,trend_media_12m,trend_max_12m,trend_ultimo_mese_vs_media,related_top5
private car hire with driver japan,en,1,bing_en-JP,6,driver japan|driver jobs japan|english driver japan|english speaking driver japan,acquisto_servizio,False,True,2,turista,8,16,non disponibile,non disponibile,non disponibile,
best chauffeur tours in tokyo,en,1,bing_en-JP,4,chauffeur japan|chauffeur jobs tokyo english|chauffeur tokyo|multilingual chauffeur tokyo,generico,False,True,2,turista,6,12,non disponibile,non disponibile,non disponibile,
high end chauffeur tours of tokyo,en,1,bing_en-JP,4,chauffeur japan|chauffeur jobs tokyo english|chauffeur tokyo|multilingual chauffeur tokyo,generico,False,True,2,turista,6,12,non disponibile,non disponibile,non disponibile,
driver of the day japan,en,2,bing_en-JP|google_en_jp,7,driver japan|driver jobs japan|english driver japan|english speaking driver japan,generico,False,True,1,indefinito,11,11,non disponibile,non disponibile,non disponibile,
personal driver in japan,en,2,bing_en-JP|google_en_jp,7,driver japan|driver jobs japan|driver jobs tokyo|english driver japan,generico,False,True,1,indefinito,11,11,non disponibile,non disponibile,non disponibile,
hiring a private driver in japan,en,1,bing_en-JP,8,driver japan|driver jobs japan|driver jobs tokyo|english driver japan,assunzione,False,True,1,autista,10,10,non disponibile,non disponibile,non disponibile,
private driver in tokyo,en,1,bing_en-JP,8,bilingual driver|driver japan|driver jobs japan|driver jobs tokyo,generico,False,True,1,turista,10,10,non disponibile,non disponibile,non disponibile,
uk driver in japan,en,1,bing_en-JP,8,driver japan|driver jobs japan|driver jobs tokyo|english driver japan,generico,False,True,1,indefinito,10,10,non disponibile,non disponibile,non disponibile,
best chauffeur tours in japan,en,1,bing_en-JP,3,chauffeur japan|chauffeur jobs tokyo english|chauffeur tokyo,generico,False,True,2,turista,5,10,non disponibile,non disponibile,non disponibile,
japan driver for hire,en,1,google_en_jp,3,chauffeur japan|driver japan|hire driver japan,acquisto_servizio,False,True,2,indefinito,5,10,non disponibile,non disponibile,non disponibile,
tokyo chauffeur service,en,2,bing_en-JP|google_en_jp,1,chauffeur tokyo,acquisto_servizio,False,True,2,turista,5,10,non disponibile,non disponibile,non disponibile,
taxi driver jobs in japan for foreigners,en,1,google_en_jp,1,driver jobs japan,assunzione,False,True,3,autista,3,9,non disponibile,non disponibile,non disponibile,
private driver in japan,en,1,bing_en-JP,6,driver japan|driver jobs japan|english driver japan|english speaking driver japan,generico,False,True,1,turista,8,8,non disponibile,non disponibile,non disponibile,
chauffeur service tokyo japan,en,1,google_en_jp,2,chauffeur japan|chauffeur tokyo,acquisto_servizio,False,True,2,turista,4,8,non disponibile,non disponibile,non disponibile,
english speaking driver in japan,en,1,google_en_jp,2,english driver japan|english speaking driver japan,generico,False,True,2,indefinito,4,8,non disponibile,non disponibile,non disponibile,
english speaking driver japan,en,1,google_en_jp,2,english driver japan|english speaking driver japan,generico,False,True,2,indefinito,4,8,0.0,0,0.0,
japan driver hire,en,1,google_en_jp,2,chauffeur japan|driver japan,acquisto_servizio,False,True,2,indefinito,4,8,non disponibile,non disponibile,non disponibile,
japan driver jobs for foreigners,en,1,google_en_jp,2,chauffeur japan|driver japan,assunzione,False,True,2,autista,4,8,non disponibile,non disponibile,non disponibile,
car rental with driver in japan,en,1,bing_en-JP,4,driver japan|driver jobs japan|english driver japan|hire driver japan,acquisto_servizio,False,True,1,turista,6,6,non disponibile,non disponibile,non disponibile,
driver japan company limited,en,2,bing_en-JP|google_en_jp,2,chauffeur japan|driver japan,generico,False,True,1,indefinito,6,6,non disponibile,non disponibile,non disponibile,
japan driver test,en,2,bing_en-JP|google_en_jp,2,chauffeur japan|driver japan,generico,False,True,1,indefinito,6,6,non disponibile,non disponibile,non disponibile,
rent a car with driver in tokyo,en,1,bing_en-JP,4,driver jobs japan|driver jobs tokyo|english speaking driver tokyo|hire driver japan,acquisto_servizio,False,True,1,turista,6,6,non disponibile,non disponibile,non disponibile,
average salary of taxi driver in japan,en,1,google_en_jp,1,chauffeur tokyo,generico,False,True,2,autista,3,6,non disponibile,non disponibile,non disponibile,
best chauffeur service tokyo,en,1,google_en_jp,1,chauffeur tokyo,acquisto_servizio,False,True,2,turista,3,6,non disponibile,non disponibile,non disponibile,
blacklane chauffeur japan,en,1,google_en_jp,1,chauffeur japan,generico,False,True,2,indefinito,3,6,non disponibile,non disponibile,non disponibile,
blacklane chauffeur tokyo,en,1,google_en_jp,1,chauffeur tokyo,generico,False,True,2,indefinito,3,6,non disponibile,non disponibile,non disponibile,
bus driver jobs in japan for foreigners,en,1,google_en_jp,1,driver jobs japan,assunzione,False,True,2,autista,3,6,non disponibile,non disponibile,non disponibile,
can you hire a driver in japan,en,1,google_en_jp,1,hire driver japan,acquisto_servizio,False,True,2,turista,3,6,non disponibile,non disponibile,non disponibile,
can you hire a personal driver in japan,en,1,google_en_jp,1,hire driver japan,acquisto_servizio,False,True,2,turista,3,6,non disponibile,non disponibile,non disponibile,
car driver jobs in japan for foreigners with visa sponsorship,en,1,google_en_jp,1,driver jobs japan,assunzione,False,True,2,autista,3,6,non disponibile,non disponibile,non disponibile,
chauffeur companies in japan,en,1,google_en_jp,1,chauffeur japan,generico,False,True,2,indefinito,3,6,non disponibile,non disponibile,non disponibile,
chauffeur driver japan,en,1,google_en_jp,1,chauffeur japan,generico,False,True,2,indefinito,3,6,non disponibile,non disponibile,non disponibile,
chauffeur driver tokyo,en,1,google_en_jp,1,chauffeur tokyo,generico,False,True,2,indefinito,3,6,non disponibile,non disponibile,non disponibile,
chauffeur in japan,en,1,google_en_jp,1,chauffeur japan,generico,False,True,2,indefinito,3,6,non disponibile,non disponibile,non disponibile,
chauffeur in japanese,en,1,google_en_jp,1,chauffeur japan,generico,False,True,2,indefinito,3,6,non disponibile,non disponibile,non disponibile,
chauffeur in tokyo,en,1,google_en_jp,1,chauffeur tokyo,generico,False,True,2,indefinito,3,6,non disponibile,non disponibile,non disponibile,
chauffeur japan,en,1,google_en_jp,1,chauffeur japan,generico,False,True,2,indefinito,3,6,non disponibile,non disponibile,non disponibile,
chauffeur japanese,en,1,google_en_jp,1,chauffeur japan,generico,False,True,2,indefinito,3,6,non disponibile,non disponibile,non disponibile,
chauffeur prive tokyo,en,1,google_en_jp,1,chauffeur tokyo,generico,False,True,2,indefinito,3,6,non disponibile,non disponibile,non disponibile,
chauffeur service in japan,en,1,google_en_jp,1,chauffeur japan,acquisto_servizio,False,True,2,turista,3,6,non disponibile,non disponibile,non disponibile,
chauffeur service in tokyo,en,1,google_en_jp,1,chauffeur tokyo,acquisto_servizio,False,True,2,turista,3,6,non disponibile,non disponibile,non disponibile,
chauffeur tokyo,en,1,google_en_jp,1,chauffeur tokyo,generico,False,True,2,indefinito,3,6,0.0,0,0.0,
chauffeur tokyo airport,en,1,google_en_jp,1,chauffeur tokyo,generico,False,True,2,turista,3,6,non disponibile,non disponibile,non disponibile,
cost to hire a driver in japan,en,1,google_en_jp,1,hire driver japan,acquisto_servizio,False,True,2,turista,3,6,non disponibile,non disponibile,non disponibile,
driver hire tokyo,en,1,google_en_jp,1,chauffeur tokyo,acquisto_servizio,False,True,2,indefinito,3,6,non disponibile,non disponibile,non disponibile,
driver job in japan for foreigners english speaker,en,1,google_en_jp,1,driver jobs japan,assunzione,False,True,2,autista,3,6,non disponibile,non disponibile,non disponibile,
driver job in japan for foreigners english speaker salary,en,1,google_en_jp,1,driver jobs japan,assunzione,False,True,2,autista,3,6,non disponibile,non disponibile,non disponibile,
driver jobs in japan for foreigners,en,1,google_en_jp,1,driver jobs japan,assunzione,False,True,2,autista,3,6,non disponibile,non disponibile,non disponibile,
driver jobs in japan for foreigners with visa sponsorship,en,1,google_en_jp,1,driver jobs japan,assunzione,False,True,2,autista,3,6,non disponibile,non disponibile,non disponibile,
emirates chauffeur drive tokyo,en,1,google_en_jp,1,chauffeur tokyo,generico,False,True,2,indefinito,3,6,non disponibile,non disponibile,non disponibile,
emirates chauffeur japan,en,1,google_en_jp,1,chauffeur japan,generico,False,True,2,indefinito,3,6,non disponibile,non disponibile,non disponibile,
emirates chauffeur service tokyo,en,1,google_en_jp,1,chauffeur tokyo,acquisto_servizio,False,True,2,turista,3,6,non disponibile,non disponibile,non disponibile,
emirates chauffeur tokyo,en,1,google_en_jp,1,chauffeur tokyo,generico,False,True,2,indefinito,3,6,non disponibile,non disponibile,non disponibile,
emirates chauffeur tokyo narita,en,1,google_en_jp,1,chauffeur tokyo,generico,False,True,2,indefinito,3,6,non disponibile,non disponibile,non disponibile,
english speaking driver in tokyo,en,1,google_en_jp,1,english speaking driver tokyo,generico,False,True,2,indefinito,3,6,non disponibile,non disponibile,non disponibile,
english speaking driver tokyo,en,1,google_en_jp,1,english speaking driver tokyo,generico,False,True,2,indefinito,3,6,non disponibile,non disponibile,non disponibile,
etihad chauffeur tokyo,en,1,google_en_jp,1,chauffeur tokyo,generico,False,True,2,indefinito,3,6,non disponibile,non disponibile,non disponibile,
heavy driver jobs in japan for foreigners with visa sponsorship,en,1,google_en_jp,1,driver jobs japan,assunzione,False,True,2,autista,3,6,non disponibile,non disponibile,non disponibile,
hire a driver for the day japan,en,1,google_en_jp,1,hire driver japan,acquisto_servizio,False,True,2,turista,3,6,non disponibile,non disponibile,non disponibile,
hire a driver japan,en,1,google_en_jp,1,hire driver japan,acquisto_servizio,False,True,2,turista,3,6,non disponibile,non disponibile,non disponibile,
hire a private driver japan,en,1,google_en_jp,1,hire driver japan,acquisto_servizio,False,True,2,turista,3,6,non disponibile,non disponibile,non disponibile,
hire car with driver in japan,en,1,google_en_jp,1,hire driver japan,acquisto_servizio,False,True,2,indefinito,3,6,non disponibile,non disponibile,non disponibile,
hire car with driver japan,en,1,google_en_jp,1,hire driver japan,acquisto_servizio,False,True,2,indefinito,3,6,non disponibile,non disponibile,non disponibile,
hire driver in japan,en,1,google_en_jp,1,hire driver japan,acquisto_servizio,False,True,2,indefinito,3,6,non disponibile,non disponibile,non disponibile,
hire driver japan,en,1,google_en_jp,1,hire driver japan,acquisto_servizio,False,True,2,indefinito,3,6,0.0,0,0.0,
hire private driver in japan,en,1,google_en_jp,1,hire driver japan,acquisto_servizio,False,True,2,turista,3,6,non disponibile,non disponibile,non disponibile,
hire private driver japan,en,1,google_en_jp,1,hire driver japan,acquisto_servizio,False,True,2,turista,3,6,non disponibile,non disponibile,non disponibile,
how much do taxi drivers make in japan,en,1,google_en_jp,1,hire driver japan,informativo,False,True,2,indefinito,3,6,non disponibile,non disponibile,non disponibile,
how much taxi driver earn in japan,en,1,google_en_jp,1,hire driver japan,informativo,False,True,2,indefinito,3,6,non disponibile,non disponibile,non disponibile,
japan airlines chauffeur service,en,1,google_en_jp,1,chauffeur japan,acquisto_servizio,False,True,2,turista,3,6,non disponibile,non disponibile,non disponibile,
japan airport chauffeur,en,1,google_en_jp,1,chauffeur japan,generico,False,True,2,turista,3,6,non disponibile,non disponibile,non disponibile,
japan chauffeur car,en,1,google_en_jp,1,chauffeur japan,generico,False,True,2,indefinito,3,6,non disponibile,non disponibile,non disponibile,
japan chauffeur service,en,1,google_en_jp,1,chauffeur japan,acquisto_servizio,False,True,2,turista,3,6,non disponibile,non disponibile,non disponibile,
japan holiday chauffeur,en,1,google_en_jp,1,chauffeur japan,generico,False,True,2,indefinito,3,6,non disponibile,non disponibile,non disponibile,
japan holiday chauffeur service,en,1,google_en_jp,1,chauffeur japan,acquisto_servizio,False,True,2,turista,3,6,non disponibile,non disponibile,non disponibile,
japan premium chauffeur,en,1,google_en_jp,1,chauffeur japan,generico,False,True,2,indefinito,3,6,non disponibile,non disponibile,non disponibile,
japan premium chauffeur reviews,en,1,google_en_jp,1,chauffeur japan,generico,False,True,2,indefinito,3,6,non disponibile,non disponibile,non disponibile,
japan professional driver タクシー,en,1,google_en_jp,1,professional driver japan,generico,False,True,2,indefinito,3,6,non disponibile,non disponibile,non disponibile,
japanese chauffeur car,en,1,google_en_jp,1,chauffeur japan,generico,False,True,2,indefinito,3,6,non disponibile,non disponibile,non disponibile,
japanese chauffeur hat,en,1,google_en_jp,1,chauffeur japan,generico,False,True,2,indefinito,3,6,non disponibile,non disponibile,non disponibile,
japanese chauffeur service,en,1,google_en_jp,1,chauffeur japan,acquisto_servizio,False,True,2,turista,3,6,non disponibile,non disponibile,non disponibile,
japanese chauffeur uniform,en,1,google_en_jp,1,chauffeur japan,generico,False,True,2,indefinito,3,6,non disponibile,non disponibile,non disponibile,
luxury chauffeur service tokyo,en,1,google_en_jp,1,chauffeur tokyo,acquisto_servizio,False,True,2,turista,3,6,non disponibile,non disponibile,non disponibile,
luxury chauffeur tokyo,en,1,google_en_jp,1,chauffeur tokyo,generico,False,True,2,indefinito,3,6,non disponibile,non disponibile,non disponibile,
maybach chauffeur japan,en,1,google_en_jp,1,chauffeur japan,generico,False,True,2,indefinito,3,6,non disponibile,non disponibile,non disponibile,
maybach chauffeur tokyo,en,1,google_en_jp,1,chauffeur tokyo,generico,False,True,2,indefinito,3,6,non disponibile,non disponibile,non disponibile,
mt fuji day trip with private english speaking driver from tokyo,en,1,google_en_jp,1,english speaking driver tokyo,generico,False,True,2,turista,3,6,non disponibile,non disponibile,non disponibile,
private chauffeur in japan,en,1,google_en_jp,1,chauffeur japan,generico,False,True,2,turista,3,6,non disponibile,non disponibile,non disponibile,
private chauffeur in tokyo,en,1,google_en_jp,1,chauffeur tokyo,generico,False,True,2,turista,3,6,non disponibile,non disponibile,non disponibile,
private chauffeur japan,en,1,google_en_jp,1,chauffeur japan,generico,False,True,2,turista,3,6,non disponibile,non disponibile,non disponibile,
private chauffeur tokyo,en,1,google_en_jp,1,chauffeur tokyo,generico,False,True,2,turista,3,6,non disponibile,non disponibile,non disponibile,
taxi driver japan uniform,en,1,google_en_jp,1,driver japan,generico,False,True,2,indefinito,3,6,non disponibile,non disponibile,non disponibile,
taxi driver job japan,en,1,google_en_jp,1,driver japan,assunzione,False,True,2,autista,3,6,non disponibile,non disponibile,non disponibile,
taxi driver job tokyo,en,1,google_en_jp,1,driver jobs tokyo,assunzione,False,True,2,autista,3,6,non disponibile,non disponibile,non disponibile,
taxi driver jobs in japan,en,1,google_en_jp,1,driver jobs japan,assunzione,False,True,2,autista,3,6,non disponibile,non disponibile,non disponibile,
tokyo airport chauffeur service,en,1,google_en_jp,1,chauffeur tokyo,acquisto_servizio,False,True,2,turista,3,6,non disponibile,non disponibile,non disponibile,
tokyo chauffeur company,en,1,google_en_jp,1,chauffeur tokyo,generico,False,True,2,indefinito,3,6,non disponibile,non disponibile,non disponibile,
tokyo chauffeur reviews,en,1,google_en_jp,1,chauffeur tokyo,generico,False,True,2,indefinito,3,6,non disponibile,non disponibile,non disponibile,
tokyo chauffeur service cost,en,1,google_en_jp,1,chauffeur tokyo,acquisto_servizio,False,True,2,turista,3,6,non disponibile,non disponibile,non disponibile,
tokyo chauffeur service price,en,1,google_en_jp,1,chauffeur tokyo,acquisto_servizio,False,True,2,turista,3,6,non disponibile,non disponibile,non disponibile,
tokyo chauffeur service reviews,en,1,google_en_jp,1,chauffeur tokyo,acquisto_servizio,False,True,2,turista,3,6,non disponibile,non disponibile,non disponibile,
tokyo driver for hire,en,1,google_en_jp,1,chauffeur tokyo,acquisto_servizio,False,True,2,indefinito,3,6,non disponibile,non disponibile,non disponibile,
tokyo japan chauffeur,en,1,google_en_jp,1,chauffeur tokyo,generico,False,True,2,indefinito,3,6,non disponibile,non disponibile,non disponibile,
tokyo private chauffeur driving sightseeing tour,en,1,google_en_jp,1,chauffeur tokyo,generico,False,True,2,turista,3,6,non disponibile,non disponibile,non disponibile,
tokyo vip chauffeur,en,1,google_en_jp,1,chauffeur tokyo,generico,False,True,2,indefinito,3,6,non disponibile,non disponibile,non disponibile,
truck driver jobs in japan for foreigners,en,1,google_en_jp,1,driver jobs japan,assunzione,False,True,2,autista,3,6,non disponibile,non disponibile,non disponibile,
truck driver jobs in japan for foreigners salary,en,1,google_en_jp,1,driver jobs japan,assunzione,False,True,2,autista,3,6,non disponibile,non disponibile,non disponibile,
truck driver jobs in japan for foreigners with visa sponsorship,en,1,google_en_jp,1,driver jobs japan,assunzione,False,True,2,autista,3,6,non disponibile,non disponibile,non disponibile,
urgent driver jobs in japan for foreigners with visa sponsorship,en,1,google_en_jp,1,driver jobs japan,assunzione,False,True,2,autista,3,6,non disponibile,non disponibile,non disponibile,
東京・日本交通 タクシードライバー 求人,en,1,bing_en-JP,1,driver jobs tokyo,assunzione,False,True,2,autista,3,6,non disponibile,non disponibile,non disponibile,
driver japan,en,2,bing_en-JP|google_en_jp,1,driver japan,generico,False,True,1,indefinito,5,5,non disponibile,non disponibile,non disponibile,
driver rental japan,en,1,google_en_jp,3,chauffeur japan|driver japan|hire driver japan,acquisto_servizio,False,True,1,turista,5,5,non disponibile,non disponibile,non disponibile,
driver tokyo japan,en,1,google_en_jp,3,chauffeur japan|chauffeur tokyo|driver japan,generico,False,True,1,indefinito,5,5,non disponibile,non disponibile,non disponibile,
japan car driver side,en,1,bing_en-JP,3,driver japan|driver jobs japan|english driver japan,generico,False,True,1,indefinito,5,5,non disponibile,non disponibile,non disponibile,
japan drivers test practice,en,1,bing_en-JP,3,driver jobs japan|english speaking driver japan|professional driver japan,generico,False,True,1,indefinito,5,5,non disponibile,non disponibile,non disponibile,
uber driver japan,en,2,bing_en-JP|google_en_jp,1,driver japan,generico,False,True,1,indefinito,5,5,non disponibile,non disponibile,non disponibile,
bus driver jobs japan,en,1,google_en_jp,2,driver japan|driver jobs japan,assunzione,False,True,1,autista,4,4,non disponibile,non disponibile,non disponibile,
driver bus japan,en,1,google_en_jp,2,chauffeur japan|driver japan,generico,False,True,1,indefinito,4,4,non disponibile,non disponibile,non disponibile,
driver car japan,en,1,google_en_jp,2,chauffeur japan|driver japan,generico,False,True,1,indefinito,4,4,non disponibile,non disponibile,non disponibile,
driver cover japan,en,1,google_en_jp,2,chauffeur japan|driver japan,generico,False,True,1,indefinito,4,4,non disponibile,non disponibile,non disponibile,
driver for japan,en,1,google_en_jp,2,chauffeur japan|driver japan,generico,False,True,1,indefinito,4,4,non disponibile,non disponibile,non disponibile,
driver head japan,en,1,google_en_jp,2,chauffeur japan|driver japan,generico,False,True,1,indefinito,4,4,non disponibile,non disponibile,non disponibile,
driver in japan,en,1,google_en_jp,2,chauffeur japan|driver japan,generico,False,True,1,indefinito,4,4,non disponibile,non disponibile,non disponibile,
driver in japan hiring,en,1,google_en_jp,2,chauffeur japan|driver japan,assunzione,False,True,1,autista,4,4,non disponibile,non disponibile,non disponibile,
driver in japan salary,en,1,google_en_jp,2,chauffeur japan|driver japan,generico,False,True,1,autista,4,4,non disponibile,non disponibile,non disponibile,
driver japan film,en,1,google_en_jp,2,chauffeur japan|driver japan,generico,False,True,1,indefinito,4,4,non disponibile,non disponibile,non disponibile,
driver japan fourteen,en,1,google_en_jp,2,chauffeur japan|driver japan,generico,False,True,1,indefinito,4,4,non disponibile,non disponibile,non disponibile,
driver japan job,en,1,google_en_jp,2,chauffeur japan|driver japan,assunzione,False,True,1,autista,4,4,non disponibile,non disponibile,non disponibile,
driver japan movie,en,1,google_en_jp,2,chauffeur japan|driver japan,generico,False,True,1,indefinito,4,4,non disponibile,non disponibile,non disponibile,
driver japan salary,en,1,google_en_jp,2,chauffeur japan|driver japan,generico,False,True,1,autista,4,4,non disponibile,non disponibile,non disponibile,
driver japan service,en,1,google_en_jp,2,chauffeur japan|driver japan,acquisto_servizio,False,True,1,turista,4,4,non disponibile,non disponibile,non disponibile,
driver jobs tokyo,en,1,google_en_jp,2,chauffeur tokyo|driver jobs tokyo,assunzione,False,True,1,autista,4,4,non disponibile,non disponibile,non disponibile,
driver lounge japan,en,1,google_en_jp,2,chauffeur japan|driver japan,generico,False,True,1,indefinito,4,4,non disponibile,non disponibile,non disponibile,
driver magazine japan,en,1,google_en_jp,2,chauffeur japan|driver japan,generico,False,True,1,indefinito,4,4,non disponibile,non disponibile,non disponibile,
driver position in japan,en,1,google_en_jp,2,chauffeur japan|driver japan,generico,False,True,1,indefinito,4,4,non disponibile,non disponibile,non disponibile,
driver ps1 japan,en,1,google_en_jp,2,chauffeur japan|driver japan,generico,False,True,1,indefinito,4,4,non disponibile,non disponibile,non disponibile,
driver ratings japan,en,1,google_en_jp,2,chauffeur japan|driver japan,generico,False,True,1,indefinito,4,4,non disponibile,non disponibile,non disponibile,
driver ratings japan 2026,en,1,google_en_jp,2,chauffeur japan|driver japan,generico,False,True,1,indefinito,4,4,non disponibile,non disponibile,non disponibile,
driver rjk japan eu us,en,1,google_en_jp,2,chauffeur japan|driver japan,generico,False,True,1,indefinito,4,4,non disponibile,non disponibile,non disponibile,
elderly drivers in japan,en,1,bing_en-JP,2,driver jobs japan|professional driver japan,generico,False,True,1,indefinito,4,4,non disponibile,non disponibile,non disponibile,
how to become a truck driver in japan,en,1,google_en_jp,2,driver japan|professional driver japan,informativo,False,True,1,autista,4,4,non disponibile,non disponibile,non disponibile,
japan driver badges,en,1,google_en_jp,2,chauffeur japan|driver japan,generico,False,True,1,indefinito,4,4,non disponibile,non disponibile,non disponibile,
japan driver booking,en,1,google_en_jp,2,chauffeur japan|driver japan,acquisto_servizio,False,True,1,turista,4,4,non disponibile,non disponibile,non disponibile,
japan driver cards mercedes,en,1,google_en_jp,2,chauffeur japan|driver japan,generico,False,True,1,indefinito,4,4,non disponibile,non disponibile,non disponibile,
japan driver company,en,1,google_en_jp,2,chauffeur japan|driver japan,generico,False,True,1,indefinito,4,4,non disponibile,non disponibile,non disponibile,
japan driver cost,en,1,google_en_jp,2,chauffeur japan|driver japan,acquisto_servizio,False,True,1,indefinito,4,4,non disponibile,non disponibile,non disponibile,
japan driver exam,en,1,google_en_jp,2,chauffeur japan|driver japan,generico,False,True,1,indefinito,4,4,non disponibile,non disponibile,non disponibile,
japan driver for a day,en,1,google_en_jp,2,chauffeur japan|driver japan,generico,False,True,1,indefinito,4,4,non disponibile,non disponibile,non disponibile,
japan driver guide,en,1,google_en_jp,2,chauffeur japan|driver japan,informativo,False,True,1,indefinito,4,4,non disponibile,non disponibile,non disponibile,
japan driver handbook,en,1,google_en_jp,2,chauffeur japan|driver japan,acquisto_servizio,False,True,1,indefinito,4,4,non disponibile,non disponibile,non disponibile,
japan driver headcover,en,1,google_en_jp,2,chauffeur japan|driver japan,generico,False,True,1,indefinito,4,4,non disponibile,non disponibile,non disponibile,
japan driver hiring,en,1,google_en_jp,2,chauffeur japan|driver japan,assunzione,False,True,1,autista,4,4,non disponibile,non disponibile,non disponibile,
japan driver job salary,en,1,google_en_jp,2,chauffeur japan|driver japan,assunzione,False,True,1,autista,4,4,non disponibile,non disponibile,non disponibile,
japan driver jobs,en,1,google_en_jp,2,chauffeur japan|driver japan,assunzione,False,True,1,autista,4,4,non disponibile,non disponibile,non disponibile,
japan driver jobs for indian,en,1,google_en_jp,2,chauffeur japan|driver japan,assunzione,False,True,1,autista,4,4,non disponibile,non disponibile,non disponibile,
japan driver jobs salary,en,1,google_en_jp,2,chauffeur japan|driver japan,assunzione,False,True,1,autista,4,4,non disponibile,non disponibile,non disponibile,
japan driver magnet,en,1,google_en_jp,2,chauffeur japan|driver japan,generico,False,True,1,indefinito,4,4,non disponibile,non disponibile,non disponibile,
japan driver mark,en,1,google_en_jp,2,chauffeur japan|driver japan,generico,False,True,1,indefinito,4,4,non disponibile,non disponibile,non disponibile,
japan driver monthly salary,en,1,google_en_jp,2,chauffeur japan|driver japan,generico,False,True,1,autista,4,4,non disponibile,non disponibile,non disponibile,
japan driver of the day,en,1,google_en_jp,2,chauffeur japan|driver japan,generico,False,True,1,indefinito,4,4,non disponibile,non disponibile,non disponibile,
japan driver of the day 2026,en,1,google_en_jp,2,chauffeur japan|driver japan,generico,False,True,1,indefinito,4,4,non disponibile,non disponibile,non disponibile,
japan driver on which side,en,1,google_en_jp,2,chauffeur japan|driver japan,generico,False,True,1,indefinito,4,4,non disponibile,non disponibile,non disponibile,
japan driver plate,en,1,google_en_jp,2,chauffeur japan|driver japan,generico,False,True,1,indefinito,4,4,non disponibile,non disponibile,non disponibile,
japan driver salary in indian rupees,en,1,google_en_jp,2,chauffeur japan|driver japan,generico,False,True,1,autista,4,4,non disponibile,non disponibile,non disponibile,
japan driver salary per month,en,1,google_en_jp,2,chauffeur japan|driver japan,generico,False,True,1,autista,4,4,non disponibile,non disponibile,non disponibile,
japan driver seat,en,1,google_en_jp,2,chauffeur japan|driver japan,generico,False,True,1,indefinito,4,4,non disponibile,non disponibile,non disponibile,
japan driver seat left or right,en,1,google_en_jp,2,chauffeur japan|driver japan,generico,False,True,1,indefinito,4,4,non disponibile,non disponibile,non disponibile,
japan driver side,en,1,google_en_jp,2,chauffeur japan|driver japan,generico,False,True,1,indefinito,4,4,non disponibile,non disponibile,non disponibile,
japan driver vacancy,en,1,google_en_jp,2,chauffeur japan|driver japan,assunzione,False,True,1,autista,4,4,non disponibile,non disponibile,non disponibile,
japan driver visa,en,1,google_en_jp,2,chauffeur japan|driver japan,generico,False,True,1,indefinito,4,4,non disponibile,non disponibile,non disponibile,
japan driver which side,en,1,google_en_jp,2,chauffeur japan|driver japan,generico,False,True,1,indefinito,4,4,non disponibile,non disponibile,non disponibile,
japan driver's permit,en,1,google_en_jp,2,chauffeur japan|driver japan,generico,False,True,1,indefinito,4,4,non disponibile,non disponibile,non disponibile,
kx driver_japanese,en,1,bing_en-JP,2,driver japan|professional driver japan,generico,False,True,1,indefinito,4,4,non disponibile,non disponibile,non disponibile,
personal driver tokyo japan,en,1,google_en_jp,2,driver japan|hire driver japan,generico,False,True,1,indefinito,4,4,non disponibile,non disponibile,non disponibile,
train driver jobs japan,en,1,google_en_jp,2,driver japan|driver jobs japan,assunzione,False,True,1,autista,4,4,non disponibile,non disponibile,non disponibile,
amazon driver jobs japan,en,1,google_en_jp,1,driver jobs japan,assunzione,False,True,1,autista,3,3,non disponibile,non disponibile,non disponibile,
bus driver uniform japan,en,1,google_en_jp,1,driver japan,generico,False,True,1,indefinito,3,3,non disponibile,non disponibile,non disponibile,
callaway elyte driver japan price,en,1,google_en_jp,1,driver japan,acquisto_servizio,False,True,1,indefinito,3,3,non disponibile,non disponibile,non disponibile,
car driver jobs in japan,en,1,google_en_jp,1,driver jobs japan,assunzione,False,True,1,autista,3,3,non disponibile,non disponibile,non disponibile,
certified japan professional driver,en,1,google_en_jp,1,professional driver japan,generico,False,True,1,indefinito,3,3,non disponibile,non disponibile,non disponibile,
chinese driver japan,en,1,google_en_jp,1,driver japan,generico,False,True,1,indefinito,3,3,non disponibile,non disponibile,non disponibile,
delivery driver jobs japan,en,1,google_en_jp,1,driver jobs japan,assunzione,False,True,1,autista,3,3,non disponibile,non disponibile,non disponibile,
driver age japan,en,1,google_en_jp,1,chauffeur japan,generico,False,True,1,indefinito,3,3,non disponibile,non disponibile,non disponibile,
driver for tokyo,en,1,google_en_jp,1,chauffeur tokyo,generico,False,True,1,indefinito,3,3,non disponibile,non disponibile,non disponibile,
driver from tokyo airport to hotel,en,1,google_en_jp,1,chauffeur tokyo,generico,False,True,1,turista,3,3,non disponibile,non disponibile,non disponibile,
driver from tokyo to hakone,en,1,google_en_jp,1,chauffeur tokyo,generico,False,True,1,indefinito,3,3,non disponibile,non disponibile,non disponibile,
driver from tokyo to hakuba,en,1,google_en_jp,1,chauffeur tokyo,generico,False,True,1,indefinito,3,3,non disponibile,non disponibile,non disponibile,
driver from tokyo to kyoto,en,1,google_en_jp,1,chauffeur tokyo,generico,False,True,1,indefinito,3,3,non disponibile,non disponibile,non disponibile,
driver from tokyo to mt fuji,en,1,google_en_jp,1,chauffeur tokyo,generico,False,True,1,indefinito,3,3,non disponibile,non disponibile,non disponibile,
driver from tokyo to osaka,en,1,google_en_jp,1,chauffeur tokyo,generico,False,True,1,indefinito,3,3,non disponibile,non disponibile,non disponibile,
driver in japanese,en,1,google_en_jp,1,driver japan,generico,False,True,1,indefinito,3,3,non disponibile,non disponibile,non disponibile,
driver in japanese kanji,en,1,google_en_jp,1,driver japan,generico,False,True,1,indefinito,3,3,non disponibile,non disponibile,non disponibile,
driver in japanese katakana,en,1,google_en_jp,1,driver japan,generico,False,True,1,indefinito,3,3,non disponibile,non disponibile,non disponibile,
driver in tokyo,en,1,google_en_jp,1,chauffeur tokyo,generico,False,True,1,indefinito,3,3,non disponibile,non disponibile,non disponibile,
driver japan thailand,en,1,google_en_jp,1,chauffeur japan,generico,False,True,1,indefinito,3,3,non disponibile,non disponibile,non disponibile,
driver japan tour,en,1,google_en_jp,1,chauffeur japan,generico,False,True,1,turista,3,3,non disponibile,non disponibile,non disponibile,
driver japan 五反田,en,1,bing_en-JP,1,driver japan,generico,False,True,1,indefinito,3,3,non disponibile,non disponibile,non disponibile,
driver japanese,en,1,google_en_jp,1,driver japan,generico,False,True,1,indefinito,3,3,non disponibile,non disponibile,non disponibile,
driver japanese movie,en,1,google_en_jp,1,driver japan,generico,False,True,1,indefinito,3,3,non disponibile,non disponibile,non disponibile,
driver japanese train,en,1,google_en_jp,1,driver japan,generico,False,True,1,indefinito,3,3,non disponibile,non disponibile,non disponibile,
driver job in japan for indian,en,1,google_en_jp,1,driver jobs japan,assunzione,False,True,1,autista,3,3,non disponibile,non disponibile,non disponibile,
driver job in japan salary,en,1,google_en_jp,1,driver jobs japan,assunzione,False,True,1,autista,3,3,non disponibile,non disponibile,non disponibile,
driver jobs in japan,en,1,google_en_jp,1,driver jobs japan,assunzione,False,True,1,autista,3,3,non disponibile,non disponibile,non disponibile,
driver jobs in japan for pakistani,en,1,google_en_jp,1,driver jobs japan,assunzione,False,True,1,autista,3,3,non disponibile,non disponibile,non disponibile,
driver jobs in japan with visa sponsorship,en,1,google_en_jp,1,driver jobs japan,assunzione,False,True,1,autista,3,3,non disponibile,non disponibile,non disponibile,
driver jobs japan,en,1,google_en_jp,1,driver jobs japan,assunzione,False,True,1,autista,3,3,18.6,100,-18.6,
driver level tokyo xtreme racer,en,1,google_en_jp,1,chauffeur tokyo,generico,False,True,1,indefinito,3,3,non disponibile,non disponibile,non disponibile,
driver lounge tokyo,en,1,google_en_jp,1,chauffeur tokyo,generico,False,True,1,indefinito,3,3,non disponibile,non disponibile,non disponibile,
driver of the day japan 2026,en,1,google_en_jp,1,driver japan,generico,False,True,1,indefinito,3,3,non disponibile,non disponibile,non disponibile,
driver plaza tokyo,en,1,google_en_jp,1,chauffeur tokyo,generico,False,True,1,indefinito,3,3,non disponibile,non disponibile,non disponibile,
driver rental tokyo,en,1,google_en_jp,1,chauffeur tokyo,acquisto_servizio,False,True,1,turista,3,3,non disponibile,non disponibile,non disponibile,
driver s license in japan,en,1,bing_en-JP,1,driver japan,generico,False,True,1,indefinito,3,3,non disponibile,non disponibile,non disponibile,
driver s license japan,en,1,bing_en-JP,1,driver japan,generico,False,True,1,indefinito,3,3,non disponibile,non disponibile,non disponibile,
driver shortage in japan,en,1,bing_en-JP,1,driver japan,generico,False,True,1,indefinito,3,3,non disponibile,non disponibile,non disponibile,
driver tokyo drift,en,1,google_en_jp,1,chauffeur tokyo,generico,False,True,1,indefinito,3,3,non disponibile,non disponibile,non disponibile,
driver vacancy japanese company,en,1,google_en_jp,1,driver japan,assunzione,False,True,1,autista,3,3,non disponibile,non disponibile,non disponibile,
elite driver japan price,en,1,google_en_jp,1,driver japan,acquisto_servizio,False,True,1,indefinito,3,3,non disponibile,non disponibile,non disponibile,
embassy driver job in tokyo,en,1,google_en_jp,1,driver jobs tokyo,assunzione,False,True,1,autista,3,3,non disponibile,non disponibile,non disponibile,
embassy driver job in tokyo 2025,en,1,google_en_jp,1,driver jobs tokyo,assunzione,False,True,1,autista,3,3,non disponibile,non disponibile,non disponibile,
embassy driver job in tokyo 2026,en,1,google_en_jp,1,driver jobs tokyo,assunzione,False,True,1,autista,3,3,non disponibile,non disponibile,non disponibile,
embassy driver jobs tokyo,en,1,google_en_jp,1,driver jobs tokyo,assunzione,False,True,1,autista,3,3,non disponibile,non disponibile,non disponibile,
https admin sr sompo japan co jp driver,en,1,bing_en-JP,1,driver japan,generico,False,True,1,indefinito,3,3,non disponibile,non disponibile,non disponibile,
https driver sr sompo japan co jp,en,1,bing_en-JP,1,driver japan,generico,False,True,1,indefinito,3,3,non disponibile,non disponibile,non disponibile,
https driver sr sompo japan co jp login,en,1,bing_en-JP,1,driver japan,generico,False,True,1,indefinito,3,3,non disponibile,non disponibile,non disponibile,
https driver sr sompo japan co jp mypage,en,1,bing_en-JP,1,driver japan,generico,False,True,1,indefinito,3,3,non disponibile,non disponibile,non disponibile,
https qa sr sompo japan co jp driver,en,1,bing_en-JP,1,driver japan,generico,False,True,1,indefinito,3,3,non disponibile,non disponibile,non disponibile,
https qa sr sompo japan co jp driver faq,en,1,bing_en-JP,1,driver japan,generico,False,True,1,indefinito,3,3,non disponibile,non disponibile,non disponibile,
japan car rental with driver,en,1,bing_en-JP,1,hire driver japan,acquisto_servizio,False,True,1,turista,3,3,non disponibile,non disponibile,non disponibile,
japan delivery driver salary,en,1,google_en_jp,1,driver japan,generico,False,True,1,autista,3,3,non disponibile,non disponibile,non disponibile,
japan driver app,en,1,google_en_jp,1,chauffeur japan,generico,False,True,1,indefinito,3,3,non disponibile,non disponibile,non disponibile,
japan driver association,en,1,google_en_jp,1,chauffeur japan,generico,False,True,1,indefinito,3,3,non disponibile,non disponibile,non disponibile,
japan driver job vacancy,en,1,google_en_jp,1,chauffeur japan,assunzione,False,True,1,autista,3,3,non disponibile,non disponibile,non disponibile,
japan driver job vacancy for indian,en,1,google_en_jp,1,chauffeur japan,assunzione,False,True,1,autista,3,3,non disponibile,non disponibile,non disponibile,
japan driver side left or right,en,1,google_en_jp,1,chauffeur japan,generico,False,True,1,indefinito,3,3,non disponibile,non disponibile,non disponibile,
japan embassy driver jobs,en,1,google_en_jp,1,driver jobs japan,assunzione,False,True,1,autista,3,3,non disponibile,non disponibile,non disponibile,
japan ki driver,en,1,google_en_jp,1,driver japan,generico,False,True,1,indefinito,3,3,non disponibile,non disponibile,non disponibile,
japan professional driver,en,1,google_en_jp,1,professional driver japan,generico,False,True,1,indefinito,3,3,non disponibile,non disponibile,non disponibile,
japan xxio driver,en,1,google_en_jp,1,driver japan,generico,False,True,1,indefinito,3,3,non disponibile,non disponibile,non disponibile,
japan xxio driver hd price,en,1,google_en_jp,1,driver japan,acquisto_servizio,False,True,1,indefinito,3,3,non disponibile,non disponibile,non disponibile,
japan xxio driver hd review,en,1,google_en_jp,1,driver japan,generico,False,True,1,indefinito,3,3,non disponibile,non disponibile,non disponibile,
japan young driver fee,en,1,google_en_jp,1,driver japan,generico,False,True,1,indefinito,3,3,non disponibile,non disponibile,non disponibile,
japan young driver sticker,en,1,google_en_jp,1,driver japan,generico,False,True,1,indefinito,3,3,non disponibile,non disponibile,non disponibile,
japanese driver head cover,en,1,google_en_jp,1,driver japan,generico,False,True,1,indefinito,3,3,non disponibile,non disponibile,non disponibile,
japanese driver hiring,en,1,google_en_jp,1,driver japan,assunzione,False,True,1,autista,3,3,non disponibile,non disponibile,non disponibile,
japanese driver meme,en,1,google_en_jp,1,driver japan,generico,False,True,1,indefinito,3,3,non disponibile,non disponibile,non disponibile,
japanese driver name,en,1,google_en_jp,1,driver japan,generico,False,True,1,indefinito,3,3,non disponibile,non disponibile,non disponibile,
japanese driver nascar,en,1,google_en_jp,1,driver japan,generico,False,True,1,indefinito,3,3,non disponibile,non disponibile,non disponibile,
japanese driver symbols,en,1,google_en_jp,1,driver japan,generico,False,True,1,indefinito,3,3,non disponibile,non disponibile,non disponibile,
klook driver japan,en,1,google_en_jp,1,driver japan,generico,False,True,1,indefinito,3,3,non disponibile,non disponibile,non disponibile,
lenovo driver japan,en,1,bing_en-JP,1,driver japan,generico,False,True,1,indefinito,3,3,non disponibile,non disponibile,non disponibile,
new driver sticker japan,en,1,bing_en-JP,1,driver japan,generico,False,True,1,indefinito,3,3,non disponibile,non disponibile,non disponibile,
personal driver in japanese,en,1,google_en_jp,1,hire driver japan,generico,False,True,1,indefinito,3,3,non disponibile,non disponibile,non disponibile,
personal driver japan,en,1,google_en_jp,1,hire driver japan,generico,False,True,1,indefinito,3,3,non disponibile,non disponibile,non disponibile,
ping g440 max driver japan price,en,1,google_en_jp,1,driver japan,acquisto_servizio,False,True,1,indefinito,3,3,non disponibile,non disponibile,non disponibile,
private driver japan price,en,1,google_en_jp,1,driver japan,acquisto_servizio,False,True,1,turista,3,3,non disponibile,non disponibile,non disponibile,
private driver japan tokyo,en,1,google_en_jp,1,driver japan,generico,False,True,1,turista,3,3,non disponibile,non disponibile,non disponibile,
private driver job in tokyo,en,1,google_en_jp,1,driver jobs tokyo,assunzione,False,True,1,autista,3,3,non disponibile,non disponibile,non disponibile,
private driver kyoto japan,en,1,google_en_jp,1,driver japan,generico,False,True,1,turista,3,3,non disponibile,non disponibile,non disponibile,
private drivers in tokyo,en,1,bing_en-JP,1,professional driver japan,generico,False,True,1,turista,3,3,non disponibile,non disponibile,non disponibile,
pro drivers japan,en,1,google_en_jp,1,professional driver japan,generico,False,True,1,indefinito,3,3,non disponibile,non disponibile,non disponibile,
qi10 driver japan,en,1,google_en_jp,1,driver japan,generico,False,True,1,indefinito,3,3,non disponibile,non disponibile,non disponibile,
qi35 driver japan,en,1,google_en_jp,1,driver japan,generico,False,True,1,indefinito,3,3,non disponibile,non disponibile,non disponibile,
qi35 driver japan price,en,1,google_en_jp,1,driver japan,acquisto_servizio,False,True,1,indefinito,3,3,non disponibile,non disponibile,non disponibile,
qi4d driver japan,en,1,google_en_jp,1,driver japan,generico,False,True,1,indefinito,3,3,non disponibile,non disponibile,non disponibile,
qi4d driver japan price,en,1,google_en_jp,1,driver japan,acquisto_servizio,False,True,1,indefinito,3,3,non disponibile,non disponibile,non disponibile,
rent driver in japan,en,1,google_en_jp,1,hire driver japan,acquisto_servizio,False,True,1,turista,3,3,non disponibile,non disponibile,non disponibile,
rent driver japan,en,1,google_en_jp,1,hire driver japan,acquisto_servizio,False,True,1,turista,3,3,non disponibile,non disponibile,non disponibile,
star driver japanese name,en,1,google_en_jp,1,driver japan,generico,False,True,1,indefinito,3,3,non disponibile,non disponibile,non disponibile,
tokyo driver apk,en,1,google_en_jp,1,chauffeur tokyo,generico,False,True,1,indefinito,3,3,non disponibile,non disponibile,non disponibile,
tokyo driver car club,en,1,google_en_jp,1,chauffeur tokyo,generico,False,True,1,indefinito,3,3,non disponibile,non disponibile,non disponibile,
tokyo driver club,en,1,google_en_jp,1,chauffeur tokyo,generico,False,True,1,indefinito,3,3,non disponibile,non disponibile,non disponibile,
tokyo driver fast and furious,en,1,google_en_jp,1,chauffeur tokyo,generico,False,True,1,indefinito,3,3,non disponibile,non disponibile,non disponibile,
tokyo driver for a day,en,1,google_en_jp,1,chauffeur tokyo,generico,False,True,1,indefinito,3,3,non disponibile,non disponibile,non disponibile,
tokyo driver game,en,1,google_en_jp,1,chauffeur tokyo,generico,False,True,1,indefinito,3,3,non disponibile,non disponibile,non disponibile,
tokyo driver japanese movie,en,1,google_en_jp,1,chauffeur tokyo,generico,False,True,1,indefinito,3,3,non disponibile,non disponibile,non disponibile,
tokyo driver kitagawa yasushi,en,1,google_en_jp,1,chauffeur tokyo,generico,False,True,1,indefinito,3,3,non disponibile,non disponibile,non disponibile,
tokyo driver libro,en,1,google_en_jp,1,chauffeur tokyo,generico,False,True,1,indefinito,3,3,non disponibile,non disponibile,non disponibile,
tokyo driver movie,en,1,google_en_jp,1,chauffeur tokyo,generico,False,True,1,indefinito,3,3,non disponibile,non disponibile,non disponibile,
tokyo driver service,en,1,google_en_jp,1,chauffeur tokyo,acquisto_servizio,False,True,1,turista,3,3,non disponibile,non disponibile,non disponibile,
tokyo driver side,en,1,google_en_jp,1,chauffeur tokyo,generico,False,True,1,indefinito,3,3,non disponibile,non disponibile,non disponibile,
tokyo driver song,en,1,google_en_jp,1,chauffeur tokyo,generico,False,True,1,indefinito,3,3,non disponibile,non disponibile,non disponibile,
tokyo driver tour,en,1,google_en_jp,1,chauffeur tokyo,generico,False,True,1,turista,3,3,non disponibile,non disponibile,non disponibile,
train driver uniform japan,en,1,google_en_jp,1,driver japan,generico,False,True,1,indefinito,3,3,non disponibile,non disponibile,non disponibile,
truck driver japan jobs,en,1,google_en_jp,1,driver japan,assunzione,False,True,1,autista,3,3,non disponibile,non disponibile,non disponibile,
truck driver japan visa,en,1,google_en_jp,1,driver japan,generico,False,True,1,indefinito,3,3,non disponibile,non disponibile,non disponibile,
truck driver jobs in japan for indian,en,1,google_en_jp,1,driver jobs japan,assunzione,False,True,1,autista,3,3,non disponibile,non disponibile,non disponibile,
truck driver jobs in japan salary,en,1,google_en_jp,1,driver jobs japan,assunzione,False,True,1,autista,3,3,non disponibile,non disponibile,non disponibile,
truck driver jobs in japan with visa sponsorship,en,1,google_en_jp,1,driver jobs japan,assunzione,False,True,1,autista,3,3,non disponibile,non disponibile,non disponibile,
truck driver jobs japan,en,1,google_en_jp,1,driver jobs japan,assunzione,False,True,1,autista,3,3,non disponibile,non disponibile,non disponibile,
truck driver salary in japan,en,1,google_en_jp,1,professional driver japan,generico,False,True,1,autista,3,3,non disponibile,non disponibile,non disponibile,
valid driver s license in japan,en,1,bing_en-JP,1,driver japan,generico,False,True,1,indefinito,3,3,non disponibile,non disponibile,non disponibile,
young driver japan,en,1,google_en_jp,1,driver japan,generico,False,True,1,indefinito,3,3,non disponibile,non disponibile,non disponibile,
zeztz driver japan price,en,1,google_en_jp,1,driver japan,acquisto_servizio,False,True,1,indefinito,3,3,non disponibile,non disponibile,non disponibile,
株式会社 driver japan,en,1,bing_en-JP,1,driver japan,generico,False,True,1,operatore,3,3,non disponibile,non disponibile,non disponibile,
japanese driver's license,en,2,bing_en-JP|google_en_jp,7,driver japan|driver jobs japan|driver jobs tokyo|english driver japan,generico,False,False,0,indefinito,11,0,non disponibile,non disponibile,non disponibile,
driving in japan as a uk driver,en,1,bing_en-JP,8,driver japan|driver jobs japan|driver jobs tokyo|english driver japan,generico,False,False,0,indefinito,10,0,non disponibile,non disponibile,non disponibile,
driving jobs in japan for foreigners,en,1,google_en_jp,8,chauffeur japan|chauffeur tokyo|driver japan|driver jobs japan,assunzione,False,False,0,autista,10,0,non disponibile,non disponibile,non disponibile,
driving schools in tokyo with english support,en,1,bing_en-JP,8,bilingual driver|bilingual driver jobs japan|driver japan|driver jobs tokyo,generico,False,False,0,indefinito,10,0,non disponibile,non disponibile,non disponibile,
japan driver license translation,en,2,bing_en-JP|google_en_jp,5,chauffeur japan|driver japan|english driver japan|english speaking driver japan,generico,False,False,0,indefinito,9,0,non disponibile,non disponibile,non disponibile,
can foreigners drive in japan,en,1,google_en_jp,6,chauffeur japan|driver japan|driver jobs japan|english driver japan,generico,False,False,0,indefinito,8,0,non disponibile,non disponibile,non disponibile,
driving-japan,en,1,bing_en-JP,6,driver japan|driver jobs japan|english driver japan|english speaking driver japan,generico,False,False,0,indefinito,8,0,non disponibile,non disponibile,non disponibile,
international drivers licence japan,en,1,bing_en-JP,6,driver japan|driver jobs japan|english driver japan|english speaking driver japan,generico,False,False,0,indefinito,8,0,non disponibile,non disponibile,non disponibile,
international drivers license japan,en,1,bing_en-JP,6,driver japan|driver jobs japan|english driver japan|english speaking driver japan,generico,False,False,0,indefinito,8,0,non disponibile,non disponibile,non disponibile,
driving in japan for foreigners,en,2,bing_en-JP|google_en_jp,3,driver japan|driver jobs japan|english speaking driver japan,generico,False,False,0,indefinito,7,0,non disponibile,non disponibile,non disponibile,
english driving school in japan,en,2,bing_en-JP|google_en_jp,3,english driver japan|english speaking driver japan|english speaking driver tokyo,generico,False,False,0,indefinito,7,0,non disponibile,non disponibile,non disponibile,
hiring car in japan,en,1,bing_en-JP,5,driver japan|driver jobs japan|english driver japan|hire driver japan,assunzione,False,False,0,autista,7,0,non disponibile,non disponibile,non disponibile,
japan driver license test,en,2,bing_en-JP|google_en_jp,3,chauffeur japan|driver japan|professional driver japan,generico,False,False,0,indefinito,7,0,non disponibile,non disponibile,non disponibile,
japan driving license test in english,en,1,bing_en-JP,5,driver japan|english driver japan|english speaking driver japan|english speaking driver tokyo,generico,False,False,0,indefinito,7,0,non disponibile,non disponibile,non disponibile,
japan driving test in english,en,1,bing_en-JP,5,driver japan|english driver japan|english speaking driver japan|english speaking driver tokyo,generico,False,False,0,indefinito,7,0,non disponibile,non disponibile,non disponibile,
japan driving test questions and answers pdf,en,2,bing_en-JP|google_en_jp,3,driver japan|english driver japan|english speaking driver japan,generico,False,False,0,indefinito,7,0,non disponibile,non disponibile,non disponibile,
japan international driver license,en,1,bing_en-JP,5,driver japan|english driver japan|english speaking driver japan|hire driver japan,generico,False,False,0,indefinito,7,0,non disponibile,non disponibile,non disponibile,
bilingual entry level jobs,en,2,bing_en-JP|google_en_jp,2,bilingual driver|bilingual driver jobs japan,assunzione,False,False,0,autista,6,0,non disponibile,non disponibile,non disponibile,
description of the japanese driver's license,en,1,bing_en-JP,4,driver japan|driver jobs japan|english driver japan|professional driver japan,generico,False,False,0,indefinito,6,0,non disponibile,non disponibile,non disponibile,
japan international driver's license,en,1,bing_en-JP,4,driver japan|driver jobs japan|english driver japan|professional driver japan,generico,False,False,0,indefinito,6,0,non disponibile,non disponibile,non disponibile,
japanese driver's license translation,en,1,bing_en-JP,4,driver japan|english driver japan|english speaking driver japan|professional driver japan,generico,False,False,0,indefinito,6,0,non disponibile,non disponibile,non disponibile,
japanese driving test in english,en,1,bing_en-JP,4,driver japan|english driver japan|english speaking driver japan|english speaking driver tokyo,generico,False,False,0,indefinito,6,0,non disponibile,non disponibile,non disponibile,
japanese formula 1 drivers,en,1,bing_en-JP,4,driver japan|english driver japan|english speaking driver japan|professional driver japan,generico,False,False,0,indefinito,6,0,non disponibile,non disponibile,non disponibile,
tokyo driving license center,en,1,bing_en-JP,4,driver japan|driver jobs japan|driver jobs tokyo|professional driver japan,generico,False,False,0,indefinito,6,0,non disponibile,non disponibile,non disponibile,
automotive jobs in japan,en,1,bing_en-JP,3,driver japan|driver jobs japan|professional driver japan,assunzione,False,False,0,autista,5,0,non disponibile,non disponibile,non disponibile,
bilingual driving school near me,en,2,bing_en-JP|google_en_jp,1,bilingual driver,generico,False,False,0,indefinito,5,0,non disponibile,non disponibile,non disponibile,
bilingual jobs near me,en,2,bing_en-JP|google_en_jp,1,bilingual driver,assunzione,False,False,0,autista,5,0,non disponibile,non disponibile,non disponibile,
can i drive in japan with a us license,en,1,google_en_jp,3,chauffeur japan|driver japan|driver jobs japan,generico,False,False,0,indefinito,5,0,non disponibile,non disponibile,non disponibile,
chauffeur jobs near me,en,1,bing_en-JP,3,chauffeur japan|chauffeur jobs tokyo english|chauffeur tokyo,assunzione,False,False,0,autista,5,0,non disponibile,non disponibile,non disponibile,
chauffeur jobs near me full time,en,1,bing_en-JP,3,chauffeur japan|chauffeur jobs tokyo english|chauffeur tokyo,assunzione,False,False,0,autista,5,0,non disponibile,non disponibile,non disponibile,
chauffeur near me hiring,en,1,bing_en-JP,3,chauffeur japan|chauffeur jobs tokyo english|chauffeur tokyo,assunzione,False,False,0,autista,5,0,non disponibile,non disponibile,non disponibile,
chauffeur new york city,en,1,bing_en-JP,3,chauffeur japan|chauffeur jobs tokyo english|chauffeur tokyo,generico,False,False,0,indefinito,5,0,non disponibile,non disponibile,non disponibile,
chauffeur service in london for corporate,en,1,bing_en-JP,3,chauffeur japan|chauffeur jobs tokyo english|chauffeur tokyo,acquisto_servizio,False,False,0,turista,5,0,non disponibile,non disponibile,non disponibile,
driver's license in japan,en,1,bing_en-JP,3,driver japan|driver jobs japan|professional driver japan,generico,False,False,0,indefinito,5,0,non disponibile,non disponibile,non disponibile,
driving school in tokyo,en,1,bing_en-JP,3,driver japan|driver jobs japan|driver jobs tokyo,generico,False,False,0,indefinito,5,0,non disponibile,non disponibile,non disponibile,
g-driver,en,1,bing_en-JP,3,driver japan|english driver japan|professional driver japan,generico,False,False,0,indefinito,5,0,non disponibile,non disponibile,non disponibile,
how much do foreign english teachers make in japan,en,1,google_en_jp,3,english driver japan|english speaking driver japan|english speaking driver tokyo,informativo,False,False,0,indefinito,5,0,non disponibile,non disponibile,non disponibile,
how much is a chauffeur,en,1,bing_en-JP,3,chauffeur japan|chauffeur jobs tokyo english|chauffeur tokyo,informativo,False,False,0,indefinito,5,0,non disponibile,non disponibile,non disponibile,
how to hire a chauffeur,en,1,bing_en-JP,3,chauffeur japan|chauffeur jobs tokyo english|chauffeur tokyo,acquisto_servizio,False,False,0,turista,5,0,non disponibile,non disponibile,non disponibile,
j & b drivers ltd,en,1,bing_en-JP,3,driver japan|english driver japan|professional driver japan,generico,False,False,0,indefinito,5,0,non disponibile,non disponibile,non disponibile,
japan driving license translation,en,1,bing_en-JP,3,driver japan|english driver japan|english speaking driver japan,generico,False,False,0,indefinito,5,0,non disponibile,non disponibile,non disponibile,
japan jobs for english speakers,en,1,bing_en-JP,3,english driver japan|english speaking driver japan|english speaking driver tokyo,assunzione,False,False,0,autista,5,0,non disponibile,non disponibile,non disponibile,
job driver vacancy in delhi,en,1,bing_en-JP,3,driver japan|driver jobs japan|driver jobs tokyo,assunzione,False,False,0,autista,5,0,non disponibile,non disponibile,non disponibile,
meaning of chauffeur in english,en,1,bing_en-JP,3,chauffeur japan|chauffeur jobs tokyo english|chauffeur tokyo,generico,False,False,0,indefinito,5,0,non disponibile,non disponibile,non disponibile,
sharp driver download japan,en,2,bing_en-JP|google_en_jp,1,driver japan,generico,False,False,0,indefinito,5,0,non disponibile,non disponibile,non disponibile,
us driver license in japan,en,1,bing_en-JP,3,driver japan|english driver japan|professional driver japan,generico,False,False,0,indefinito,5,0,non disponibile,non disponibile,non disponibile,
who is a chauffeur,en,1,bing_en-JP,3,chauffeur japan|chauffeur jobs tokyo english|chauffeur tokyo,generico,False,False,0,indefinito,5,0,non disponibile,non disponibile,non disponibile,
bilingual jobs in tokyo,en,1,bing_en-JP,2,bilingual driver|bilingual driver jobs japan,assunzione,False,False,0,autista,4,0,non disponibile,non disponibile,non disponibile,
bilingual spanish and english jobs,en,1,bing_en-JP,2,bilingual driver|bilingual driver jobs japan,assunzione,False,False,0,autista,4,0,non disponibile,non disponibile,non disponibile,
blacklane chauffeur jobs,en,1,google_en_jp,2,chauffeur japan|chauffeur tokyo,assunzione,False,False,0,autista,4,0,non disponibile,non disponibile,non disponibile,
can i drive in japan with a uk license,en,1,google_en_jp,2,driver japan|english driver japan,generico,False,False,0,indefinito,4,0,non disponibile,non disponibile,non disponibile,
chauffeur driver near me hiring,en,1,bing_en-JP,2,chauffeur japan|chauffeur tokyo,assunzione,False,False,0,autista,4,0,non disponibile,non disponibile,non disponibile,
chauffeur job description,en,1,google_en_jp,2,chauffeur japan|chauffeur tokyo,assunzione,False,False,0,autista,4,0,non disponibile,non disponibile,non disponibile,
chauffeur jobs in nairobi,en,1,bing_en-JP,2,chauffeur japan|chauffeur tokyo,assunzione,False,False,0,autista,4,0,non disponibile,non disponibile,non disponibile,
chauffeur jobs kategorie b,en,1,bing_en-JP,2,chauffeur japan|chauffeur tokyo,assunzione,False,False,0,autista,4,0,non disponibile,non disponibile,non disponibile,
chauffeur meaning in tagalog,en,1,bing_en-JP,2,chauffeur japan|chauffeur tokyo,generico,False,False,0,indefinito,4,0,non disponibile,non disponibile,non disponibile,
chauffeur meaning in telugu,en,1,bing_en-JP,2,chauffeur jobs tokyo english|chauffeur tokyo,generico,False,False,0,indefinito,4,0,non disponibile,non disponibile,non disponibile,
chauffeur new york airport,en,1,bing_en-JP,2,chauffeur jobs tokyo english|chauffeur tokyo,generico,False,False,0,turista,4,0,non disponibile,non disponibile,non disponibile,
chauffeur new york service,en,1,bing_en-JP,2,chauffeur jobs tokyo english|chauffeur tokyo,acquisto_servizio,False,False,0,turista,4,0,non disponibile,non disponibile,non disponibile,
chauffeur poids lourd en suisse,en,1,bing_en-JP,2,chauffeur japan|chauffeur tokyo,generico,False,False,0,indefinito,4,0,non disponibile,non disponibile,non disponibile,
chauffeur service in london,en,1,bing_en-JP,2,chauffeur jobs tokyo english|chauffeur tokyo,acquisto_servizio,False,False,0,turista,4,0,non disponibile,non disponibile,non disponibile,
chauffeur service in london for executive,en,1,bing_en-JP,2,chauffeur jobs tokyo english|chauffeur tokyo,acquisto_servizio,False,False,0,turista,4,0,non disponibile,non disponibile,non disponibile,
chauffeur service in toronto,en,1,bing_en-JP,2,chauffeur jobs tokyo english|chauffeur tokyo,acquisto_servizio,False,False,0,turista,4,0,non disponibile,non disponibile,non disponibile,
chinese drivers test english,en,1,bing_en-JP,2,english speaking driver japan|english speaking driver tokyo,generico,False,False,0,indefinito,4,0,non disponibile,non disponibile,non disponibile,
cost of hiring a car in japan,en,1,bing_en-JP,2,driver jobs japan|hire driver japan,assunzione,False,False,0,autista,4,0,non disponibile,non disponibile,non disponibile,
diver city japan,en,1,google_en_jp,2,chauffeur japan|driver japan,generico,False,False,0,indefinito,4,0,non disponibile,non disponibile,non disponibile,
driver japan golf,en,1,google_en_jp,2,chauffeur japan|driver japan,generico,False,False,0,indefinito,4,0,non disponibile,non disponibile,non disponibile,
driver jobs in singapore,en,1,bing_en-JP,2,driver japan|driver jobs japan,assunzione,False,False,0,autista,4,0,non disponibile,non disponibile,non disponibile,
dz driver jobs near me,en,1,bing_en-JP,2,driver jobs japan|driver jobs tokyo,assunzione,False,False,0,autista,4,0,non disponibile,non disponibile,non disponibile,
dz driver jobs toronto,en,1,bing_en-JP,2,driver jobs japan|driver jobs tokyo,assunzione,False,False,0,autista,4,0,non disponibile,non disponibile,non disponibile,
english jobs in japan,en,1,bing_en-JP,2,english driver japan|english speaking driver japan,assunzione,False,False,0,autista,4,0,non disponibile,non disponibile,non disponibile,
english only jobs in japan,en,1,bing_en-JP,2,english driver japan|english speaking driver japan,assunzione,False,False,0,autista,4,0,non disponibile,non disponibile,non disponibile,
english speaking companies in japan,en,1,google_en_jp,2,english speaking driver japan|english speaking driver tokyo,generico,False,False,0,indefinito,4,0,non disponibile,non disponibile,non disponibile,
english speaking dentist tokyo,en,1,bing_en-JP,2,english speaking driver japan|english speaking driver tokyo,generico,False,False,0,indefinito,4,0,non disponibile,non disponibile,non disponibile,
english speaking doctor tokyo,en,1,bing_en-JP,2,english speaking driver japan|english speaking driver tokyo,generico,False,False,0,indefinito,4,0,non disponibile,non disponibile,non disponibile,
english speaking driving school japan,en,1,google_en_jp,2,english driver japan|english speaking driver japan,generico,False,False,0,indefinito,4,0,non disponibile,non disponibile,non disponibile,
english speaking japan jobs,en,1,google_en_jp,2,english speaking driver japan|english speaking driver tokyo,assunzione,False,False,0,autista,4,0,non disponibile,non disponibile,non disponibile,
english speaking jobs in japan,en,1,bing_en-JP,2,english speaking driver japan|english speaking driver tokyo,assunzione,False,False,0,autista,4,0,non disponibile,non disponibile,non disponibile,
english translation of japanese driver's license,en,1,google_en_jp,2,driver japan|english driver japan,generico,False,False,0,indefinito,4,0,non disponibile,non disponibile,non disponibile,
hire a car in tokyo,en,1,bing_en-JP,2,driver jobs tokyo|hire driver japan,acquisto_servizio,False,False,0,turista,4,0,non disponibile,non disponibile,non disponibile,
hire car tokyo japan,en,1,bing_en-JP,2,driver jobs tokyo|hire driver japan,acquisto_servizio,False,False,0,indefinito,4,0,non disponibile,non disponibile,non disponibile,
hiring jobs in japan,en,1,bing_en-JP,2,driver jobs japan|hire driver japan,assunzione,False,False,0,autista,4,0,non disponibile,non disponibile,non disponibile,
how much does a chauffeur cost,en,1,bing_en-JP,2,chauffeur japan|chauffeur tokyo,acquisto_servizio,False,False,0,indefinito,4,0,non disponibile,non disponibile,non disponibile,
how much does a chauffeur cost uk,en,1,bing_en-JP,2,chauffeur japan|chauffeur jobs tokyo english,acquisto_servizio,False,False,0,indefinito,4,0,non disponibile,non disponibile,non disponibile,
international driver license in japan,en,1,bing_en-JP,2,driver japan|driver jobs japan,generico,False,False,0,indefinito,4,0,non disponibile,non disponibile,non disponibile,
international driving license japan,en,1,bing_en-JP,2,driver japan|english driver japan,generico,False,False,0,indefinito,4,0,non disponibile,non disponibile,non disponibile,
is driving in japan difficult,en,1,google_en_jp,2,driver japan|professional driver japan,generico,False,False,0,indefinito,4,0,non disponibile,non disponibile,non disponibile,
is driving in japan easy,en,1,google_en_jp,2,driver japan|professional driver japan,generico,False,False,0,indefinito,4,0,non disponibile,non disponibile,non disponibile,
is it easy to drive in japan,en,1,google_en_jp,2,chauffeur japan|hire driver japan,generico,False,False,0,indefinito,4,0,non disponibile,non disponibile,non disponibile,
is it hard to drive in japan,en,1,google_en_jp,2,chauffeur japan|driver japan,generico,False,False,0,indefinito,4,0,non disponibile,non disponibile,non disponibile,
is it ok to speak english in japan,en,1,google_en_jp,2,english speaking driver japan|english speaking driver tokyo,generico,False,False,0,indefinito,4,0,non disponibile,non disponibile,non disponibile,
is uber expensive in japan,en,1,google_en_jp,2,chauffeur japan|chauffeur tokyo,generico,False,False,0,indefinito,4,0,non disponibile,non disponibile,non disponibile,
japan drive on left or right,en,1,google_en_jp,2,chauffeur japan|driver japan,generico,False,False,0,indefinito,4,0,non disponibile,non disponibile,non disponibile,
japan driver f1,en,1,google_en_jp,2,chauffeur japan|driver japan,generico,False,False,0,indefinito,4,0,non disponibile,non disponibile,non disponibile,
japan driver license age,en,1,google_en_jp,2,chauffeur japan|driver japan,generico,False,False,0,indefinito,4,0,non disponibile,non disponibile,non disponibile,
japan driver's license,en,1,google_en_jp,2,chauffeur japan|driver japan,generico,False,False,0,indefinito,4,0,non disponibile,non disponibile,non disponibile,
japan driver's license conversion,en,1,google_en_jp,2,chauffeur japan|driver japan,generico,False,False,0,indefinito,4,0,non disponibile,non disponibile,non disponibile,
japan driver's license conversion restrictions,en,1,google_en_jp,2,chauffeur japan|driver japan,generico,False,False,0,indefinito,4,0,non disponibile,non disponibile,non disponibile,
japan driver's license reciprocity us states,en,1,google_en_jp,2,chauffeur japan|driver japan,generico,False,False,0,indefinito,4,0,non disponibile,non disponibile,non disponibile,
japan driving license test book in english,en,1,bing_en-JP,2,english driver japan|english speaking driver japan,acquisto_servizio,False,False,0,indefinito,4,0,non disponibile,non disponibile,non disponibile,
japan jdm car hire,en,1,bing_en-JP,2,driver jobs japan|hire driver japan,acquisto_servizio,False,False,0,indefinito,4,0,non disponibile,non disponibile,non disponibile,
japanese companies hiring english speakers,en,1,bing_en-JP,2,english speaking driver japan|english speaking driver tokyo,assunzione,False,False,0,autista,4,0,non disponibile,non disponibile,non disponibile,
japanese international driver's license,en,1,bing_en-JP,2,driver japan|professional driver japan,generico,False,False,0,indefinito,4,0,non disponibile,non disponibile,non disponibile,
japanese speaking jobs uk,en,1,bing_en-JP,2,english speaking driver japan|english speaking driver tokyo,assunzione,False,False,0,autista,4,0,non disponibile,non disponibile,non disponibile,
je cherche un emploi chauffeur,en,1,bing_en-JP,2,chauffeur japan|chauffeur tokyo,generico,False,False,0,indefinito,4,0,non disponibile,non disponibile,non disponibile,
job description for chauffeur driver,en,1,google_en_jp,2,chauffeur japan|chauffeur tokyo,assunzione,False,False,0,autista,4,0,non disponibile,non disponibile,non disponibile,
jobs as a driver,en,1,bing_en-JP,2,driver japan|driver jobs japan,assunzione,False,False,0,autista,4,0,non disponibile,non disponibile,non disponibile,
jobs for bilingual people,en,1,bing_en-JP,2,bilingual driver|bilingual driver jobs japan,assunzione,False,False,0,autista,4,0,non disponibile,non disponibile,non disponibile,
jobs in tokyo japan,en,1,bing_en-JP,2,driver jobs japan|driver jobs tokyo,assunzione,False,False,0,autista,4,0,non disponibile,non disponibile,non disponibile,
k-driver,en,1,bing_en-JP,2,driver japan|professional driver japan,generico,False,False,0,indefinito,4,0,non disponibile,non disponibile,non disponibile,
latest driver job vacancies in kenya,en,1,bing_en-JP,2,driver jobs japan|driver jobs tokyo,assunzione,False,False,0,autista,4,0,non disponibile,non disponibile,non disponibile,
name of chauffeur company,en,1,bing_en-JP,2,chauffeur japan|chauffeur tokyo,generico,False,False,0,indefinito,4,0,non disponibile,non disponibile,non disponibile,
recherche emploi de chauffeur,en,1,bing_en-JP,2,chauffeur japan|chauffeur tokyo,generico,False,False,0,indefinito,4,0,non disponibile,non disponibile,non disponibile,
the chauffeur group london,en,1,bing_en-JP,2,chauffeur japan|chauffeur jobs tokyo english,generico,False,False,0,indefinito,4,0,non disponibile,non disponibile,non disponibile,
tokyo chinese driving school,en,1,bing_en-JP,2,driver jobs tokyo|english speaking driver tokyo,generico,False,False,0,indefinito,4,0,non disponibile,non disponibile,non disponibile,
tokyo english speaking job,en,1,bing_en-JP,2,driver jobs tokyo|english speaking driver tokyo,assunzione,False,False,0,autista,4,0,non disponibile,non disponibile,non disponibile,
tokyo jdm car hire,en,1,bing_en-JP,2,driver jobs tokyo|hire driver japan,acquisto_servizio,False,False,0,indefinito,4,0,non disponibile,non disponibile,non disponibile,
tokyo jobs for english speakers,en,1,bing_en-JP,2,english speaking driver japan|english speaking driver tokyo,assunzione,False,False,0,autista,4,0,non disponibile,non disponibile,non disponibile,
uk driving in japan,en,1,bing_en-JP,2,english driver japan|english speaking driver japan,generico,False,False,0,indefinito,4,0,non disponibile,non disponibile,non disponibile,
uk driving licence in japan,en,1,bing_en-JP,2,english driver japan|english speaking driver japan,generico,False,False,0,indefinito,4,0,non disponibile,non disponibile,non disponibile,
us driving in japan,en,1,bing_en-JP,2,driver jobs japan|english driver japan,generico,False,False,0,indefinito,4,0,non disponibile,non disponibile,non disponibile,
wat is een chauffeur,en,1,bing_en-JP,2,chauffeur japan|chauffeur tokyo,generico,False,False,0,indefinito,4,0,non disponibile,non disponibile,non disponibile,
what is a chauffeur,en,1,bing_en-JP,2,chauffeur japan|chauffeur jobs tokyo english,informativo,False,False,0,indefinito,4,0,non disponibile,non disponibile,non disponibile,
what is driver z,en,1,bing_en-JP,2,driver japan|professional driver japan,informativo,False,False,0,indefinito,4,0,non disponibile,non disponibile,non disponibile,
what is the definition of chauffeur,en,1,bing_en-JP,2,chauffeur japan|chauffeur tokyo,informativo,False,False,0,indefinito,4,0,non disponibile,non disponibile,non disponibile,
what is the meaning of chauffeur,en,1,bing_en-JP,2,chauffeur japan|chauffeur tokyo,informativo,False,False,0,indefinito,4,0,non disponibile,non disponibile,non disponibile,
what jobs are good in japan,en,1,google_en_jp,2,chauffeur japan|chauffeur tokyo,assunzione,False,False,0,autista,4,0,non disponibile,non disponibile,non disponibile,
work and travel japan jobs,en,1,google_en_jp,2,driver jobs japan|driver jobs tokyo,assunzione,False,False,0,autista,4,0,non disponibile,non disponibile,non disponibile,
x-driver,en,1,bing_en-JP,2,driver japan|professional driver japan,generico,False,False,0,indefinito,4,0,non disponibile,non disponibile,non disponibile,
a person who's bilingual,en,1,bing_en-JP,1,bilingual driver,generico,False,False,0,indefinito,3,0,non disponibile,non disponibile,non disponibile,
a to z chauffeur,en,1,bing_en-JP,1,chauffeur japan,generico,False,False,0,indefinito,3,0,non disponibile,non disponibile,non disponibile,
accident lawyers near me with bilingual staff,en,1,bing_en-JP,1,bilingual driver,generico,False,False,0,indefinito,3,0,non disponibile,non disponibile,non disponibile,
amazon japanese bilingual jobs,en,1,bing_en-JP,1,bilingual driver jobs japan,assunzione,False,False,0,autista,3,0,non disponibile,non disponibile,non disponibile,
automotive salary in japan,en,1,bing_en-JP,1,driver jobs japan,generico,False,False,0,autista,3,0,non disponibile,non disponibile,non disponibile,
average japanese salary in tokyo,en,1,google_en_jp,1,chauffeur tokyo,generico,False,False,0,autista,3,0,non disponibile,non disponibile,non disponibile,
best car hire company japan,en,1,bing_en-JP,1,hire driver japan,acquisto_servizio,False,False,0,indefinito,3,0,non disponibile,non disponibile,non disponibile,
bilingual bulk driver,en,1,google_en_jp,1,bilingual driver,generico,False,False,0,indefinito,3,0,non disponibile,non disponibile,non disponibile,
bilingual business jobs,en,1,google_en_jp,1,bilingual driver,assunzione,False,False,0,autista,3,0,non disponibile,non disponibile,non disponibile,
bilingual careers near me,en,1,bing_en-JP,1,bilingual driver,assunzione,False,False,0,autista,3,0,non disponibile,non disponibile,non disponibile,
bilingual delivery driver,en,1,google_en_jp,1,bilingual driver,generico,False,False,0,indefinito,3,0,non disponibile,non disponibile,non disponibile,
bilingual director jobs,en,1,google_en_jp,1,bilingual driver,assunzione,False,False,0,autista,3,0,non disponibile,non disponibile,non disponibile,
bilingual driver,en,1,google_en_jp,1,bilingual driver,generico,False,False,0,indefinito,3,0,non disponibile,non disponibile,non disponibile,
bilingual driver examiner,en,1,google_en_jp,1,bilingual driver,generico,False,False,0,indefinito,3,0,non disponibile,non disponibile,non disponibile,
bilingual driver jobs,en,1,google_en_jp,1,bilingual driver,assunzione,False,False,0,autista,3,0,non disponibile,non disponibile,non disponibile,
bilingual driver meaning,en,1,google_en_jp,1,bilingual driver,generico,False,False,0,indefinito,3,0,non disponibile,non disponibile,non disponibile,
bilingual driving instructor,en,1,google_en_jp,1,bilingual driver,generico,False,False,0,indefinito,3,0,non disponibile,non disponibile,non disponibile,
bilingual dvd meaning,en,1,google_en_jp,1,bilingual driver,generico,False,False,0,indefinito,3,0,non disponibile,non disponibile,non disponibile,
bilingual esl director jobs,en,1,google_en_jp,1,bilingual driver,assunzione,False,False,0,autista,3,0,non disponibile,non disponibile,non disponibile,
bilingual forklift driver,en,1,google_en_jp,1,bilingual driver,generico,False,False,0,indefinito,3,0,non disponibile,non disponibile,non disponibile,
bilingual front desk jobs near me,en,1,google_en_jp,1,bilingual driver,assunzione,False,False,0,autista,3,0,non disponibile,non disponibile,non disponibile,
bilingual in chinese and english,en,1,bing_en-JP,1,bilingual driver,generico,False,False,0,indefinito,3,0,non disponibile,non disponibile,non disponibile,
bilingual in spanish jobs,en,1,bing_en-JP,1,bilingual driver,assunzione,False,False,0,autista,3,0,non disponibile,non disponibile,non disponibile,
bilingual interpreter jobs,en,1,google_en_jp,1,bilingual driver,assunzione,False,False,0,autista,3,0,non disponibile,non disponibile,non disponibile,
bilingual interpreter jobs near me,en,1,google_en_jp,1,bilingual driver,assunzione,False,False,0,autista,3,0,non disponibile,non disponibile,non disponibile,
bilingual japanese job nyc,en,1,bing_en-JP,1,bilingual driver jobs japan,assunzione,False,False,0,autista,3,0,non disponibile,non disponibile,non disponibile,
bilingual job description,en,1,google_en_jp,1,bilingual driver,assunzione,False,False,0,autista,3,0,non disponibile,non disponibile,non disponibile,
bilingual jobs hiring near me,en,1,google_en_jp,1,bilingual driver,assunzione,False,False,0,autista,3,0,non disponibile,non disponibile,non disponibile,
bilingual jobs hiring near me no experience,en,1,bing_en-JP,1,bilingual driver,assunzione,False,False,0,autista,3,0,non disponibile,non disponibile,non disponibile,
bilingual jobs in japan,en,1,bing_en-JP,1,bilingual driver jobs japan,assunzione,False,False,0,autista,3,0,non disponibile,non disponibile,non disponibile,
bilingual movie meaning,en,1,google_en_jp,1,bilingual driver,generico,False,False,0,indefinito,3,0,non disponibile,non disponibile,non disponibile,
bilingual movies,en,1,google_en_jp,1,bilingual driver,generico,False,False,0,indefinito,3,0,non disponibile,non disponibile,non disponibile,
bilingual no experience jobs,en,1,google_en_jp,1,bilingual driver,assunzione,False,False,0,autista,3,0,non disponibile,non disponibile,non disponibile,
bilingual payroll jobs,en,1,google_en_jp,1,bilingual driver,assunzione,False,False,0,autista,3,0,non disponibile,non disponibile,non disponibile,
bilingual supervisor jobs near me,en,1,bing_en-JP,1,bilingual driver,assunzione,False,False,0,autista,3,0,non disponibile,non disponibile,non disponibile,
bilingual tour guide jobs,en,1,google_en_jp,1,bilingual driver,assunzione,False,False,0,autista,3,0,non disponibile,non disponibile,non disponibile,
bilingual truck driver,en,1,google_en_jp,1,bilingual driver,generico,False,False,0,indefinito,3,0,non disponibile,non disponibile,non disponibile,
bleu de chauffe 日本,en,1,bing_en-JP,1,chauffeur japan,generico,False,False,0,indefinito,3,0,non disponibile,non disponibile,non disponibile,
c:_drivers,en,1,bing_en-JP,1,driver japan,generico,False,False,0,indefinito,3,0,non disponibile,non disponibile,non disponibile,
can a foreigner get a driver's license in japan,en,1,google_en_jp,1,driver japan,generico,False,False,0,indefinito,3,0,non disponibile,non disponibile,non disponibile,
can an american drive in japan,en,1,google_en_jp,1,chauffeur japan,generico,False,False,0,indefinito,3,0,non disponibile,non disponibile,non disponibile,
can i drive in japan with international license,en,1,google_en_jp,1,chauffeur japan,generico,False,False,0,indefinito,3,0,non disponibile,non disponibile,non disponibile,
can tourists drive in japan,en,1,google_en_jp,1,chauffeur japan,generico,False,False,0,turista,3,0,non disponibile,non disponibile,non disponibile,
can you drive in the uk with a japanese license,en,1,google_en_jp,1,english driver japan,generico,False,False,0,indefinito,3,0,non disponibile,non disponibile,non disponibile,
can you drive in tokyo,en,1,google_en_jp,1,chauffeur tokyo,generico,False,False,0,indefinito,3,0,non disponibile,non disponibile,non disponibile,
can you hire a car in japan with an australian driver's license,en,1,google_en_jp,1,hire driver japan,acquisto_servizio,False,False,0,turista,3,0,non disponibile,non disponibile,non disponibile,
car mechanic jobs in japan,en,1,bing_en-JP,1,driver jobs japan,assunzione,False,False,0,autista,3,0,non disponibile,non disponibile,non disponibile,
car price in japan,en,1,bing_en-JP,1,driver japan,acquisto_servizio,False,False,0,indefinito,3,0,non disponibile,non disponibile,non disponibile,
car service in tokyo,en,1,bing_en-JP,1,driver jobs tokyo,acquisto_servizio,False,False,0,turista,3,0,non disponibile,non disponibile,non disponibile,
car service in tokyo japan,en,1,bing_en-JP,1,driver jobs tokyo,acquisto_servizio,False,False,0,turista,3,0,non disponibile,non disponibile,non disponibile,
career in japan マイナビ,en,1,bing_en-JP,1,driver jobs japan,assunzione,False,False,0,autista,3,0,non disponibile,non disponibile,non disponibile,
careers in japan,en,1,google_en_jp,1,chauffeur japan,assunzione,False,False,0,autista,3,0,non disponibile,non disponibile,non disponibile,
cast destination tokyo,en,1,google_en_jp,1,chauffeur tokyo,generico,False,False,0,indefinito,3,0,non disponibile,non disponibile,non disponibile,
chauffage chinois pour camping car,en,1,bing_en-JP,1,chauffeur japan,generico,False,False,0,indefinito,3,0,non disponibile,non disponibile,non disponibile,
chauffeur b flexi job,en,1,bing_en-JP,1,chauffeur japan,assunzione,False,False,0,autista,3,0,non disponibile,non disponibile,non disponibile,
chauffeur b jobs,en,1,google_en_jp,1,chauffeur japan,assunzione,False,False,0,autista,3,0,non disponibile,non disponibile,non disponibile,
chauffeur ce vacatures international,en,1,bing_en-JP,1,chauffeur japan,generico,False,False,0,indefinito,3,0,non disponibile,non disponibile,non disponibile,
chauffeur driven cars near me,en,1,google_en_jp,1,chauffeur tokyo,generico,False,False,0,indefinito,3,0,non disponibile,non disponibile,non disponibile,
chauffeur francais au canada,en,1,bing_en-JP,1,chauffeur japan,generico,False,False,0,indefinito,3,0,non disponibile,non disponibile,non disponibile,
chauffeur français au canada,en,1,bing_en-JP,1,chauffeur japan,generico,False,False,0,indefinito,3,0,non disponibile,non disponibile,non disponibile,
chauffeur haut de gamme,en,1,bing_en-JP,1,chauffeur japan,generico,False,False,0,indefinito,3,0,non disponibile,non disponibile,non disponibile,
chauffeur inde du nord,en,1,bing_en-JP,1,chauffeur japan,generico,False,False,0,indefinito,3,0,non disponibile,non disponibile,non disponibile,
chauffeur jobs in der nähe,en,1,bing_en-JP,1,chauffeur japan,assunzione,False,False,0,autista,3,0,non disponibile,non disponibile,non disponibile,
chauffeur jobs in der nähe von zürich,en,1,bing_en-JP,1,chauffeur japan,assunzione,False,False,0,autista,3,0,non disponibile,non disponibile,non disponibile,
chauffeur jobs in jamaica,en,1,google_en_jp,1,chauffeur japan,assunzione,False,False,0,autista,3,0,non disponibile,non disponibile,non disponibile,
chauffeur jobs in london,en,1,bing_en-JP,1,chauffeur jobs tokyo english,assunzione,False,False,0,autista,3,0,non disponibile,non disponibile,non disponibile,
chauffeur jobs in manchester,en,1,bing_en-JP,1,chauffeur jobs tokyo english,assunzione,False,False,0,autista,3,0,non disponibile,non disponibile,non disponibile,
chauffeur jobs near me no experience,en,1,bing_en-JP,1,chauffeur japan,assunzione,False,False,0,autista,3,0,non disponibile,non disponibile,non disponibile,
chauffeur jobs near me part time,en,1,bing_en-JP,1,chauffeur japan,assunzione,False,False,0,autista,3,0,non disponibile,non disponibile,non disponibile,
chauffeur meaning in gujarati,en,1,bing_en-JP,1,chauffeur japan,generico,False,False,0,indefinito,3,0,non disponibile,non disponibile,non disponibile,
chauffeur meaning in malay,en,1,bing_en-JP,1,chauffeur japan,generico,False,False,0,indefinito,3,0,non disponibile,non disponibile,non disponibile,
chauffeur near me prices,en,1,bing_en-JP,1,chauffeur japan,acquisto_servizio,False,False,0,indefinito,3,0,non disponibile,non disponibile,non disponibile,
chauffeur new york jobs,en,1,bing_en-JP,1,chauffeur jobs tokyo english,assunzione,False,False,0,autista,3,0,non disponibile,non disponibile,non disponibile,
chauffeur new york luxury,en,1,bing_en-JP,1,chauffeur japan,generico,False,False,0,indefinito,3,0,non disponibile,non disponibile,non disponibile,
chauffeur new york rates,en,1,bing_en-JP,1,chauffeur tokyo,generico,False,False,0,indefinito,3,0,non disponibile,non disponibile,non disponibile,
chauffeur new york reviews,en,1,bing_en-JP,1,chauffeur tokyo,generico,False,False,0,indefinito,3,0,non disponibile,non disponibile,non disponibile,
chauffeur or chauffer,en,1,google_en_jp,1,chauffeur tokyo,generico,False,False,0,indefinito,3,0,non disponibile,non disponibile,non disponibile,
chauffeur pl en suisse,en,1,bing_en-JP,1,chauffeur japan,generico,False,False,0,indefinito,3,0,non disponibile,non disponibile,non disponibile,
chauffeur poids lourd canada,en,1,bing_en-JP,1,chauffeur japan,generico,False,False,0,indefinito,3,0,non disponibile,non disponibile,non disponibile,
chauffeur poids lourd france,en,1,bing_en-JP,1,chauffeur japan,generico,False,False,0,indefinito,3,0,non disponibile,non disponibile,non disponibile,
chauffeur poids lourd genève,en,1,bing_en-JP,1,chauffeur japan,generico,False,False,0,indefinito,3,0,non disponibile,non disponibile,non disponibile,
chauffeur poids lourd grand est,en,1,bing_en-JP,1,chauffeur japan,generico,False,False,0,indefinito,3,0,non disponibile,non disponibile,non disponibile,
chauffeur poids lourd international,en,1,bing_en-JP,1,chauffeur japan,generico,False,False,0,indefinito,3,0,non disponibile,non disponibile,non disponibile,
chauffeur poids lourd suisse,en,1,bing_en-JP,1,chauffeur japan,generico,False,False,0,indefinito,3,0,non disponibile,non disponibile,non disponibile,
chauffeur pour concessionnaire automobile,en,1,bing_en-JP,1,chauffeur japan,generico,False,False,0,indefinito,3,0,non disponibile,non disponibile,non disponibile,
chauffeur service dubai and abu dhabi,en,1,bing_en-JP,1,chauffeur japan,acquisto_servizio,False,False,0,turista,3,0,non disponibile,non disponibile,non disponibile,
chauffeur service in dubai,en,1,bing_en-JP,1,chauffeur japan,acquisto_servizio,False,False,0,turista,3,0,non disponibile,non disponibile,non disponibile,
chauffeur service in london for airport,en,1,bing_en-JP,1,chauffeur jobs tokyo english,acquisto_servizio,False,False,0,turista,3,0,non disponibile,non disponibile,non disponibile,
chauffeur service in london for business,en,1,bing_en-JP,1,chauffeur jobs tokyo english,acquisto_servizio,False,False,0,turista,3,0,non disponibile,non disponibile,non disponibile,
chauffeur service in london for tour,en,1,bing_en-JP,1,chauffeur jobs tokyo english,acquisto_servizio,False,False,0,turista,3,0,non disponibile,non disponibile,non disponibile,
chauffeur service in zurich,en,1,bing_en-JP,1,chauffeur japan,acquisto_servizio,False,False,0,turista,3,0,non disponibile,non disponibile,non disponibile,
chauffeur services cape town,en,1,bing_en-JP,1,chauffeur japan,acquisto_servizio,False,False,0,turista,3,0,non disponibile,non disponibile,non disponibile,
chauffeur services in london for business,en,1,bing_en-JP,1,chauffeur jobs tokyo english,acquisto_servizio,False,False,0,turista,3,0,non disponibile,non disponibile,non disponibile,
cheap car hire japan,en,1,bing_en-JP,1,hire driver japan,acquisto_servizio,False,False,0,indefinito,3,0,non disponibile,non disponibile,non disponibile,
chinese bilingual jobs near me,en,1,bing_en-JP,1,bilingual driver jobs japan,assunzione,False,False,0,autista,3,0,non disponibile,non disponibile,non disponibile,
chinese car rentals with driver,en,1,bing_en-JP,1,hire driver japan,acquisto_servizio,False,False,0,turista,3,0,non disponibile,non disponibile,non disponibile,
chinese driver license translation,en,1,bing_en-JP,1,bilingual driver,generico,False,False,0,indefinito,3,0,non disponibile,non disponibile,non disponibile,
chinese driving laws,en,1,google_en_jp,1,driver japan,generico,False,False,0,indefinito,3,0,non disponibile,non disponibile,non disponibile,
chinese english bilingual jobs,en,1,bing_en-JP,1,bilingual driver jobs japan,assunzione,False,False,0,autista,3,0,non disponibile,non disponibile,non disponibile,
chinese-english bilingual,en,1,bing_en-JP,1,bilingual driver,generico,False,False,0,indefinito,3,0,non disponibile,non disponibile,non disponibile,
coffret et coffret tokyo,en,1,bing_en-JP,1,chauffeur tokyo,generico,False,False,0,indefinito,3,0,non disponibile,non disponibile,non disponibile,
common jobs in tokyo,en,1,google_en_jp,1,chauffeur tokyo,assunzione,False,False,0,autista,3,0,non disponibile,non disponibile,non disponibile,
cost of chauffeur for a day,en,1,bing_en-JP,1,chauffeur japan,acquisto_servizio,False,False,0,indefinito,3,0,non disponibile,non disponibile,non disponibile,
delivery jobs in japan for foreigners,en,1,google_en_jp,1,driver jobs japan,assunzione,False,False,0,autista,3,0,non disponibile,non disponibile,non disponibile,
delivery jobs in tokyo,en,1,google_en_jp,1,driver jobs tokyo,assunzione,False,False,0,autista,3,0,non disponibile,non disponibile,non disponibile,
delivery jobs japan,en,1,google_en_jp,1,driver jobs japan,assunzione,False,False,0,autista,3,0,non disponibile,non disponibile,non disponibile,
delivery jobs tokyo,en,1,google_en_jp,1,driver jobs tokyo,assunzione,False,False,0,autista,3,0,non disponibile,non disponibile,non disponibile,
diver city tokyo,en,1,google_en_jp,1,chauffeur tokyo,generico,False,False,0,indefinito,3,0,non disponibile,non disponibile,non disponibile,
diver city tokyo plaza,en,1,google_en_jp,1,chauffeur tokyo,generico,False,False,0,indefinito,3,0,non disponibile,non disponibile,non disponibile,
does japan hire foreigners,en,1,google_en_jp,1,hire driver japan,acquisto_servizio,False,False,0,indefinito,3,0,non disponibile,non disponibile,non disponibile,
drive and listen japan,en,1,bing_en-JP,1,english speaking driver japan,generico,False,False,0,indefinito,3,0,non disponibile,non disponibile,non disponibile,
driver agency in delhi,en,1,bing_en-JP,1,driver japan,generico,False,False,0,operatore,3,0,non disponibile,non disponibile,non disponibile,
driver and licensing agency,en,1,bing_en-JP,1,bilingual driver,generico,False,False,0,operatore,3,0,non disponibile,non disponibile,non disponibile,
driver class b jobs,en,1,google_en_jp,1,driver jobs japan,assunzione,False,False,0,autista,3,0,non disponibile,non disponibile,non disponibile,
driver for hire philippines,en,1,bing_en-JP,1,hire driver japan,acquisto_servizio,False,False,0,indefinito,3,0,non disponibile,non disponibile,non disponibile,
driver hire driver cpc,en,1,bing_en-JP,1,hire driver japan,acquisto_servizio,False,False,0,indefinito,3,0,non disponibile,non disponibile,non disponibile,
driver hire group services limited,en,1,bing_en-JP,1,hire driver japan,acquisto_servizio,False,False,0,turista,3,0,non disponibile,non disponibile,non disponibile,
driver hire group services ltd,en,1,bing_en-JP,1,hire driver japan,acquisto_servizio,False,False,0,turista,3,0,non disponibile,non disponibile,non disponibile,
driver hire recruitment agency,en,1,bing_en-JP,1,hire driver japan,acquisto_servizio,False,False,0,operatore,3,0,non disponibile,non disponibile,non disponibile,
driver japanese golf,en,1,google_en_jp,1,driver japan,generico,False,False,0,indefinito,3,0,non disponibile,non disponibile,non disponibile,
driver job in europe,en,1,bing_en-JP,1,driver jobs japan,assunzione,False,False,0,autista,3,0,non disponibile,non disponibile,non disponibile,
driver job vacancies in nairobi,en,1,bing_en-JP,1,driver jobs tokyo,assunzione,False,False,0,autista,3,0,non disponibile,non disponibile,non disponibile,
driver jobs hiring now,en,1,bing_en-JP,1,driver jobs japan,assunzione,False,False,0,autista,3,0,non disponibile,non disponibile,non disponibile,
driver jobs in delhi,en,1,bing_en-JP,1,driver jobs japan,assunzione,False,False,0,autista,3,0,non disponibile,non disponibile,non disponibile,
driver jobs in europe,en,1,bing_en-JP,1,english driver japan,assunzione,False,False,0,autista,3,0,non disponibile,non disponibile,non disponibile,
driver jobs in hong kong,en,1,bing_en-JP,1,driver jobs japan,assunzione,False,False,0,autista,3,0,non disponibile,non disponibile,non disponibile,
driver jobs in kenya,en,1,bing_en-JP,1,driver jobs japan,assunzione,False,False,0,autista,3,0,non disponibile,non disponibile,non disponibile,
driver jobs in kenya today,en,1,bing_en-JP,1,driver jobs japan,assunzione,False,False,0,autista,3,0,non disponibile,non disponibile,non disponibile,
driver jobs in uk,en,1,bing_en-JP,1,english driver japan,assunzione,False,False,0,autista,3,0,non disponibile,non disponibile,non disponibile,
driver jobs in zimbabwe,en,1,bing_en-JP,1,driver jobs japan,assunzione,False,False,0,autista,3,0,non disponibile,non disponibile,non disponibile,
driver jobs in zimbabwe today,en,1,bing_en-JP,1,driver jobs japan,assunzione,False,False,0,autista,3,0,non disponibile,non disponibile,non disponibile,
driver license in japan,en,1,bing_en-JP,1,driver japan,generico,False,False,0,indefinito,3,0,non disponibile,non disponibile,non disponibile,
driver license japan price,en,1,google_en_jp,1,driver japan,acquisto_servizio,False,False,0,indefinito,3,0,non disponibile,non disponibile,non disponibile,
driver on hire delhi,en,1,bing_en-JP,1,hire driver japan,acquisto_servizio,False,False,0,indefinito,3,0,non disponibile,non disponibile,non disponibile,
driver on hire jobs in delhi,en,1,bing_en-JP,1,hire driver japan,assunzione,False,False,0,autista,3,0,non disponibile,non disponibile,non disponibile,
driver on hire noida,en,1,bing_en-JP,1,hire driver japan,acquisto_servizio,False,False,0,indefinito,3,0,non disponibile,non disponibile,non disponibile,
driver recruitment hong kong,en,1,bing_en-JP,1,hire driver japan,generico,False,False,0,operatore,3,0,non disponibile,non disponibile,non disponibile,
driver vacancies in jhb,en,1,bing_en-JP,1,driver jobs japan,assunzione,False,False,0,autista,3,0,non disponibile,non disponibile,non disponibile,
driver vacancies in zimbabwe,en,1,bing_en-JP,1,driver jobs japan,assunzione,False,False,0,autista,3,0,non disponibile,non disponibile,non disponibile,
driver.gr.jp,en,1,bing_en-JP,1,driver japan,generico,False,False,0,indefinito,3,0,non disponibile,non disponibile,non disponibile,
driver.zip,en,1,bing_en-JP,1,driver japan,generico,False,False,0,indefinito,3,0,non disponibile,non disponibile,non disponibile,
drivers z application online,en,1,bing_en-JP,1,bilingual driver,generico,False,False,0,indefinito,3,0,non disponibile,non disponibile,non disponibile,
driving a rental car in japan,en,1,google_en_jp,1,chauffeur tokyo,acquisto_servizio,False,False,0,turista,3,0,non disponibile,non disponibile,non disponibile,
driving across japan,en,1,google_en_jp,1,driver japan,generico,False,False,0,indefinito,3,0,non disponibile,non disponibile,non disponibile,
driving around japan,en,1,google_en_jp,1,driver japan,generico,False,False,0,indefinito,3,0,non disponibile,non disponibile,non disponibile,
driving at japan,en,1,google_en_jp,1,driver japan,generico,False,False,0,indefinito,3,0,non disponibile,non disponibile,non disponibile,
driving book japan english,en,1,google_en_jp,1,driver japan,acquisto_servizio,False,False,0,indefinito,3,0,non disponibile,non disponibile,non disponibile,
driving camp japan english,en,1,google_en_jp,1,driver japan,generico,False,False,0,indefinito,3,0,non disponibile,non disponibile,non disponibile,
driving experience japan codes,en,1,google_en_jp,1,driver japan,generico,False,False,0,indefinito,3,0,non disponibile,non disponibile,non disponibile,
driving experience japan roblox,en,1,google_en_jp,1,driver japan,generico,False,False,0,indefinito,3,0,non disponibile,non disponibile,non disponibile,
driving experience japan roblox codes,en,1,google_en_jp,1,driver japan,generico,False,False,0,indefinito,3,0,non disponibile,non disponibile,non disponibile,
driving experience japan wiki,en,1,google_en_jp,1,driver japan,generico,False,False,0,indefinito,3,0,non disponibile,non disponibile,non disponibile,
driving experiences japan,en,1,google_en_jp,1,driver japan,generico,False,False,0,indefinito,3,0,non disponibile,non disponibile,non disponibile,
driving from japan to europe,en,1,google_en_jp,1,driver japan,generico,False,False,0,indefinito,3,0,non disponibile,non disponibile,non disponibile,
driving from japan to uk,en,1,google_en_jp,1,driver japan,generico,False,False,0,indefinito,3,0,non disponibile,non disponibile,non disponibile,
driving gloves japan,en,1,google_en_jp,1,driver japan,generico,False,False,0,indefinito,3,0,non disponibile,non disponibile,non disponibile,
driving holiday japan,en,1,google_en_jp,1,driver japan,generico,False,False,0,indefinito,3,0,non disponibile,non disponibile,non disponibile,
driving in and around tokyo,en,1,bing_en-JP,1,driver jobs tokyo,generico,False,False,0,indefinito,3,0,non disponibile,non disponibile,non disponibile,
driving in japan,en,1,google_en_jp,1,driver japan,generico,False,False,0,indefinito,3,0,non disponibile,non disponibile,non disponibile,
driving in japan as a tourist,en,1,google_en_jp,1,driver japan,generico,False,False,0,turista,3,0,non disponibile,non disponibile,non disponibile,
driving in japan as an american,en,1,google_en_jp,1,driver japan,generico,False,False,0,indefinito,3,0,non disponibile,non disponibile,non disponibile,
driving in japan as an australian,en,1,google_en_jp,1,driver japan,generico,False,False,0,indefinito,3,0,non disponibile,non disponibile,non disponibile,
driving in japan december,en,1,google_en_jp,1,driver japan,generico,False,False,0,indefinito,3,0,non disponibile,non disponibile,non disponibile,
driving in japan difficult,en,1,google_en_jp,1,driver japan,generico,False,False,0,indefinito,3,0,non disponibile,non disponibile,non disponibile,
driving in japan during winter,en,1,google_en_jp,1,driver japan,generico,False,False,0,indefinito,3,0,non disponibile,non disponibile,non disponibile,
driving in japan need idp,en,1,google_en_jp,1,driver japan,generico,False,False,0,indefinito,3,0,non disponibile,non disponibile,non disponibile,
driving in japan need to know,en,1,google_en_jp,1,driver japan,generico,False,False,0,indefinito,3,0,non disponibile,non disponibile,non disponibile,
driving in japan new rules,en,1,google_en_jp,1,driver japan,generico,False,False,0,indefinito,3,0,non disponibile,non disponibile,non disponibile,
driving in japan nz,en,1,google_en_jp,1,driver japan,generico,False,False,0,indefinito,3,0,non disponibile,non disponibile,non disponibile,
driving in japan nz license,en,1,google_en_jp,1,driver japan,generico,False,False,0,indefinito,3,0,non disponibile,non disponibile,non disponibile,
driving in japan us citizen,en,1,google_en_jp,1,driver japan,generico,False,False,0,indefinito,3,0,non disponibile,non disponibile,non disponibile,
driving in japan with uk license,en,1,bing_en-JP,1,english speaking driver japan,generico,False,False,0,indefinito,3,0,non disponibile,non disponibile,non disponibile,
driving japan,en,1,google_en_jp,1,driver japan,generico,False,False,0,indefinito,3,0,non disponibile,non disponibile,non disponibile,
driving japan age,en,1,google_en_jp,1,driver japan,generico,False,False,0,indefinito,3,0,non disponibile,non disponibile,non disponibile,
driving japan com,en,1,google_en_jp,1,driver japan,generico,False,False,0,indefinito,3,0,non disponibile,non disponibile,non disponibile,
driving japan com gmbh,en,1,google_en_jp,1,driver japan,generico,False,False,0,indefinito,3,0,non disponibile,non disponibile,non disponibile,
driving japan com reviews,en,1,google_en_jp,1,driver japan,generico,False,False,0,indefinito,3,0,non disponibile,non disponibile,non disponibile,
driving japan game,en,1,google_en_jp,1,driver japan,generico,False,False,0,indefinito,3,0,non disponibile,non disponibile,non disponibile,
driving japan gmbh,en,1,google_en_jp,1,driver japan,generico,False,False,0,indefinito,3,0,non disponibile,non disponibile,non disponibile,
driving japan in winter,en,1,google_en_jp,1,driver japan,generico,False,False,0,indefinito,3,0,non disponibile,non disponibile,non disponibile,
driving japan jaf,en,1,google_en_jp,1,driver japan,generico,False,False,0,indefinito,3,0,non disponibile,non disponibile,non disponibile,
driving japan left or right,en,1,google_en_jp,1,driver japan,generico,False,False,0,indefinito,3,0,non disponibile,non disponibile,non disponibile,
driving japan license,en,1,google_en_jp,1,driver japan,generico,False,False,0,indefinito,3,0,non disponibile,non disponibile,non disponibile,
driving japan online,en,1,google_en_jp,1,driver japan,generico,False,False,0,indefinito,3,0,non disponibile,non disponibile,non disponibile,
driving japan reddit,en,1,google_en_jp,1,driver japan,generico,False,False,0,indefinito,3,0,non disponibile,non disponibile,non disponibile,
driving japan review,en,1,google_en_jp,1,driver japan,generico,False,False,0,indefinito,3,0,non disponibile,non disponibile,non disponibile,
driving japan rules,en,1,google_en_jp,1,driver japan,generico,False,False,0,indefinito,3,0,non disponibile,non disponibile,non disponibile,
driving japan side,en,1,google_en_jp,1,driver japan,generico,False,False,0,indefinito,3,0,non disponibile,non disponibile,non disponibile,
driving japan signs,en,1,google_en_jp,1,driver japan,generico,False,False,0,indefinito,3,0,non disponibile,non disponibile,non disponibile,
driving japan supra car game,en,1,google_en_jp,1,driver japan,generico,False,False,0,indefinito,3,0,non disponibile,non disponibile,non disponibile,
driving japan test,en,1,google_en_jp,1,driver japan,generico,False,False,0,indefinito,3,0,non disponibile,non disponibile,non disponibile,
driving japan tips,en,1,google_en_jp,1,driver japan,generico,False,False,0,indefinito,3,0,non disponibile,non disponibile,non disponibile,
driving japan tokyo,en,1,google_en_jp,1,driver japan,generico,False,False,0,indefinito,3,0,non disponibile,non disponibile,non disponibile,
driving japan tour,en,1,google_en_jp,1,driver japan,generico,False,False,0,turista,3,0,non disponibile,non disponibile,non disponibile,
driving japan tourist,en,1,google_en_jp,1,driver japan,generico,False,False,0,turista,3,0,non disponibile,non disponibile,non disponibile,
driving japan translation,en,1,google_en_jp,1,driver japan,generico,False,False,0,indefinito,3,0,non disponibile,non disponibile,non disponibile,
driving japan uk licence,en,1,google_en_jp,1,driver japan,generico,False,False,0,indefinito,3,0,non disponibile,non disponibile,non disponibile,
driving japan us license,en,1,google_en_jp,1,driver japan,generico,False,False,0,indefinito,3,0,non disponibile,non disponibile,non disponibile,
driving japan which side,en,1,google_en_jp,1,driver japan,generico,False,False,0,indefinito,3,0,non disponibile,non disponibile,non disponibile,
driving japan winter,en,1,google_en_jp,1,driver japan,generico,False,False,0,indefinito,3,0,non disponibile,non disponibile,non disponibile,
driving japan youtube,en,1,google_en_jp,1,driver japan,generico,False,False,0,indefinito,3,0,non disponibile,non disponibile,non disponibile,
driving japanese movie,en,1,google_en_jp,1,driver japan,generico,False,False,0,indefinito,3,0,non disponibile,non disponibile,non disponibile,
driving jobs in japan for foreigners salary,en,1,google_en_jp,1,driver jobs japan,assunzione,False,False,0,autista,3,0,non disponibile,non disponibile,non disponibile,
driving jobs in tokyo,en,1,google_en_jp,1,driver jobs tokyo,assunzione,False,False,0,autista,3,0,non disponibile,non disponibile,non disponibile,
driving licence in japan,en,1,bing_en-JP,1,driver jobs japan,generico,False,False,0,indefinito,3,0,non disponibile,non disponibile,non disponibile,
driving licence translation japan,en,1,bing_en-JP,1,english driver japan,generico,False,False,0,indefinito,3,0,non disponibile,non disponibile,non disponibile,
driving license in japan,en,1,bing_en-JP,1,driver jobs japan,generico,False,False,0,indefinito,3,0,non disponibile,non disponibile,non disponibile,
driving license in japan for foreigners,en,1,bing_en-JP,1,driver jobs japan,generico,False,False,0,indefinito,3,0,non disponibile,non disponibile,non disponibile,
driving license japan english,en,1,google_en_jp,1,driver japan,generico,False,False,0,indefinito,3,0,non disponibile,non disponibile,non disponibile,
driving on japan,en,1,google_en_jp,1,driver japan,generico,False,False,0,indefinito,3,0,non disponibile,non disponibile,non disponibile,
driving range japan,en,1,google_en_jp,1,driver japan,generico,False,False,0,indefinito,3,0,non disponibile,non disponibile,non disponibile,
driving range japan tokyo,en,1,google_en_jp,1,driver japan,generico,False,False,0,indefinito,3,0,non disponibile,non disponibile,non disponibile,
driving school japan english,en,1,google_en_jp,1,driver japan,generico,False,False,0,indefinito,3,0,non disponibile,non disponibile,non disponibile,
driving school japan price,en,1,google_en_jp,1,driver japan,acquisto_servizio,False,False,0,indefinito,3,0,non disponibile,non disponibile,non disponibile,
driving test japan english,en,1,google_en_jp,1,driver japan,generico,False,False,0,indefinito,3,0,non disponibile,non disponibile,non disponibile,
driving test japan questions,en,1,google_en_jp,1,driver japan,generico,False,False,0,indefinito,3,0,non disponibile,non disponibile,non disponibile,
driving zone japan,en,1,google_en_jp,1,driver japan,generico,False,False,0,indefinito,3,0,non disponibile,non disponibile,non disponibile,
driving zone japan game,en,1,google_en_jp,1,driver japan,generico,False,False,0,indefinito,3,0,non disponibile,non disponibile,non disponibile,
driving zone japan pro,en,1,google_en_jp,1,driver japan,generico,False,False,0,indefinito,3,0,non disponibile,non disponibile,non disponibile,
dubai chauffeur jobs,en,1,google_en_jp,1,chauffeur tokyo,assunzione,False,False,0,autista,3,0,non disponibile,non disponibile,non disponibile,
e-driver,en,1,bing_en-JP,1,driver japan,generico,False,False,0,indefinito,3,0,non disponibile,non disponibile,non disponibile,
emirates chauffeur jobs,en,1,google_en_jp,1,chauffeur tokyo,assunzione,False,False,0,autista,3,0,non disponibile,non disponibile,non disponibile,
emirates chauffeur service distance,en,1,google_en_jp,1,chauffeur tokyo,acquisto_servizio,False,False,0,turista,3,0,non disponibile,non disponibile,non disponibile,
employed driving jobs,en,1,google_en_jp,1,driver jobs japan,assunzione,False,False,0,autista,3,0,non disponibile,non disponibile,non disponibile,
england v japan itv,en,1,bing_en-JP,1,english driver japan,generico,False,False,0,indefinito,3,0,non disponibile,non disponibile,non disponibile,
english driving camp in japan,en,1,google_en_jp,1,english driver japan,generico,False,False,0,indefinito,3,0,non disponibile,non disponibile,non disponibile,
english driving camp japan,en,1,google_en_jp,1,english driver japan,generico,False,False,0,indefinito,3,0,non disponibile,non disponibile,non disponibile,
english driving lessons in japan,en,1,google_en_jp,1,english driver japan,generico,False,False,0,indefinito,3,0,non disponibile,non disponibile,non disponibile,
english driving lessons japan,en,1,google_en_jp,1,english driver japan,generico,False,False,0,indefinito,3,0,non disponibile,non disponibile,non disponibile,
english driving license in japan,en,1,google_en_jp,1,english driver japan,generico,False,False,0,indefinito,3,0,non disponibile,non disponibile,non disponibile,
english driving school camp japan,en,1,google_en_jp,1,english driver japan,generico,False,False,0,indefinito,3,0,non disponibile,non disponibile,non disponibile,
english driving school japan,en,1,google_en_jp,1,english driver japan,generico,False,False,0,indefinito,3,0,non disponibile,non disponibile,non disponibile,
english driving test in japan,en,1,google_en_jp,1,english driver japan,generico,False,False,0,indefinito,3,0,non disponibile,non disponibile,non disponibile,
english driving test japan,en,1,google_en_jp,1,english driver japan,generico,False,False,0,indefinito,3,0,non disponibile,non disponibile,non disponibile,
english driving test questions japan,en,1,google_en_jp,1,english driver japan,generico,False,False,0,indefinito,3,0,non disponibile,non disponibile,non disponibile,
english jaf driving in japan,en,1,google_en_jp,1,english driver japan,generico,False,False,0,indefinito,3,0,non disponibile,non disponibile,non disponibile,
english japanese driving school,en,1,google_en_jp,1,english driver japan,generico,False,False,0,indefinito,3,0,non disponibile,non disponibile,non disponibile,
english language driving school tokyo,en,1,google_en_jp,1,english speaking driver tokyo,generico,False,False,0,indefinito,3,0,non disponibile,non disponibile,non disponibile,
english speaking driving school in japan,en,1,google_en_jp,1,english speaking driver japan,generico,False,False,0,indefinito,3,0,non disponibile,non disponibile,non disponibile,
english speaking driving school in tokyo,en,1,google_en_jp,1,english speaking driver tokyo,generico,False,False,0,indefinito,3,0,non disponibile,non disponibile,non disponibile,
english speaking driving school tokyo,en,1,google_en_jp,1,english speaking driver tokyo,generico,False,False,0,indefinito,3,0,non disponibile,non disponibile,non disponibile,
english speaking job in japan,en,1,bing_en-JP,1,english speaking driver japan,assunzione,False,False,0,autista,3,0,non disponibile,non disponibile,non disponibile,
english speaking jobs in japan for foreigners,en,1,bing_en-JP,1,english speaking driver japan,assunzione,False,False,0,autista,3,0,non disponibile,non disponibile,non disponibile,
english speaking jobs in tokyo,en,1,bing_en-JP,1,english speaking driver tokyo,assunzione,False,False,0,autista,3,0,non disponibile,non disponibile,non disponibile,
english speaking jobs japan,en,1,bing_en-JP,1,english driver japan,assunzione,False,False,0,autista,3,0,non disponibile,non disponibile,non disponibile,
english speaking part time jobs near tokyo,en,1,bing_en-JP,1,english speaking driver tokyo,assunzione,False,False,0,autista,3,0,non disponibile,non disponibile,non disponibile,
english speaking tour guide in tokyo,en,1,bing_en-JP,1,english speaking driver tokyo,informativo,False,False,0,turista,3,0,non disponibile,non disponibile,non disponibile,
english speaking truck drivers,en,1,bing_en-JP,1,english speaking driver japan,generico,False,False,0,indefinito,3,0,non disponibile,non disponibile,non disponibile,
english teaching companies in japan,en,1,google_en_jp,1,english driver japan,generico,False,False,0,indefinito,3,0,non disponibile,non disponibile,non disponibile,
english teaching jobs tokyo,en,1,bing_en-JP,1,english speaking driver tokyo,assunzione,False,False,0,autista,3,0,non disponibile,non disponibile,non disponibile,
english translation to japan,en,1,google_en_jp,1,english driver japan,generico,False,False,0,indefinito,3,0,non disponibile,non disponibile,non disponibile,
entry level bilingual jobs near me,en,1,google_en_jp,1,bilingual driver,assunzione,False,False,0,autista,3,0,non disponibile,non disponibile,non disponibile,
ex-xdriver,en,1,bing_en-JP,1,driver japan,generico,False,False,0,indefinito,3,0,non disponibile,non disponibile,non disponibile,
f1 driver died japan,en,1,google_en_jp,1,driver japan,generico,False,False,0,indefinito,3,0,non disponibile,non disponibile,non disponibile,
family chauffeur jobs london,en,1,bing_en-JP,1,chauffeur jobs tokyo english,assunzione,False,False,0,autista,3,0,non disponibile,non disponibile,non disponibile,
fujitsu japan driver download,en,1,bing_en-JP,1,driver japan,generico,False,False,0,indefinito,3,0,non disponibile,non disponibile,non disponibile,
g drivers ontario jobs,en,1,bing_en-JP,1,driver jobs japan,assunzione,False,False,0,autista,3,0,non disponibile,non disponibile,non disponibile,
g-gear driver,en,1,bing_en-JP,1,driver japan,generico,False,False,0,indefinito,3,0,non disponibile,non disponibile,non disponibile,
g-gear ドライバー,en,1,bing_en-JP,1,driver japan,generico,False,False,0,indefinito,3,0,non disponibile,non disponibile,non disponibile,
gg driver dang nhap,en,1,bing_en-JP,1,driver japan,generico,False,False,0,indefinito,3,0,non disponibile,non disponibile,non disponibile,
global luxury chauffeur services,en,1,bing_en-JP,1,chauffeur japan,acquisto_servizio,False,False,0,turista,3,0,non disponibile,non disponibile,non disponibile,
gtav-bilingual,en,1,bing_en-JP,1,bilingual driver,generico,False,False,0,indefinito,3,0,non disponibile,non disponibile,non disponibile,
hgv driver hire agency,en,1,bing_en-JP,1,hire driver japan,acquisto_servizio,False,False,0,operatore,3,0,non disponibile,non disponibile,non disponibile,
hgv driver hire near me,en,1,bing_en-JP,1,hire driver japan,acquisto_servizio,False,False,0,indefinito,3,0,non disponibile,non disponibile,non disponibile,
hgv drivers for hire,en,1,bing_en-JP,1,hire driver japan,acquisto_servizio,False,False,0,indefinito,3,0,non disponibile,non disponibile,non disponibile,
high paying bilingual jobs,en,1,google_en_jp,1,bilingual driver,assunzione,False,False,0,autista,3,0,non disponibile,non disponibile,non disponibile,
hire a driver uk,en,1,bing_en-JP,1,hire driver japan,acquisto_servizio,False,False,0,turista,3,0,non disponibile,non disponibile,non disponibile,
hire a hgv and driver,en,1,bing_en-JP,1,hire driver japan,acquisto_servizio,False,False,0,turista,3,0,non disponibile,non disponibile,non disponibile,
hire a personal driver,en,1,bing_en-JP,1,hire driver japan,acquisto_servizio,False,False,0,turista,3,0,non disponibile,non disponibile,non disponibile,
hire car in japan,en,1,bing_en-JP,1,hire driver japan,acquisto_servizio,False,False,0,indefinito,3,0,non disponibile,non disponibile,non disponibile,
hire driver for my car,en,1,bing_en-JP,1,hire driver japan,acquisto_servizio,False,False,0,indefinito,3,0,non disponibile,non disponibile,non disponibile,
hire driver in delhi,en,1,bing_en-JP,1,hire driver japan,acquisto_servizio,False,False,0,indefinito,3,0,non disponibile,non disponibile,non disponibile,
hire driver in jaipur,en,1,bing_en-JP,1,hire driver japan,acquisto_servizio,False,False,0,indefinito,3,0,non disponibile,non disponibile,non disponibile,
hire driver to tour,en,1,bing_en-JP,1,hire driver japan,acquisto_servizio,False,False,0,turista,3,0,non disponibile,non disponibile,non disponibile,
hire driver to transport,en,1,bing_en-JP,1,hire driver japan,acquisto_servizio,False,False,0,indefinito,3,0,non disponibile,non disponibile,non disponibile,
hire driver to transport equipment,en,1,bing_en-JP,1,hire driver japan,acquisto_servizio,False,False,0,indefinito,3,0,non disponibile,non disponibile,non disponibile,
hire meaning japanese,en,1,google_en_jp,1,hire driver japan,acquisto_servizio,False,False,0,indefinito,3,0,non disponibile,non disponibile,non disponibile,
hire personal driver in kl,en,1,bing_en-JP,1,hire driver japan,acquisto_servizio,False,False,0,indefinito,3,0,non disponibile,non disponibile,non disponibile,
hiring a car in japan,en,1,bing_en-JP,1,hire driver japan,assunzione,False,False,0,autista,3,0,non disponibile,non disponibile,non disponibile,
hiring bilingual near me,en,1,google_en_jp,1,bilingual driver,assunzione,False,False,0,autista,3,0,non disponibile,non disponibile,non disponibile,
hiring job in japan,en,1,bing_en-JP,1,hire driver japan,assunzione,False,False,0,autista,3,0,non disponibile,non disponibile,non disponibile,
hiring job in japan factory,en,1,google_en_jp,1,driver japan,assunzione,False,False,0,autista,3,0,non disponibile,non disponibile,non disponibile,
how fast can you drive in japan,en,1,google_en_jp,1,chauffeur japan,informativo,False,False,0,indefinito,3,0,non disponibile,non disponibile,non disponibile,
how fast can you drive in tokyo,en,1,google_en_jp,1,chauffeur tokyo,informativo,False,False,0,indefinito,3,0,non disponibile,non disponibile,non disponibile,
how much does it cost to hire a translator in japan,en,1,google_en_jp,1,hire driver japan,acquisto_servizio,False,False,0,turista,3,0,non disponibile,non disponibile,non disponibile,
how much does it cost to rent a car in tokyo,en,1,google_en_jp,1,chauffeur tokyo,acquisto_servizio,False,False,0,turista,3,0,non disponibile,non disponibile,non disponibile,
how much is a ticket to japan tokyo,en,1,google_en_jp,1,chauffeur japan,informativo,False,False,0,indefinito,3,0,non disponibile,non disponibile,non disponibile,
how much is bilingual pay,en,1,bing_en-JP,1,bilingual driver,informativo,False,False,0,indefinito,3,0,non disponibile,non disponibile,non disponibile,
how much to rent a car in japan,en,1,google_en_jp,1,hire driver japan,acquisto_servizio,False,False,0,turista,3,0,non disponibile,non disponibile,non disponibile,
how to drive in japan with uk license,en,1,google_en_jp,1,english driver japan,informativo,False,False,0,indefinito,3,0,non disponibile,non disponibile,non disponibile,
how to hire a car in japan,en,1,bing_en-JP,1,hire driver japan,acquisto_servizio,False,False,0,turista,3,0,non disponibile,non disponibile,non disponibile,
how to hire a driver,en,1,bing_en-JP,1,hire driver japan,acquisto_servizio,False,False,0,turista,3,0,non disponibile,non disponibile,non disponibile,
http://e-iserv.jp/top/driverecorder/drv,en,1,bing_en-JP,1,driver japan,generico,False,False,0,indefinito,3,0,non disponibile,non disponibile,non disponibile,
https://www.e-iserv.jp/top/driverecorder,en,1,bing_en-JP,1,driver japan,generico,False,False,0,indefinito,3,0,non disponibile,non disponibile,non disponibile,
https://www.e-iserv.jp/top/driverecorder/dr,en,1,bing_en-JP,1,driver japan,generico,False,False,0,indefinito,3,0,non disponibile,non disponibile,non disponibile,
https://www.e-iserv.jp/top/driverecorder/drv,en,1,bing_en-JP,1,driver japan,generico,False,False,0,indefinito,3,0,non disponibile,non disponibile,non disponibile,
i/o driver,en,1,bing_en-JP,1,driver japan,generico,False,False,0,indefinito,3,0,non disponibile,non disponibile,non disponibile,
ik zoek een chauffeur,en,1,bing_en-JP,1,chauffeur japan,generico,False,False,0,indefinito,3,0,non disponibile,non disponibile,non disponibile,
immigration services agency of japan english,en,1,bing_en-JP,1,english speaking driver japan,acquisto_servizio,False,False,0,operatore,3,0,non disponibile,non disponibile,non disponibile,
indeed emploi chauffeur pl,en,1,bing_en-JP,1,chauffeur tokyo,generico,False,False,0,indefinito,3,0,non disponibile,non disponibile,non disponibile,
indeed japan english jobs,en,1,bing_en-JP,1,english driver japan,assunzione,False,False,0,autista,3,0,non disponibile,non disponibile,non disponibile,
international driver license for japan,en,1,bing_en-JP,1,professional driver japan,generico,False,False,0,indefinito,3,0,non disponibile,non disponibile,non disponibile,
international driver permit japan,en,1,bing_en-JP,1,hire driver japan,generico,False,False,0,indefinito,3,0,non disponibile,non disponibile,non disponibile,
international driving license jpj,en,1,bing_en-JP,1,english speaking driver japan,generico,False,False,0,indefinito,3,0,non disponibile,non disponibile,non disponibile,
is chauffeur a good job,en,1,google_en_jp,1,chauffeur tokyo,assunzione,False,False,0,autista,3,0,non disponibile,non disponibile,non disponibile,
is it rude to speak english in japan,en,1,google_en_jp,1,english speaking driver japan,generico,False,False,0,indefinito,3,0,non disponibile,non disponibile,non disponibile,
is there uber in tokyo,en,1,google_en_jp,1,chauffeur tokyo,generico,False,False,0,indefinito,3,0,non disponibile,non disponibile,non disponibile,
japan drive-it,en,1,bing_en-JP,1,driver japan,generico,False,False,0,indefinito,3,0,non disponibile,non disponibile,non disponibile,
japan driver license,en,1,bing_en-JP,1,driver japan,generico,False,False,0,indefinito,3,0,non disponibile,non disponibile,non disponibile,
japan driver license international,en,1,google_en_jp,1,chauffeur japan,generico,False,False,0,indefinito,3,0,non disponibile,non disponibile,non disponibile,
japan driver's license can drive in philippines,en,1,google_en_jp,1,driver japan,generico,False,False,0,indefinito,3,0,non disponibile,non disponibile,non disponibile,
japan driver's license for foreigners,en,1,google_en_jp,1,chauffeur japan,generico,False,False,0,indefinito,3,0,non disponibile,non disponibile,non disponibile,
japan driver's license test questions,en,1,google_en_jp,1,driver japan,generico,False,False,0,indefinito,3,0,non disponibile,non disponibile,non disponibile,
japan drivers license conversion,en,1,bing_en-JP,1,driver japan,generico,False,False,0,indefinito,3,0,non disponibile,non disponibile,non disponibile,
japan driving age limit,en,1,google_en_jp,1,driver japan,generico,False,False,0,indefinito,3,0,non disponibile,non disponibile,non disponibile,
japan driving alcohol,en,1,google_en_jp,1,driver japan,generico,False,False,0,indefinito,3,0,non disponibile,non disponibile,non disponibile,
japan driving alcohol limit,en,1,google_en_jp,1,driver japan,generico,False,False,0,indefinito,3,0,non disponibile,non disponibile,non disponibile,
japan driving app,en,1,google_en_jp,1,driver japan,generico,False,False,0,indefinito,3,0,non disponibile,non disponibile,non disponibile,
japan driving aptitude test,en,1,google_en_jp,1,driver japan,generico,False,False,0,indefinito,3,0,non disponibile,non disponibile,non disponibile,
japan driving australian license,en,1,google_en_jp,1,driver japan,generico,False,False,0,indefinito,3,0,non disponibile,non disponibile,non disponibile,
japan driving bac,en,1,google_en_jp,1,driver japan,generico,False,False,0,indefinito,3,0,non disponibile,non disponibile,non disponibile,
japan driving basics,en,1,google_en_jp,1,driver japan,generico,False,False,0,indefinito,3,0,non disponibile,non disponibile,non disponibile,
japan driving beginner sticker,en,1,google_en_jp,1,driver japan,generico,False,False,0,indefinito,3,0,non disponibile,non disponibile,non disponibile,
japan driving blood alcohol limit,en,1,google_en_jp,1,driver japan,generico,False,False,0,indefinito,3,0,non disponibile,non disponibile,non disponibile,
japan driving book,en,1,google_en_jp,1,driver japan,acquisto_servizio,False,False,0,indefinito,3,0,non disponibile,non disponibile,non disponibile,
japan driving book english,en,1,google_en_jp,1,driver japan,acquisto_servizio,False,False,0,indefinito,3,0,non disponibile,non disponibile,non disponibile,
japan driving book pdf,en,1,google_en_jp,1,driver japan,acquisto_servizio,False,False,0,indefinito,3,0,non disponibile,non disponibile,non disponibile,
japan driving direction,en,1,google_en_jp,1,driver japan,generico,False,False,0,indefinito,3,0,non disponibile,non disponibile,non disponibile,
japan driving etiquette,en,1,google_en_jp,1,driver japan,generico,False,False,0,indefinito,3,0,non disponibile,non disponibile,non disponibile,
japan driving exam,en,1,google_en_jp,1,driver japan,generico,False,False,0,indefinito,3,0,non disponibile,non disponibile,non disponibile,
japan driving exam paper,en,1,google_en_jp,1,driver japan,generico,False,False,0,indefinito,3,0,non disponibile,non disponibile,non disponibile,
japan driving exam questions,en,1,google_en_jp,1,driver japan,generico,False,False,0,indefinito,3,0,non disponibile,non disponibile,non disponibile,
japan driving for foreigners,en,1,google_en_jp,1,driver japan,generico,False,False,0,indefinito,3,0,non disponibile,non disponibile,non disponibile,
japan driving for tourist,en,1,google_en_jp,1,driver japan,generico,False,False,0,turista,3,0,non disponibile,non disponibile,non disponibile,
japan driving game steam,en,1,google_en_jp,1,driver japan,generico,False,False,0,indefinito,3,0,non disponibile,non disponibile,non disponibile,
japan driving give way rules,en,1,google_en_jp,1,driver japan,generico,False,False,0,indefinito,3,0,non disponibile,non disponibile,non disponibile,
japan driving guide,en,1,google_en_jp,1,driver japan,informativo,False,False,0,indefinito,3,0,non disponibile,non disponibile,non disponibile,
japan driving guide pdf,en,1,google_en_jp,1,driver japan,informativo,False,False,0,indefinito,3,0,non disponibile,non disponibile,non disponibile,
japan driving hand,en,1,google_en_jp,1,driver japan,generico,False,False,0,indefinito,3,0,non disponibile,non disponibile,non disponibile,
japan driving hand signals,en,1,google_en_jp,1,driver japan,generico,False,False,0,indefinito,3,0,non disponibile,non disponibile,non disponibile,
japan driving history certificate,en,1,google_en_jp,1,driver japan,generico,False,False,0,indefinito,3,0,non disponibile,non disponibile,non disponibile,
japan driving holiday itinerary,en,1,google_en_jp,1,driver japan,generico,False,False,0,indefinito,3,0,non disponibile,non disponibile,non disponibile,
japan driving job salary,en,1,google_en_jp,1,driver japan,assunzione,False,False,0,autista,3,0,non disponibile,non disponibile,non disponibile,
japan driving job salary per month,en,1,google_en_jp,1,driver japan,assunzione,False,False,0,autista,3,0,non disponibile,non disponibile,non disponibile,
japan driving job visa,en,1,google_en_jp,1,driver japan,assunzione,False,False,0,autista,3,0,non disponibile,non disponibile,non disponibile,
japan driving knowledge test,en,1,google_en_jp,1,driver japan,generico,False,False,0,indefinito,3,0,non disponibile,non disponibile,non disponibile,
japan driving manual english,en,1,google_en_jp,1,driver japan,generico,False,False,0,indefinito,3,0,non disponibile,non disponibile,non disponibile,
japan driving map,en,1,google_en_jp,1,driver japan,generico,False,False,0,indefinito,3,0,non disponibile,non disponibile,non disponibile,
japan driving mario kart,en,1,google_en_jp,1,driver japan,generico,False,False,0,indefinito,3,0,non disponibile,non disponibile,non disponibile,
japan driving navigation app,en,1,google_en_jp,1,driver japan,generico,False,False,0,indefinito,3,0,non disponibile,non disponibile,non disponibile,
japan driving need international license,en,1,google_en_jp,1,driver japan,generico,False,False,0,indefinito,3,0,non disponibile,non disponibile,non disponibile,
japan driving on left side,en,1,google_en_jp,1,driver japan,generico,False,False,0,indefinito,3,0,non disponibile,non disponibile,non disponibile,
japan driving on the left,en,1,google_en_jp,1,driver japan,generico,False,False,0,indefinito,3,0,non disponibile,non disponibile,non disponibile,
japan driving on the right,en,1,google_en_jp,1,driver japan,generico,False,False,0,indefinito,3,0,non disponibile,non disponibile,non disponibile,
japan driving over speed limit,en,1,google_en_jp,1,driver japan,generico,False,False,0,indefinito,3,0,non disponibile,non disponibile,non disponibile,
japan driving paper test,en,1,google_en_jp,1,driver japan,generico,False,False,0,indefinito,3,0,non disponibile,non disponibile,non disponibile,
japan driving permit,en,1,google_en_jp,1,driver japan,generico,False,False,0,indefinito,3,0,non disponibile,non disponibile,non disponibile,
japan driving permit international,en,1,google_en_jp,1,driver japan,generico,False,False,0,indefinito,3,0,non disponibile,non disponibile,non disponibile,
japan driving permit uk,en,1,google_en_jp,1,driver japan,generico,False,False,0,indefinito,3,0,non disponibile,non disponibile,non disponibile,
japan driving position,en,1,google_en_jp,1,driver japan,generico,False,False,0,indefinito,3,0,non disponibile,non disponibile,non disponibile,
japan driving practice test,en,1,google_en_jp,1,driver japan,generico,False,False,0,indefinito,3,0,non disponibile,non disponibile,non disponibile,
japan driving questions,en,1,google_en_jp,1,driver japan,generico,False,False,0,indefinito,3,0,non disponibile,non disponibile,non disponibile,
japan driving quiz,en,1,google_en_jp,1,driver japan,generico,False,False,0,indefinito,3,0,non disponibile,non disponibile,non disponibile,
japan driving rules for foreigners,en,1,google_en_jp,1,driver japan,generico,False,False,0,indefinito,3,0,non disponibile,non disponibile,non disponibile,
japan driving test questions and answers,en,1,google_en_jp,1,driver japan,generico,False,False,0,indefinito,3,0,non disponibile,non disponibile,non disponibile,
japan driving u turn,en,1,google_en_jp,1,driver japan,generico,False,False,0,indefinito,3,0,non disponibile,non disponibile,non disponibile,
japan driving uk,en,1,google_en_jp,1,driver japan,generico,False,False,0,indefinito,3,0,non disponibile,non disponibile,non disponibile,
japan driving uk license,en,1,google_en_jp,1,driver japan,generico,False,False,0,indefinito,3,0,non disponibile,non disponibile,non disponibile,
japan driving video,en,1,google_en_jp,1,driver japan,generico,False,False,0,indefinito,3,0,non disponibile,non disponibile,non disponibile,
japan driving violation,en,1,google_en_jp,1,driver japan,generico,False,False,0,indefinito,3,0,non disponibile,non disponibile,non disponibile,
japan driving visa,en,1,google_en_jp,1,driver japan,generico,False,False,0,indefinito,3,0,non disponibile,non disponibile,non disponibile,
japan driving vocabulary,en,1,google_en_jp,1,driver japan,generico,False,False,0,indefinito,3,0,non disponibile,non disponibile,non disponibile,
japan driving vs singapore,en,1,google_en_jp,1,driver japan,generico,False,False,0,indefinito,3,0,non disponibile,non disponibile,non disponibile,
japan driving vs us,en,1,google_en_jp,1,driver japan,generico,False,False,0,indefinito,3,0,non disponibile,non disponibile,non disponibile,
japan driving wheel side,en,1,google_en_jp,1,driver japan,generico,False,False,0,indefinito,3,0,non disponibile,non disponibile,non disponibile,
japan driving which side of road,en,1,google_en_jp,1,driver japan,generico,False,False,0,indefinito,3,0,non disponibile,non disponibile,non disponibile,
japan driving with us license,en,1,google_en_jp,1,driver japan,generico,False,False,0,indefinito,3,0,non disponibile,non disponibile,non disponibile,
japan driving work visa,en,1,google_en_jp,1,driver japan,generico,False,False,0,indefinito,3,0,non disponibile,non disponibile,non disponibile,
japan driving written test,en,1,google_en_jp,1,driver japan,generico,False,False,0,indefinito,3,0,non disponibile,non disponibile,non disponibile,
japan driving written test practice,en,1,google_en_jp,1,driver japan,generico,False,False,0,indefinito,3,0,non disponibile,non disponibile,non disponibile,
japan driving written test questions,en,1,google_en_jp,1,driver japan,generico,False,False,0,indefinito,3,0,non disponibile,non disponibile,non disponibile,
japan driving yellow line,en,1,google_en_jp,1,driver japan,generico,False,False,0,indefinito,3,0,non disponibile,non disponibile,non disponibile,
japan f1 star drivers,en,1,bing_en-JP,1,driver japan,generico,False,False,0,indefinito,3,0,non disponibile,non disponibile,non disponibile,
japan+d,en,1,bing_en-JP,1,driver japan,generico,False,False,0,indefinito,3,0,non disponibile,non disponibile,non disponibile,
japanese automotive jobs in the usa,en,1,bing_en-JP,1,driver jobs japan,assunzione,False,False,0,autista,3,0,non disponibile,non disponibile,non disponibile,
japanese automotive professional service,en,1,bing_en-JP,1,professional driver japan,acquisto_servizio,False,False,0,turista,3,0,non disponibile,non disponibile,non disponibile,
japanese bilingual financial manager jobs us,en,1,bing_en-JP,1,bilingual driver jobs japan,assunzione,False,False,0,autista,3,0,non disponibile,non disponibile,non disponibile,
japanese bilingual hiring work from home,en,1,bing_en-JP,1,bilingual driver jobs japan,assunzione,False,False,0,autista,3,0,non disponibile,non disponibile,non disponibile,
japanese bilingual job engineer,en,1,bing_en-JP,1,bilingual driver jobs japan,assunzione,False,False,0,autista,3,0,non disponibile,non disponibile,non disponibile,
japanese bilingual job near me,en,1,bing_en-JP,1,bilingual driver jobs japan,assunzione,False,False,0,autista,3,0,non disponibile,non disponibile,non disponibile,
japanese bilingual jobs chicago,en,1,bing_en-JP,1,bilingual driver jobs japan,assunzione,False,False,0,autista,3,0,non disponibile,non disponibile,non disponibile,
japanese bilingual jobs in usa,en,1,bing_en-JP,1,bilingual driver jobs japan,assunzione,False,False,0,autista,3,0,non disponibile,non disponibile,non disponibile,
japanese bilingual jobs manila,en,1,bing_en-JP,1,bilingual driver jobs japan,assunzione,False,False,0,autista,3,0,non disponibile,non disponibile,non disponibile,
japanese bilingual jobs near los angeles,en,1,bing_en-JP,1,bilingual driver jobs japan,assunzione,False,False,0,autista,3,0,non disponibile,non disponibile,non disponibile,
japanese bilingual jobs nyc,en,1,bing_en-JP,1,bilingual driver jobs japan,assunzione,False,False,0,autista,3,0,non disponibile,non disponibile,non disponibile,
japanese bilingual jobs philippines,en,1,bing_en-JP,1,bilingual driver jobs japan,assunzione,False,False,0,autista,3,0,non disponibile,non disponibile,non disponibile,
japanese bilingual jobs remote,en,1,bing_en-JP,1,bilingual driver jobs japan,assunzione,False,False,0,autista,3,0,non disponibile,non disponibile,non disponibile,
japanese bilingual jobs since yesterday,en,1,bing_en-JP,1,bilingual driver jobs japan,assunzione,False,False,0,autista,3,0,non disponibile,non disponibile,non disponibile,
japanese bilingual remote job,en,1,bing_en-JP,1,bilingual driver jobs japan,assunzione,False,False,0,autista,3,0,non disponibile,non disponibile,non disponibile,
japanese bilingual tech jobs,en,1,bing_en-JP,1,bilingual driver jobs japan,assunzione,False,False,0,autista,3,0,non disponibile,non disponibile,non disponibile,
japanese car driving,en,1,google_en_jp,1,driver japan,generico,False,False,0,indefinito,3,0,non disponibile,non disponibile,non disponibile,
japanese driver golf club,en,1,google_en_jp,1,driver japan,generico,False,False,0,indefinito,3,0,non disponibile,non disponibile,non disponibile,
japanese driving license translation service,en,1,bing_en-JP,1,english speaking driver japan,acquisto_servizio,False,False,0,turista,3,0,non disponibile,non disponibile,non disponibile,
japanese driving school for foreigners,en,1,bing_en-JP,1,english driver japan,generico,False,False,0,indefinito,3,0,non disponibile,non disponibile,non disponibile,
japanese english bilingual jobs,en,1,bing_en-JP,1,bilingual driver jobs japan,assunzione,False,False,0,autista,3,0,non disponibile,non disponibile,non disponibile,
japanese english bilingual jobs remote,en,1,bing_en-JP,1,bilingual driver jobs japan,assunzione,False,False,0,autista,3,0,non disponibile,non disponibile,non disponibile,
japanese jobs for english speakers,en,1,bing_en-JP,1,english speaking driver japan,assunzione,False,False,0,autista,3,0,non disponibile,non disponibile,non disponibile,
japanese speaking jobs in europe,en,1,bing_en-JP,1,english speaking driver japan,assunzione,False,False,0,autista,3,0,non disponibile,non disponibile,non disponibile,
jde driver hire ltd,en,1,bing_en-JP,1,hire driver japan,acquisto_servizio,False,False,0,indefinito,3,0,non disponibile,non disponibile,non disponibile,
job description of driver helper,en,1,google_en_jp,1,driver jobs japan,assunzione,False,False,0,autista,3,0,non disponibile,non disponibile,non disponibile,
job driver vacancy in hyderabad,en,1,bing_en-JP,1,driver jobs japan,assunzione,False,False,0,autista,3,0,non disponibile,non disponibile,non disponibile,
job opportunities in tokyo,en,1,bing_en-JP,1,driver jobs tokyo,assunzione,False,False,0,autista,3,0,non disponibile,non disponibile,non disponibile,
jobs at driver hire,en,1,bing_en-JP,1,hire driver japan,assunzione,False,False,0,autista,3,0,non disponibile,non disponibile,non disponibile,
jobs for bilingual spanish english,en,1,bing_en-JP,1,bilingual driver,assunzione,False,False,0,autista,3,0,non disponibile,non disponibile,non disponibile,
jobs for people who are bilingual,en,1,bing_en-JP,1,bilingual driver,assunzione,False,False,0,autista,3,0,non disponibile,non disponibile,non disponibile,
jobs hiring near me bilingual,en,1,bing_en-JP,1,bilingual driver,assunzione,False,False,0,autista,3,0,non disponibile,non disponibile,non disponibile,
jobs in japan english speaking,en,1,bing_en-JP,1,english speaking driver japan,assunzione,False,False,0,autista,3,0,non disponibile,non disponibile,non disponibile,
jobs in japan for foreigners english speakers,en,1,bing_en-JP,1,english speaking driver japan,assunzione,False,False,0,autista,3,0,non disponibile,non disponibile,non disponibile,
jobs japanese bilingual nyc,en,1,bing_en-JP,1,bilingual driver jobs japan,assunzione,False,False,0,autista,3,0,non disponibile,non disponibile,non disponibile,
jobs looking for employees who are bilingual,en,1,bing_en-JP,1,bilingual driver,assunzione,False,False,0,autista,3,0,non disponibile,non disponibile,non disponibile,
jobs that need bilingual workers,en,1,bing_en-JP,1,bilingual driver,assunzione,False,False,0,autista,3,0,non disponibile,non disponibile,non disponibile,
jobs that require bilingual skills,en,1,bing_en-JP,1,bilingual driver,assunzione,False,False,0,autista,3,0,non disponibile,non disponibile,non disponibile,
jp notre chauffeur c'est le meilleur,en,1,bing_en-JP,1,chauffeur japan,generico,False,False,0,indefinito,3,0,non disponibile,non disponibile,non disponibile,
jpj international driving license,en,1,bing_en-JP,1,professional driver japan,generico,False,False,0,indefinito,3,0,non disponibile,non disponibile,non disponibile,
jsr driver hire ltd,en,1,bing_en-JP,1,hire driver japan,acquisto_servizio,False,False,0,indefinito,3,0,non disponibile,non disponibile,non disponibile,
k car from japan,en,1,bing_en-JP,1,driver japan,generico,False,False,0,indefinito,3,0,non disponibile,non disponibile,non disponibile,
k-driver 다운로드,en,1,bing_en-JP,1,driver japan,generico,False,False,0,indefinito,3,0,non disponibile,non disponibile,non disponibile,
la liste des chauffeurs,en,1,bing_en-JP,1,chauffeur japan,generico,False,False,0,indefinito,3,0,non disponibile,non disponibile,non disponibile,
latest driver jobs in kenya posted today,en,1,bing_en-JP,1,driver jobs japan,assunzione,False,False,0,autista,3,0,non disponibile,non disponibile,non disponibile,
le chauffeur est parti,en,1,bing_en-JP,1,chauffeur japan,generico,False,False,0,indefinito,3,0,non disponibile,non disponibile,non disponibile,
led driver in chinese,en,1,bing_en-JP,1,professional driver japan,generico,False,False,0,indefinito,3,0,non disponibile,non disponibile,non disponibile,
les transports à tokyo,en,1,bing_en-JP,1,chauffeur tokyo,generico,False,False,0,indefinito,3,0,non disponibile,non disponibile,non disponibile,
local dz driver jobs,en,1,bing_en-JP,1,driver jobs japan,assunzione,False,False,0,autista,3,0,non disponibile,non disponibile,non disponibile,
london japanese speaking job,en,1,bing_en-JP,1,english speaking driver tokyo,assunzione,False,False,0,autista,3,0,non disponibile,non disponibile,non disponibile,
long distance chauffeur jobs,en,1,google_en_jp,1,chauffeur tokyo,assunzione,False,False,0,autista,3,0,non disponibile,non disponibile,non disponibile,
m-driver,en,1,bing_en-JP,1,driver japan,generico,False,False,0,indefinito,3,0,non disponibile,non disponibile,non disponibile,
m-japan,en,1,bing_en-JP,1,driver japan,generico,False,False,0,indefinito,3,0,non disponibile,non disponibile,non disponibile,
mbaez bilingual driving school,en,1,bing_en-JP,1,bilingual driver,generico,False,False,0,indefinito,3,0,non disponibile,non disponibile,non disponibile,
name of chauffeur service,en,1,bing_en-JP,1,chauffeur japan,acquisto_servizio,False,False,0,turista,3,0,non disponibile,non disponibile,non disponibile,
night shift jobs in tokyo,en,1,google_en_jp,1,driver jobs tokyo,assunzione,False,False,0,autista,3,0,non disponibile,non disponibile,non disponibile,
nippon car hire japan,en,1,bing_en-JP,1,hire driver japan,acquisto_servizio,False,False,0,indefinito,3,0,non disponibile,non disponibile,non disponibile,
nissan car hire japan,en,1,bing_en-JP,1,hire driver japan,acquisto_servizio,False,False,0,indefinito,3,0,non disponibile,non disponibile,non disponibile,
nyc chauffeur jobs,en,1,google_en_jp,1,chauffeur tokyo,assunzione,False,False,0,autista,3,0,non disponibile,non disponibile,non disponibile,
online jobs in japan for english speakers,en,1,bing_en-JP,1,english speaking driver japan,assunzione,False,False,0,autista,3,0,non disponibile,non disponibile,non disponibile,
organisation offering driver jobs in kenya,en,1,bing_en-JP,1,driver jobs japan,assunzione,False,False,0,autista,3,0,non disponibile,non disponibile,non disponibile,
part-time jobs in tokyo for english speakers,en,1,bing_en-JP,1,english speaking driver tokyo,assunzione,False,False,0,autista,3,0,non disponibile,non disponibile,non disponibile,
personal driver jobs singapore,en,1,bing_en-JP,1,driver jobs japan,assunzione,False,False,0,autista,3,0,non disponibile,non disponibile,non disponibile,
premium chauffeurs oy ltd,en,1,bing_en-JP,1,chauffeur japan,generico,False,False,0,indefinito,3,0,non disponibile,non disponibile,non disponibile,
private hire in japan,en,1,bing_en-JP,1,hire driver japan,acquisto_servizio,False,False,0,turista,3,0,non disponibile,non disponibile,non disponibile,
prix des taxis à tokyo,en,1,bing_en-JP,1,chauffeur tokyo,generico,False,False,0,indefinito,3,0,non disponibile,non disponibile,non disponibile,
professional driver group 1,en,1,bing_en-JP,1,professional driver japan,generico,False,False,0,indefinito,3,0,non disponibile,non disponibile,non disponibile,
professional drivers for hire,en,1,bing_en-JP,1,hire driver japan,acquisto_servizio,False,False,0,indefinito,3,0,non disponibile,non disponibile,non disponibile,
professional jobs in japan,en,1,bing_en-JP,1,professional driver japan,assunzione,False,False,0,autista,3,0,non disponibile,non disponibile,non disponibile,
quelle compagnie pour aller à tokyo,en,1,bing_en-JP,1,chauffeur tokyo,generico,False,False,0,indefinito,3,0,non disponibile,non disponibile,non disponibile,
r-japan,en,1,bing_en-JP,1,driver japan,generico,False,False,0,indefinito,3,0,non disponibile,non disponibile,non disponibile,
r.id drivers,en,1,bing_en-JP,1,driver japan,generico,False,False,0,indefinito,3,0,non disponibile,non disponibile,non disponibile,
remote japanese bilingual jobs,en,1,bing_en-JP,1,bilingual driver jobs japan,assunzione,False,False,0,autista,3,0,non disponibile,non disponibile,non disponibile,
shift driver jobs,en,1,google_en_jp,1,driver jobs japan,assunzione,False,False,0,autista,3,0,non disponibile,non disponibile,non disponibile,
singapore personal driver job,en,1,bing_en-JP,1,driver jobs japan,assunzione,False,False,0,autista,3,0,non disponibile,non disponibile,non disponibile,
spanish bilingual hiring philippines,en,1,bing_en-JP,1,bilingual driver,assunzione,False,False,0,autista,3,0,non disponibile,non disponibile,non disponibile,
t-driver,en,1,bing_en-JP,1,driver japan,generico,False,False,0,indefinito,3,0,non disponibile,non disponibile,non disponibile,
table basse chauffante japonaise,en,1,bing_en-JP,1,chauffeur japan,generico,False,False,0,indefinito,3,0,non disponibile,non disponibile,non disponibile,
the japan driving experience,en,1,bing_en-JP,1,english speaking driver japan,generico,False,False,0,indefinito,3,0,non disponibile,non disponibile,non disponibile,
the-g ドライバー,en,1,bing_en-JP,1,driver japan,generico,False,False,0,indefinito,3,0,non disponibile,non disponibile,non disponibile,
tokio vs tokyo,en,1,google_en_jp,1,chauffeur tokyo,generico,False,False,0,indefinito,3,0,non disponibile,non disponibile,non disponibile,
tokyo drive anime,en,1,google_en_jp,1,chauffeur tokyo,generico,False,False,0,indefinito,3,0,non disponibile,non disponibile,non disponibile,
tokyo driver license translation,en,1,google_en_jp,1,chauffeur tokyo,generico,False,False,0,indefinito,3,0,non disponibile,non disponibile,non disponibile,
tokyo driver's license,en,1,google_en_jp,1,chauffeur tokyo,generico,False,False,0,indefinito,3,0,non disponibile,non disponibile,non disponibile,
tokyo driver's license center,en,1,google_en_jp,1,chauffeur tokyo,generico,False,False,0,indefinito,3,0,non disponibile,non disponibile,non disponibile,
tokyo driver's license conversion,en,1,google_en_jp,1,chauffeur tokyo,generico,False,False,0,indefinito,3,0,non disponibile,non disponibile,non disponibile,
tokyo english teaching jobs,en,1,google_en_jp,1,english speaking driver tokyo,assunzione,False,False,0,autista,3,0,non disponibile,non disponibile,non disponibile,
tokyo-v,en,1,bing_en-JP,1,chauffeur tokyo,generico,False,False,0,indefinito,3,0,non disponibile,non disponibile,non disponibile,
top 10 chauffeur company in london,en,1,bing_en-JP,1,chauffeur jobs tokyo english,generico,False,False,0,indefinito,3,0,non disponibile,non disponibile,non disponibile,
toyota driving school tokyo,en,1,bing_en-JP,1,driver jobs tokyo,generico,False,False,0,indefinito,3,0,non disponibile,non disponibile,non disponibile,
trader job vacancies in tokyo,en,1,bing_en-JP,1,driver jobs tokyo,assunzione,False,False,0,autista,3,0,non disponibile,non disponibile,non disponibile,
traduire chauffeur en anglais,en,1,bing_en-JP,1,chauffeur japan,generico,False,False,0,indefinito,3,0,non disponibile,non disponibile,non disponibile,
travel agencies in tokyo,en,1,bing_en-JP,1,driver jobs tokyo,generico,False,False,0,indefinito,3,0,non disponibile,non disponibile,non disponibile,
truck driving jobs in tokyo,en,1,google_en_jp,1,driver jobs tokyo,assunzione,False,False,0,autista,3,0,non disponibile,non disponibile,non disponibile,
type of license in japan,en,1,google_en_jp,1,chauffeur japan,generico,False,False,0,indefinito,3,0,non disponibile,non disponibile,non disponibile,
uk london chauffeur reviews,en,1,bing_en-JP,1,chauffeur jobs tokyo english,generico,False,False,0,indefinito,3,0,non disponibile,non disponibile,non disponibile,
un chauffeur en anglais,en,1,bing_en-JP,1,chauffeur japan,generico,False,False,0,indefinito,3,0,non disponibile,non disponibile,non disponibile,
usa driver job openings,en,1,bing_en-JP,1,driver jobs japan,assunzione,False,False,0,autista,3,0,non disponibile,non disponibile,non disponibile,
usa driver job opportunities,en,1,bing_en-JP,1,driver jobs japan,assunzione,False,False,0,autista,3,0,non disponibile,non disponibile,non disponibile,
v class chauffeur hire london,en,1,bing_en-JP,1,chauffeur jobs tokyo english,acquisto_servizio,False,False,0,indefinito,3,0,non disponibile,non disponibile,non disponibile,
v class driver jobs,en,1,google_en_jp,1,driver jobs japan,assunzione,False,False,0,autista,3,0,non disponibile,non disponibile,non disponibile,
v-driver,en,1,bing_en-JP,1,driver japan,generico,False,False,0,indefinito,3,0,non disponibile,non disponibile,non disponibile,
vacancy for driver job,en,1,bing_en-JP,1,driver jobs japan,assunzione,False,False,0,autista,3,0,non disponibile,non disponibile,non disponibile,
van hire in japan,en,1,bing_en-JP,1,hire driver japan,acquisto_servizio,False,False,0,indefinito,3,0,non disponibile,non disponibile,non disponibile,
vehicle price in japan,en,1,bing_en-JP,1,driver japan,acquisto_servizio,False,False,0,indefinito,3,0,non disponibile,non disponibile,non disponibile,
was ist ein chauffeur,en,1,bing_en-JP,1,chauffeur japan,generico,False,False,0,indefinito,3,0,non disponibile,non disponibile,non disponibile,
wat is een chauffeur id,en,1,bing_en-JP,1,chauffeur japan,generico,False,False,0,indefinito,3,0,non disponibile,non disponibile,non disponibile,
what are the best jobs for foreigners in japan,en,1,google_en_jp,1,driver jobs japan,assunzione,False,False,0,autista,3,0,non disponibile,non disponibile,non disponibile,
what are the jobs available in japan,en,1,google_en_jp,1,chauffeur japan,assunzione,False,False,0,autista,3,0,non disponibile,non disponibile,non disponibile,
what cars are used as taxis in japan,en,1,google_en_jp,1,chauffeur tokyo,informativo,False,False,0,indefinito,3,0,non disponibile,non disponibile,non disponibile,
what does chauffeur mean in french,en,1,bing_en-JP,1,chauffeur japan,informativo,False,False,0,indefinito,3,0,non disponibile,non disponibile,non disponibile,
what does the word chauffeur mean,en,1,bing_en-JP,1,chauffeur japan,informativo,False,False,0,indefinito,3,0,non disponibile,non disponibile,non disponibile,
what driving jobs are hiring,en,1,google_en_jp,1,driver japan,assunzione,False,False,0,autista,3,0,non disponibile,non disponibile,non disponibile,
what is a bilingual,en,1,bing_en-JP,1,bilingual driver,informativo,False,False,0,indefinito,3,0,non disponibile,non disponibile,non disponibile,
what is a bilingual person,en,1,bing_en-JP,1,bilingual driver,informativo,False,False,0,indefinito,3,0,non disponibile,non disponibile,non disponibile,
what is a dz driver,en,1,bing_en-JP,1,driver japan,informativo,False,False,0,indefinito,3,0,non disponibile,non disponibile,non disponibile,
what is a for hire driver,en,1,bing_en-JP,1,hire driver japan,acquisto_servizio,False,False,0,indefinito,3,0,non disponibile,non disponibile,non disponibile,
what is a professional driver,en,1,bing_en-JP,1,professional driver japan,informativo,False,False,0,indefinito,3,0,non disponibile,non disponibile,non disponibile,
what is chauffeur service,en,1,bing_en-JP,1,chauffeur japan,acquisto_servizio,False,False,0,turista,3,0,non disponibile,non disponibile,non disponibile,
what jobs are in high demand in japan,en,1,google_en_jp,1,driver jobs tokyo,assunzione,False,False,0,autista,3,0,non disponibile,non disponibile,non disponibile,
what kind of cars do they drive in japan,en,1,google_en_jp,1,chauffeur japan,informativo,False,False,0,indefinito,3,0,non disponibile,non disponibile,non disponibile,
who is a professional driver,en,1,bing_en-JP,1,professional driver japan,generico,False,False,0,indefinito,3,0,non disponibile,non disponibile,non disponibile,
why do japanese cars have english names,en,1,google_en_jp,1,english driver japan,generico,False,False,0,indefinito,3,0,non disponibile,non disponibile,non disponibile,
work driver jobs,en,1,google_en_jp,1,driver jobs japan,assunzione,False,False,0,autista,3,0,non disponibile,non disponibile,non disponibile,
work driver jobs hiring now,en,1,bing_en-JP,1,driver jobs japan,assunzione,False,False,0,autista,3,0,non disponibile,non disponibile,non disponibile,
www.e-iserv.jp/top/driverecorder/dr_viewer,en,1,bing_en-JP,1,driver japan,generico,False,False,0,indefinito,3,0,non disponibile,non disponibile,non disponibile,
z: ドライブ,en,1,bing_en-JP,1,driver japan,generico,False,False,0,indefinito,3,0,non disponibile,non disponibile,non disponibile,
二種免許 英語,ja,2,bing_ja-JP|google_ja_jp,2,二種免許|二種免許 英語,generico,False,True,3,indefinito,6,18,non disponibile,non disponibile,non disponibile,
タクシー go 英語,ja,2,bing_ja-JP|google_ja_jp,1,英語 タクシー,generico,False,True,3,indefinito,5,15,non disponibile,non disponibile,non disponibile,
タクシー ドライバー 英語 求人,ja,1,google_ja_jp,3,タクシー 英語 求人|英語 タクシー|英語 ドライバー,assunzione,False,True,3,autista,5,15,non disponibile,non disponibile,non disponibile,
タクシー 英語 求人,ja,2,bing_ja-JP|google_ja_jp,1,タクシー 英語 求人,assunzione,False,True,3,autista,5,15,2.0,100,-0.5,
ハイヤー ドライバー 英語,ja,1,google_ja_jp,3,ハイヤー ドライバー|ハイヤー 英語|英語 ドライバー,generico,False,True,3,indefinito,5,15,non disponibile,non disponibile,non disponibile,
ハイヤー 英語,ja,2,bing_ja-JP|google_ja_jp,1,ハイヤー 英語,generico,False,True,3,indefinito,5,15,0.1,2,0.4,
ハイヤー 英語 求人,ja,2,bing_ja-JP|google_ja_jp,1,ハイヤー 英語,assunzione,False,True,3,autista,5,15,non disponibile,non disponibile,non disponibile,
二種免許 外国人,ja,2,bing_ja-JP|google_ja_jp,1,二種免許 外国人,generico,False,True,3,indefinito,5,15,0.0,2,0.5,
大丈夫です、タクシーに乗ります 英語,ja,1,bing_ja-JP,3,タクシー 英語 求人|英語 タクシー|英語 タクシー 運転手 東京,generico,False,True,3,indefinito,5,15,non disponibile,non disponibile,non disponibile,
英語 タクシー,ja,2,bing_ja-JP|google_ja_jp,1,英語 タクシー,generico,False,True,3,indefinito,5,15,79.2,100,-7.7,
英語 タクシー 求人,ja,2,bing_ja-JP|google_ja_jp,1,英語 タクシー,assunzione,False,True,3,autista,5,15,non disponibile,non disponibile,non disponibile,
英語 タクシー 行き先,ja,2,bing_ja-JP|google_ja_jp,1,英語 タクシー,generico,False,True,3,indefinito,5,15,non disponibile,non disponibile,non disponibile,
英語 タクシーに乗る,ja,2,bing_ja-JP|google_ja_jp,1,英語 タクシー,generico,False,True,3,indefinito,5,15,non disponibile,non disponibile,non disponibile,
英語 タクシーを呼ぶ,ja,2,bing_ja-JP|google_ja_jp,1,英語 タクシー,generico,False,True,3,indefinito,5,15,non disponibile,non disponibile,non disponibile,
英語 タクシーを呼んでください,ja,2,bing_ja-JP|google_ja_jp,1,英語 タクシー,generico,False,True,3,indefinito,5,15,non disponibile,non disponibile,non disponibile,
ハイヤー ドライバー 求人,ja,2,bing_ja-JP|google_ja_jp,2,ハイヤー ドライバー|ハイヤー 求人,assunzione,False,True,2,autista,6,12,non disponibile,non disponibile,non disponibile,
ハイヤー・アンド・ハイヤー,ja,1,bing_ja-JP,4,ハイヤー ドライバー|ハイヤー ドライバー 紹介|ハイヤー 求人|ハイヤー 英語,generico,False,True,2,indefinito,6,12,non disponibile,non disponibile,non disponibile,
タクシー ドライバー 英語 フレーズ,ja,1,google_ja_jp,2,英語 タクシー|英語 ドライバー,generico,False,True,3,indefinito,4,12,non disponibile,non disponibile,non disponibile,
タクシー ドライバー 英語 勉強 法,ja,1,google_ja_jp,2,英語 タクシー|英語 ドライバー,generico,False,True,3,indefinito,4,12,non disponibile,non disponibile,non disponibile,
タクシー 英語 対応 求人,ja,1,google_ja_jp,2,タクシー 英語 求人|英語 タクシー,assunzione,False,True,3,autista,4,12,non disponibile,non disponibile,non disponibile,
タクシー 運転 手 英語 求人,ja,1,google_ja_jp,2,タクシー 英語 求人|英語 タクシー,assunzione,False,True,3,autista,4,12,non disponibile,non disponibile,non disponibile,
タクシー求人英語,ja,1,bing_ja-JP,2,タクシー 英語 求人|英語 タクシー,assunzione,False,True,3,autista,4,12,non disponibile,non disponibile,non disponibile,
ハイヤー タクシー 英語,ja,1,google_ja_jp,2,ハイヤー 英語|英語 タクシー,generico,False,True,3,indefinito,4,12,non disponibile,non disponibile,non disponibile,
ハイヤー 運転手 英語,ja,1,google_ja_jp,2,ハイヤー 英語|英語 運転手,generico,False,True,3,indefinito,4,12,non disponibile,non disponibile,non disponibile,
ハイヤー英語求人,ja,1,bing_ja-JP,2,ハイヤー 求人|ハイヤー 英語,assunzione,False,True,3,autista,4,12,non disponibile,non disponibile,non disponibile,
京都 タクシー 求人 英語,ja,1,google_ja_jp,2,タクシー 英語 求人|英語 タクシー,assunzione,False,True,3,autista,4,12,non disponibile,non disponibile,non disponibile,
東京 タクシー 英語 求人,ja,1,google_ja_jp,2,タクシー 英語 求人|英語 タクシー,assunzione,False,True,3,autista,4,12,non disponibile,non disponibile,non disponibile,
英語 タクシー ドライバー 年収,ja,1,google_ja_jp,2,英語 タクシー|英語 ドライバー,assunzione,False,True,3,autista,4,12,non disponibile,non disponibile,non disponibile,
英語ハイヤー求人,ja,1,bing_ja-JP,2,ハイヤー 求人|ハイヤー 英語,assunzione,False,True,3,autista,4,12,non disponibile,non disponibile,non disponibile,
観光 タクシー 英語 求人,ja,1,google_ja_jp,2,タクシー 英語 求人|英語 タクシー,assunzione,False,True,3,autista,4,12,non disponibile,non disponibile,non disponibile,
タクシー 1日 貸切 料金 東京,ja,1,bing_ja-JP,3,タクシー 英語 求人|英語 タクシー|英語 タクシー 運転手 東京,acquisto_servizio,False,True,2,turista,5,10,non disponibile,non disponibile,non disponibile,
タクシー 予約 東京 おすすめ,ja,1,bing_ja-JP,3,タクシー 英語 求人|英語 タクシー|英語 タクシー 運転手 東京,acquisto_servizio,False,True,2,turista,5,10,non disponibile,non disponibile,non disponibile,
タクシー 東京 予約 時間指定,ja,1,bing_ja-JP,3,タクシー 英語 求人|英語 タクシー|英語 タクシー 運転手 東京,acquisto_servizio,False,True,2,turista,5,10,non disponibile,non disponibile,non disponibile,
タクシー 深夜料金 何時から 東京,ja,1,bing_ja-JP,3,タクシー 英語 求人|英語 タクシー|英語 タクシー 運転手 東京,acquisto_servizio,False,True,2,turista,5,10,non disponibile,non disponibile,non disponibile,
タクシー 貸し切り 半日 東京,ja,1,bing_ja-JP,3,タクシー 英語 求人|英語 タクシー|英語 タクシー 運転手 東京,generico,False,True,2,indefinito,5,10,non disponibile,non disponibile,non disponibile,
タクシー 迎車料金 無料 東京,ja,1,bing_ja-JP,3,タクシー 英語 求人|英語 タクシー|英語 タクシー 運転手 東京,acquisto_servizio,False,True,2,turista,5,10,non disponibile,non disponibile,non disponibile,
タクシー 配車 電話番号 東京,ja,1,bing_ja-JP,3,タクシー 英語 求人|英語 タクシー|英語 タクシー 運転手 東京,generico,False,True,2,indefinito,5,10,non disponibile,non disponibile,non disponibile,
タクシー-会社,ja,1,bing_ja-JP,3,タクシー 英語 求人|英語 タクシー|英語 タクシー 運転手 東京,generico,False,True,2,operatore,5,10,non disponibile,non disponibile,non disponibile,
タクシー、go,ja,1,bing_ja-JP,3,タクシー 英語 求人|英語 タクシー|英語 タクシー 運転手 東京,generico,False,True,2,indefinito,5,10,non disponibile,non disponibile,non disponibile,
タクシー求人 東京 入社 祝い金,ja,1,bing_ja-JP,3,タクシー 英語 求人|英語 タクシー|英語 タクシー 運転手 東京,assunzione,False,True,2,autista,5,10,non disponibile,non disponibile,non disponibile,
ハイヤー ドライバー,ja,2,bing_ja-JP|google_ja_jp,1,ハイヤー ドライバー,generico,False,True,2,indefinito,5,10,0.7,22,-0.2,ハイヤー ドライバー 年収(100)
ハイヤー 乗務員,ja,2,bing_ja-JP|google_ja_jp,1,ハイヤー 乗務員,generico,False,True,2,indefinito,5,10,non disponibile,non disponibile,non disponibile,
ハイヤー 乗務員証,ja,2,bing_ja-JP|google_ja_jp,1,ハイヤー 乗務員,generico,False,True,2,indefinito,5,10,non disponibile,non disponibile,non disponibile,
ハイヤー 求人,ja,2,bing_ja-JP|google_ja_jp,1,ハイヤー 求人,assunzione,False,True,2,autista,5,10,0.9,3,0.4,
ハイヤー 求人 千葉,ja,2,bing_ja-JP|google_ja_jp,1,ハイヤー 求人,assunzione,False,True,2,autista,5,10,non disponibile,non disponibile,non disponibile,
ハイヤー 求人 大阪,ja,2,bing_ja-JP|google_ja_jp,1,ハイヤー 求人,assunzione,False,True,2,autista,5,10,non disponibile,non disponibile,non disponibile,
ハイヤー 求人 東京,ja,2,bing_ja-JP|google_ja_jp,1,ハイヤー 求人,assunzione,False,True,2,autista,5,10,non disponibile,non disponibile,non disponibile,
二種免許 at限定,ja,2,bing_ja-JP|google_ja_jp,1,二種免許,generico,False,True,2,indefinito,5,10,non disponibile,non disponibile,non disponibile,
二種免許 at限定解除,ja,2,bing_ja-JP|google_ja_jp,1,二種免許,generico,False,True,2,indefinito,5,10,non disponibile,non disponibile,non disponibile,
二種免許 mt,ja,2,bing_ja-JP|google_ja_jp,1,二種免許,generico,False,True,2,indefinito,5,10,non disponibile,non disponibile,non disponibile,
二種免許 v字,ja,2,bing_ja-JP|google_ja_jp,1,二種免許,generico,False,True,2,indefinito,5,10,non disponibile,non disponibile,non disponibile,
二種免許 いくら,ja,2,bing_ja-JP|google_ja_jp,1,二種免許,generico,False,True,2,indefinito,5,10,non disponibile,non disponibile,non disponibile,
二種免許 どのくらい で 取れる,ja,1,bing_ja-JP,3,二種免許|二種免許 外国人|二種免許 英語,generico,False,True,2,indefinito,5,10,non disponibile,non disponibile,non disponibile,
二種免許 アルバイト,ja,2,bing_ja-JP|google_ja_jp,1,二種免許,generico,False,True,2,indefinito,5,10,non disponibile,non disponibile,non disponibile,
二種免許 オートマ限定,ja,2,bing_ja-JP|google_ja_jp,1,二種免許,generico,False,True,2,indefinito,5,10,non disponibile,non disponibile,non disponibile,
二種免許 タクシー,ja,2,bing_ja-JP|google_ja_jp,1,二種免許,generico,False,True,2,indefinito,5,10,non disponibile,non disponibile,non disponibile,
二種免許 バイク,ja,2,bing_ja-JP|google_ja_jp,1,二種免許,generico,False,True,2,indefinito,5,10,non disponibile,non disponibile,non disponibile,
二種免許 バイト,ja,2,bing_ja-JP|google_ja_jp,1,二種免許,generico,False,True,2,indefinito,5,10,non disponibile,non disponibile,non disponibile,
二種免許 マニュアル,ja,2,bing_ja-JP|google_ja_jp,1,二種免許,generico,False,True,2,indefinito,5,10,non disponibile,non disponibile,non disponibile,
二種免許 メリット,ja,2,bing_ja-JP|google_ja_jp,1,二種免許,generico,False,True,2,indefinito,5,10,non disponibile,non disponibile,non disponibile,
二種免許 一発試験,ja,2,bing_ja-JP|google_ja_jp,1,二種免許,informativo,False,True,2,autista,5,10,non disponibile,non disponibile,non disponibile,
二種免許 一発試験 合格 方法,ja,1,bing_ja-JP,3,二種免許|二種免許 外国人|二種免許 英語,informativo,False,True,2,autista,5,10,non disponibile,non disponibile,non disponibile,
二種免許 一発試験 費用,ja,2,bing_ja-JP|google_ja_jp,1,二種免許,acquisto_servizio,False,True,2,autista,5,10,non disponibile,non disponibile,non disponibile,
二種免許 事故,ja,2,bing_ja-JP|google_ja_jp,1,二種免許,generico,False,True,2,indefinito,5,10,non disponibile,non disponibile,non disponibile,
二種免許 代行,ja,2,bing_ja-JP|google_ja_jp,1,二種免許,generico,False,True,2,indefinito,5,10,non disponibile,non disponibile,non disponibile,
二種免許 何ができる,ja,2,bing_ja-JP|google_ja_jp,1,二種免許,generico,False,True,2,indefinito,5,10,non disponibile,non disponibile,non disponibile,
二種免許 何歳から,ja,2,bing_ja-JP|google_ja_jp,1,二種免許,generico,False,True,2,indefinito,5,10,non disponibile,non disponibile,non disponibile,
二種免許 値段,ja,2,bing_ja-JP|google_ja_jp,1,二種免許,acquisto_servizio,False,True,2,indefinito,5,10,non disponibile,non disponibile,non disponibile,
二種免許 内容,ja,2,bing_ja-JP|google_ja_jp,1,二種免許,generico,False,True,2,indefinito,5,10,non disponibile,non disponibile,non disponibile,
二種免許 副業,ja,2,bing_ja-JP|google_ja_jp,1,二種免許,generico,False,True,2,autista,5,10,non disponibile,non disponibile,non disponibile,
二種免許 勉強,ja,2,bing_ja-JP|google_ja_jp,1,二種免許,generico,False,True,2,indefinito,5,10,non disponibile,non disponibile,non disponibile,
二種免許 取り方,ja,2,bing_ja-JP|google_ja_jp,1,二種免許,informativo,False,True,2,autista,5,10,non disponibile,non disponibile,non disponibile,
二種免許 取得条件,ja,2,bing_ja-JP|google_ja_jp,1,二種免許,informativo,False,True,2,autista,5,10,non disponibile,non disponibile,non disponibile,
二種免許 受験資格,ja,2,bing_ja-JP|google_ja_jp,1,二種免許,generico,False,True,2,autista,5,10,non disponibile,non disponibile,non disponibile,
二種免許 受験資格特例教習,ja,2,bing_ja-JP|google_ja_jp,1,二種免許,informativo,False,True,2,autista,5,10,non disponibile,non disponibile,non disponibile,
二種免許 合宿,ja,2,bing_ja-JP|google_ja_jp,1,二種免許,generico,False,True,2,indefinito,5,10,non disponibile,non disponibile,non disponibile,
二種免許 合格率,ja,2,bing_ja-JP|google_ja_jp,1,二種免許,generico,False,True,2,indefinito,5,10,non disponibile,non disponibile,non disponibile,
二種免許 問題,ja,2,bing_ja-JP|google_ja_jp,1,二種免許,generico,False,True,2,indefinito,5,10,non disponibile,non disponibile,non disponibile,
二種免許 問題集,ja,2,bing_ja-JP|google_ja_jp,1,二種免許,generico,False,True,2,indefinito,5,10,non disponibile,non disponibile,non disponibile,
二種免許 地理試験,ja,2,bing_ja-JP|google_ja_jp,1,二種免許,informativo,False,True,2,autista,5,10,non disponibile,non disponibile,non disponibile,
二種免許 大阪,ja,2,bing_ja-JP|google_ja_jp,1,二種免許,generico,False,True,2,indefinito,5,10,non disponibile,non disponibile,non disponibile,
二種免許 学科試験,ja,2,bing_ja-JP|google_ja_jp,1,二種免許,informativo,False,True,2,autista,5,10,non disponibile,non disponibile,non disponibile,
二種免許 実技,ja,2,bing_ja-JP|google_ja_jp,1,二種免許,generico,False,True,2,indefinito,5,10,non disponibile,non disponibile,non disponibile,
二種免許 実技 内容,ja,2,bing_ja-JP|google_ja_jp,1,二種免許,generico,False,True,2,indefinito,5,10,non disponibile,non disponibile,non disponibile,
二種免許 履歴書,ja,2,bing_ja-JP|google_ja_jp,1,二種免許,generico,False,True,2,indefinito,5,10,non disponibile,non disponibile,non disponibile,
二種免許 年齢,ja,2,bing_ja-JP|google_ja_jp,1,二種免許,generico,False,True,2,indefinito,5,10,non disponibile,non disponibile,non disponibile,
二種免許 廃止,ja,2,bing_ja-JP|google_ja_jp,1,二種免許,generico,False,True,2,indefinito,5,10,non disponibile,non disponibile,non disponibile,
二種免許 応急救護,ja,2,bing_ja-JP|google_ja_jp,1,二種免許,generico,False,True,2,indefinito,5,10,non disponibile,non disponibile,non disponibile,
二種免許 応急救護 免除,ja,2,bing_ja-JP|google_ja_jp,1,二種免許,generico,False,True,2,indefinito,5,10,non disponibile,non disponibile,non disponibile,
二種免許 愛知県,ja,2,bing_ja-JP|google_ja_jp,1,二種免許,generico,False,True,2,indefinito,5,10,non disponibile,non disponibile,non disponibile,
二種免許 教習内容,ja,2,bing_ja-JP|google_ja_jp,1,二種免許,informativo,False,True,2,autista,5,10,non disponibile,non disponibile,non disponibile,
二種免許 教習所,ja,2,bing_ja-JP|google_ja_jp,1,二種免許,informativo,False,True,2,autista,5,10,non disponibile,non disponibile,non disponibile,
二種免許 料金,ja,2,bing_ja-JP|google_ja_jp,1,二種免許,acquisto_servizio,False,True,2,turista,5,10,non disponibile,non disponibile,non disponibile,
二種免許 日数,ja,2,bing_ja-JP|google_ja_jp,1,二種免許,generico,False,True,2,indefinito,5,10,non disponibile,non disponibile,non disponibile,
二種免許 時間,ja,2,bing_ja-JP|google_ja_jp,1,二種免許,generico,False,True,2,indefinito,5,10,non disponibile,non disponibile,non disponibile,
二種免許 普通免許 違い,ja,2,bing_ja-JP|google_ja_jp,1,二種免許,informativo,False,True,2,indefinito,5,10,non disponibile,non disponibile,non disponibile,
二種免許 更新,ja,2,bing_ja-JP|google_ja_jp,1,二種免許,generico,False,True,2,indefinito,5,10,non disponibile,non disponibile,non disponibile,
二種免許 期間,ja,2,bing_ja-JP|google_ja_jp,1,二種免許,generico,False,True,2,indefinito,5,10,non disponibile,non disponibile,non disponibile,
二種免許 条件,ja,2,bing_ja-JP|google_ja_jp,1,二種免許,generico,False,True,2,autista,5,10,non disponibile,non disponibile,non disponibile,
二種免許 東京,ja,2,bing_ja-JP|google_ja_jp,1,二種免許,generico,False,True,2,indefinito,5,10,non disponibile,non disponibile,non disponibile,
二種免許 正式名称,ja,2,bing_ja-JP|google_ja_jp,1,二種免許,generico,False,True,2,indefinito,5,10,non disponibile,non disponibile,non disponibile,
二種免許 求人,ja,2,bing_ja-JP|google_ja_jp,1,二種免許,assunzione,False,True,2,autista,5,10,non disponibile,non disponibile,non disponibile,
二種免許 沖縄,ja,2,bing_ja-JP|google_ja_jp,1,二種免許,generico,False,True,2,indefinito,5,10,non disponibile,non disponibile,non disponibile,
二種免許 特例教習,ja,2,bing_ja-JP|google_ja_jp,1,二種免許,informativo,False,True,2,autista,5,10,non disponibile,non disponibile,non disponibile,
二種免許 福岡,ja,2,bing_ja-JP|google_ja_jp,1,二種免許,generico,False,True,2,indefinito,5,10,non disponibile,non disponibile,non disponibile,
二種免許 種類,ja,2,bing_ja-JP|google_ja_jp,1,二種免許,generico,False,True,2,indefinito,5,10,non disponibile,non disponibile,non disponibile,
二種免許 緩和 いつから,ja,2,bing_ja-JP|google_ja_jp,1,二種免許,generico,False,True,2,indefinito,5,10,non disponibile,non disponibile,non disponibile,
二種免許 自動車,ja,2,bing_ja-JP|google_ja_jp,1,二種免許,generico,False,True,2,indefinito,5,10,non disponibile,non disponibile,non disponibile,
二種免許 自動車学校,ja,2,bing_ja-JP|google_ja_jp,1,二種免許,generico,False,True,2,indefinito,5,10,non disponibile,non disponibile,non disponibile,
二種免許 茨城,ja,2,bing_ja-JP|google_ja_jp,1,二種免許,generico,False,True,2,indefinito,5,10,non disponibile,non disponibile,non disponibile,
二種免許 補助金,ja,2,bing_ja-JP|google_ja_jp,1,二種免許,generico,False,True,2,indefinito,5,10,non disponibile,non disponibile,non disponibile,
二種免許 要件,ja,2,bing_ja-JP|google_ja_jp,1,二種免許,generico,False,True,2,indefinito,5,10,non disponibile,non disponibile,non disponibile,
二種免許 視力,ja,2,bing_ja-JP|google_ja_jp,1,二種免許,generico,False,True,2,indefinito,5,10,non disponibile,non disponibile,non disponibile,
二種免許 視力検査,ja,2,bing_ja-JP|google_ja_jp,1,二種免許,generico,False,True,2,indefinito,5,10,non disponibile,non disponibile,non disponibile,
二種免許 試験内容,ja,2,bing_ja-JP|google_ja_jp,1,二種免許,informativo,False,True,2,autista,5,10,non disponibile,non disponibile,non disponibile,
二種免許 費用,ja,2,bing_ja-JP|google_ja_jp,1,二種免許,acquisto_servizio,False,True,2,autista,5,10,non disponibile,non disponibile,non disponibile,
二種免許 費用 一発,ja,2,bing_ja-JP|google_ja_jp,1,二種免許,acquisto_servizio,False,True,2,autista,5,10,non disponibile,non disponibile,non disponibile,
二種免許 費用 補助,ja,2,bing_ja-JP|google_ja_jp,1,二種免許,acquisto_servizio,False,True,2,autista,5,10,non disponibile,non disponibile,non disponibile,
二種免許 資格要件 緩和 いつから,ja,1,bing_ja-JP,3,二種免許|二種免許 外国人|二種免許 英語,generico,False,True,2,autista,5,10,non disponibile,non disponibile,non disponibile,
二種免許 運転,ja,2,bing_ja-JP|google_ja_jp,1,二種免許,generico,False,True,2,indefinito,5,10,non disponibile,non disponibile,non disponibile,
二種免許 運転代行,ja,2,bing_ja-JP|google_ja_jp,1,二種免許,generico,False,True,2,indefinito,5,10,non disponibile,non disponibile,non disponibile,
二種免許 過去問,ja,2,bing_ja-JP|google_ja_jp,1,二種免許,generico,False,True,2,indefinito,5,10,non disponibile,non disponibile,non disponibile,
二種免許 違い,ja,2,bing_ja-JP|google_ja_jp,1,二種免許,informativo,False,True,2,indefinito,5,10,non disponibile,non disponibile,non disponibile,
二種免許 違反,ja,2,bing_ja-JP|google_ja_jp,1,二種免許,generico,False,True,2,indefinito,5,10,non disponibile,non disponibile,non disponibile,
二種免許 鋭角,ja,2,bing_ja-JP|google_ja_jp,1,二種免許,generico,False,True,2,indefinito,5,10,non disponibile,non disponibile,non disponibile,
二種免許 難しい,ja,2,bing_ja-JP|google_ja_jp,1,二種免許,generico,False,True,2,indefinito,5,10,non disponibile,non disponibile,non disponibile,
二種免許 難易度,ja,2,bing_ja-JP|google_ja_jp,1,二種免許,generico,False,True,2,indefinito,5,10,non disponibile,non disponibile,non disponibile,
二種免許at,ja,2,bing_ja-JP|google_ja_jp,1,二種免許,generico,False,True,2,indefinito,5,10,non disponibile,non disponibile,non disponibile,
二種免許とは,ja,2,bing_ja-JP|google_ja_jp,1,二種免許,informativo,False,True,2,indefinito,5,10,non disponibile,non disponibile,non disponibile,
二種免許の種類,ja,2,bing_ja-JP|google_ja_jp,1,二種免許,generico,False,True,2,indefinito,5,10,non disponibile,non disponibile,non disponibile,
代行タクシー、求人,ja,1,bing_ja-JP,3,タクシー 英語 求人|英語 タクシー|英語 タクシー 運転手 東京,assunzione,False,True,2,autista,5,10,non disponibile,non disponibile,non disponibile,
外国人 送迎サービス,ja,2,bing_ja-JP|google_ja_jp,1,外国人 送迎,generico,False,True,2,turista,5,10,non disponibile,non disponibile,non disponibile,
日本交通 タクシー 予約 東京,ja,1,bing_ja-JP,3,タクシー 英語 求人|英語 タクシー|英語 タクシー 運転手 東京,acquisto_servizio,False,True,2,turista,5,10,non disponibile,non disponibile,non disponibile,
普通自動車免許 一種 二種 違い,ja,1,bing_ja-JP,3,二種免許|二種免許 外国人|二種免許 英語,informativo,False,True,2,indefinito,5,10,non disponibile,non disponibile,non disponibile,
東京・日本交通 タクシー,ja,1,bing_ja-JP,3,タクシー 英語 求人|英語 タクシー|英語 タクシー 運転手 東京,generico,False,True,2,indefinito,5,10,non disponibile,non disponibile,non disponibile,
英語 運転手,ja,2,bing_ja-JP|google_ja_jp,1,英語 運転手,generico,False,True,2,indefinito,5,10,0.7,3,0.0,
go タクシー英語,ja,1,bing_ja-JP,1,英語 タクシー,generico,False,True,3,indefinito,3,9,non disponibile,non disponibile,non disponibile,
mk タクシー 英語,ja,1,google_ja_jp,1,英語 タクシー,generico,False,True,3,indefinito,3,9,non disponibile,non disponibile,non disponibile,
mk タクシー 英語 ドライバー,ja,1,google_ja_jp,1,英語 ドライバー,generico,False,True,3,indefinito,3,9,non disponibile,non disponibile,non disponibile,
mk ハイヤー 英語,ja,1,google_ja_jp,1,ハイヤー 英語,generico,False,True,3,indefinito,3,9,non disponibile,non disponibile,non disponibile,
ご乗車ありがとうございます 英語 タクシー,ja,1,google_ja_jp,1,英語 タクシー,generico,False,True,3,indefinito,3,9,non disponibile,non disponibile,non disponibile,
すみません タクシーはどこですか 英語,ja,1,google_ja_jp,1,英語 タクシー,generico,False,True,3,indefinito,3,9,non disponibile,non disponibile,non disponibile,
みんな タクシーに乗りたがっていますよね 英語,ja,1,google_ja_jp,1,英語 タクシー,generico,False,True,3,indefinito,3,9,non disponibile,non disponibile,non disponibile,
ウーバー タクシー 英語,ja,1,google_ja_jp,1,英語 タクシー,generico,False,True,3,indefinito,3,9,non disponibile,non disponibile,non disponibile,
オッド タクシー 英語,ja,1,google_ja_jp,1,英語 タクシー,generico,False,True,3,indefinito,3,9,non disponibile,non disponibile,non disponibile,
オッド タクシー 英語 版,ja,1,google_ja_jp,1,英語 タクシー,generico,False,True,3,indefinito,3,9,non disponibile,non disponibile,non disponibile,
オッドタクシー 英語タイトル,ja,1,google_ja_jp,1,英語 タクシー,generico,False,True,3,indefinito,3,9,non disponibile,non disponibile,non disponibile,
オフハイヤー 英語,ja,1,google_ja_jp,1,ハイヤー 英語,generico,False,True,3,indefinito,3,9,non disponibile,non disponibile,non disponibile,
ザキヤマ 英語 タクシー,ja,1,google_ja_jp,1,英語 タクシー,generico,False,True,3,indefinito,3,9,non disponibile,non disponibile,non disponibile,
ジャンボ タクシー 英語,ja,1,google_ja_jp,1,英語 タクシー,generico,False,True,3,indefinito,3,9,non disponibile,non disponibile,non disponibile,
ジャンボ ハイヤー 英語,ja,1,google_ja_jp,1,ハイヤー 英語,generico,False,True,3,indefinito,3,9,non disponibile,non disponibile,non disponibile,
タクシー go 英語 版,ja,1,google_ja_jp,1,英語 タクシー,generico,False,True,3,indefinito,3,9,non disponibile,non disponibile,non disponibile,
タクシー 〇〇までお願いします 英語,ja,1,google_ja_jp,1,英語 タクシー,generico,False,True,3,indefinito,3,9,non disponibile,non disponibile,non disponibile,
タクシー お礼 英語,ja,1,google_ja_jp,1,英語 タクシー,generico,False,True,3,indefinito,3,9,non disponibile,non disponibile,non disponibile,
タクシー から 降りる 英語,ja,1,google_ja_jp,1,英語 タクシー,generico,False,True,3,indefinito,3,9,non disponibile,non disponibile,non disponibile,
タクシー から降りる 英語,ja,1,google_ja_jp,1,英語 タクシー,generico,False,True,3,indefinito,3,9,non disponibile,non disponibile,non disponibile,
タクシー っ て 英語,ja,1,google_ja_jp,1,英語 タクシー,generico,False,True,3,indefinito,3,9,non disponibile,non disponibile,non disponibile,
タクシー で 使う 英語,ja,1,google_ja_jp,1,英語 タクシー,generico,False,True,3,indefinito,3,9,non disponibile,non disponibile,non disponibile,
タクシー で 行く 英語,ja,1,google_ja_jp,1,英語 タクシー,generico,False,True,3,indefinito,3,9,non disponibile,non disponibile,non disponibile,
タクシー に 乗る 英語 get,ja,1,google_ja_jp,1,英語 タクシー,generico,False,True,3,indefinito,3,9,non disponibile,non disponibile,non disponibile,
タクシー に 乗る 英語 ride,ja,1,google_ja_jp,1,英語 タクシー,generico,False,True,3,indefinito,3,9,non disponibile,non disponibile,non disponibile,
タクシー の 乗客 英語,ja,1,google_ja_jp,1,英語 タクシー,generico,False,True,3,indefinito,3,9,non disponibile,non disponibile,non disponibile,
タクシー を 使う 英語,ja,1,google_ja_jp,1,英語 タクシー,generico,False,True,3,indefinito,3,9,non disponibile,non disponibile,non disponibile,
タクシー を 呼び止める 英語,ja,1,google_ja_jp,1,英語 タクシー,generico,False,True,3,indefinito,3,9,non disponibile,non disponibile,non disponibile,
タクシー を 呼ぶ 英語 電話,ja,1,google_ja_jp,1,英語 タクシー,generico,False,True,3,indefinito,3,9,non disponibile,non disponibile,non disponibile,
タクシー を 拾う 英語,ja,1,google_ja_jp,1,英語 タクシー,generico,False,True,3,indefinito,3,9,non disponibile,non disponibile,non disponibile,
タクシー を 捕まえる 英語,ja,1,google_ja_jp,1,英語 タクシー,generico,False,True,3,indefinito,3,9,non disponibile,non disponibile,non disponibile,
タクシー を 止める 英語,ja,1,google_ja_jp,1,英語 タクシー,generico,False,True,3,indefinito,3,9,non disponibile,non disponibile,non disponibile,
タクシー を 追いかける 英語,ja,1,google_ja_jp,1,英語 タクシー,generico,False,True,3,indefinito,3,9,non disponibile,non disponibile,non disponibile,
タクシー を 降りる 英語,ja,1,google_ja_jp,1,英語 タクシー,generico,False,True,3,indefinito,3,9,non disponibile,non disponibile,non disponibile,
タクシー センター 英語,ja,1,google_ja_jp,1,英語 タクシー,generico,False,True,3,indefinito,3,9,non disponibile,non disponibile,non disponibile,
タクシー センター 英語 上級,ja,1,google_ja_jp,1,英語 タクシー,generico,False,True,3,indefinito,3,9,non disponibile,non disponibile,non disponibile,
タクシー センター 英語 中級,ja,1,google_ja_jp,1,英語 タクシー,generico,False,True,3,indefinito,3,9,non disponibile,non disponibile,non disponibile,
タクシー センター 英語 検定,ja,1,google_ja_jp,1,英語 タクシー,generico,False,True,3,indefinito,3,9,non disponibile,non disponibile,non disponibile,
タクシー センター 英語 検定 試験,ja,1,google_ja_jp,1,英語 タクシー,informativo,False,True,3,autista,3,9,non disponibile,non disponibile,non disponibile,
タクシー センター 英語 研修,ja,1,google_ja_jp,1,英語 タクシー,generico,False,True,3,indefinito,3,9,non disponibile,non disponibile,non disponibile,
タクシー ドライバー インバウンド,ja,1,google_ja_jp,1,インバウンド ドライバー,generico,False,True,3,indefinito,3,9,non disponibile,non disponibile,non disponibile,
タクシー ドライバー 名言 英語,ja,1,google_ja_jp,1,英語 タクシー,generico,False,True,3,indefinito,3,9,non disponibile,non disponibile,non disponibile,
タクシー ドライバー 映画 英語,ja,1,google_ja_jp,1,英語 タクシー,generico,False,True,3,indefinito,3,9,non disponibile,non disponibile,non disponibile,
タクシー ドライバー 英語,ja,1,google_ja_jp,1,英語 ドライバー,generico,False,True,3,indefinito,3,9,non disponibile,non disponibile,non disponibile,
タクシー プール 英語,ja,1,google_ja_jp,1,英語 タクシー,generico,False,True,3,indefinito,3,9,non disponibile,non disponibile,non disponibile,
タクシー メーター 料金 英語,ja,1,google_ja_jp,1,英語 タクシー,acquisto_servizio,False,True,3,turista,3,9,non disponibile,non disponibile,non disponibile,
タクシー メーター 英語,ja,1,google_ja_jp,1,英語 タクシー,generico,False,True,3,indefinito,3,9,non disponibile,non disponibile,non disponibile,
タクシー ロータリー 英語,ja,1,google_ja_jp,1,英語 タクシー,generico,False,True,3,indefinito,3,9,non disponibile,non disponibile,non disponibile,
タクシー 乗る 時 英語,ja,1,google_ja_jp,1,英語 タクシー,generico,False,True,3,indefinito,3,9,non disponibile,non disponibile,non disponibile,
タクシー 乗る時 お願いします 英語,ja,1,google_ja_jp,1,英語 タクシー,generico,False,True,3,indefinito,3,9,non disponibile,non disponibile,non disponibile,
タクシー 乗務員 英語,ja,1,google_ja_jp,1,英語 タクシー,generico,False,True,3,indefinito,3,9,non disponibile,non disponibile,non disponibile,
タクシー 乗車 時 英語,ja,1,google_ja_jp,1,英語 タクシー,generico,False,True,3,indefinito,3,9,non disponibile,non disponibile,non disponibile,
タクシー 乗車 英語,ja,1,google_ja_jp,1,英語 タクシー,generico,False,True,3,indefinito,3,9,non disponibile,non disponibile,non disponibile,
タクシー 乗降場 英語,ja,1,google_ja_jp,1,英語 タクシー,generico,False,True,3,indefinito,3,9,non disponibile,non disponibile,non disponibile,
タクシー 予約 英語 メール,ja,1,google_ja_jp,1,英語 タクシー,acquisto_servizio,False,True,3,turista,3,9,non disponibile,non disponibile,non disponibile,
タクシー 初乗り 料金 英語,ja,1,google_ja_jp,1,英語 タクシー,acquisto_servizio,False,True,3,turista,3,9,non disponibile,non disponibile,non disponibile,
タクシー 呼 びました 英語,ja,1,google_ja_jp,1,英語 タクシー,generico,False,True,3,indefinito,3,9,non disponibile,non disponibile,non disponibile,
タクシー 呼ぼ うか 英語,ja,1,google_ja_jp,1,英語 タクシー,generico,False,True,3,indefinito,3,9,non disponibile,non disponibile,non disponibile,
タクシー 呼ん で 英語,ja,1,google_ja_jp,1,英語 タクシー,generico,False,True,3,indefinito,3,9,non disponibile,non disponibile,non disponibile,
タクシー 手配 英語,ja,1,google_ja_jp,1,英語 タクシー,acquisto_servizio,False,True,3,operatore,3,9,non disponibile,non disponibile,non disponibile,
タクシー 接客 英語,ja,1,google_ja_jp,1,英語 タクシー,generico,False,True,3,indefinito,3,9,non disponibile,non disponibile,non disponibile,
タクシー 料金 検索 英語,ja,1,google_ja_jp,1,英語 タクシー,acquisto_servizio,False,True,3,turista,3,9,non disponibile,non disponibile,non disponibile,
タクシー 業界 英語,ja,1,google_ja_jp,1,英語 タクシー,generico,False,True,3,indefinito,3,9,non disponibile,non disponibile,non disponibile,
タクシー 用語 英語,ja,1,google_ja_jp,1,英語 タクシー,generico,False,True,3,indefinito,3,9,non disponibile,non disponibile,non disponibile,
タクシー 目的地 伝え方 英語,ja,1,google_ja_jp,1,英語 タクシー,generico,False,True,3,indefinito,3,9,non disponibile,non disponibile,non disponibile,
タクシー 空車 英語,ja,1,google_ja_jp,1,英語 タクシー,generico,False,True,3,indefinito,3,9,non disponibile,non disponibile,non disponibile,
タクシー 英語 ve,ja,1,google_ja_jp,1,英語 タクシー,generico,False,True,3,indefinito,3,9,non disponibile,non disponibile,non disponibile,
タクシー 英語 ドライバー,ja,1,google_ja_jp,1,英語 ドライバー,generico,False,True,3,indefinito,3,9,non disponibile,non disponibile,non disponibile,
タクシー 英語 フレーズ,ja,1,google_ja_jp,1,英語 タクシー,generico,False,True,3,indefinito,3,9,non disponibile,non disponibile,non disponibile,
タクシー 英語 ペラペラ,ja,1,google_ja_jp,1,英語 タクシー,generico,False,True,3,indefinito,3,9,non disponibile,non disponibile,non disponibile,
タクシー 英語 上級,ja,1,google_ja_jp,1,英語 タクシー,generico,False,True,3,indefinito,3,9,non disponibile,non disponibile,non disponibile,
タクシー 英語 対応,ja,1,google_ja_jp,1,英語 タクシー,generico,False,True,3,indefinito,3,9,non disponibile,non disponibile,non disponibile,
タクシー 英語 検定,ja,1,google_ja_jp,1,英語 タクシー,generico,False,True,3,indefinito,3,9,non disponibile,non disponibile,non disponibile,
タクシー 英語 略,ja,1,google_ja_jp,1,英語 タクシー,generico,False,True,3,indefinito,3,9,non disponibile,non disponibile,non disponibile,
タクシー 英語 複数形,ja,1,google_ja_jp,1,英語 タクシー,generico,False,True,3,indefinito,3,9,non disponibile,non disponibile,non disponibile,
タクシー 迎車 料金 英語,ja,1,google_ja_jp,1,英語 タクシー,acquisto_servizio,False,True,3,turista,3,9,non disponibile,non disponibile,non disponibile,
タクシー 迎車 英語,ja,1,google_ja_jp,1,英語 タクシー,generico,False,True,3,indefinito,3,9,non disponibile,non disponibile,non disponibile,
タクシー 迎車料金 英語,ja,1,google_ja_jp,1,英語 タクシー,acquisto_servizio,False,True,3,turista,3,9,non disponibile,non disponibile,non disponibile,
タクシー 運賃 英語,ja,1,google_ja_jp,1,英語 タクシー,generico,False,True,3,indefinito,3,9,non disponibile,non disponibile,non disponibile,
タクシー 運転 手 英語,ja,1,google_ja_jp,1,英語 タクシー,generico,False,True,3,indefinito,3,9,non disponibile,non disponibile,non disponibile,
タクシー 運転 手 英語 ペラペラ,ja,1,google_ja_jp,1,英語 タクシー,generico,False,True,3,indefinito,3,9,non disponibile,non disponibile,non disponibile,
タクシー 運転 手 英語 独学,ja,1,google_ja_jp,1,英語 タクシー,generico,False,True,3,indefinito,3,9,non disponibile,non disponibile,non disponibile,
タクシー 運転手 英語,ja,1,google_ja_jp,1,英語 運転手,generico,False,True,3,indefinito,3,9,non disponibile,non disponibile,non disponibile,
タクシー 配車 英語,ja,1,google_ja_jp,1,英語 タクシー,generico,False,True,3,indefinito,3,9,non disponibile,non disponibile,non disponibile,
タクシー 降りる時 英語,ja,1,google_ja_jp,1,英語 タクシー,generico,False,True,3,indefinito,3,9,non disponibile,non disponibile,non disponibile,
タクシー 降車 場 英語,ja,1,google_ja_jp,1,英語 タクシー,generico,False,True,3,indefinito,3,9,non disponibile,non disponibile,non disponibile,
タクシー 領収 書 英語,ja,1,google_ja_jp,1,英語 タクシー,generico,False,True,3,indefinito,3,9,non disponibile,non disponibile,non disponibile,
タクシーありがとう 英語,ja,1,google_ja_jp,1,英語 タクシー,generico,False,True,3,indefinito,3,9,non disponibile,non disponibile,non disponibile,
タクシーお呼びしますか 英語,ja,1,google_ja_jp,1,英語 タクシー,generico,False,True,3,indefinito,3,9,non disponibile,non disponibile,non disponibile,
タクシーお願いします 英語,ja,1,google_ja_jp,1,英語 タクシー,generico,False,True,3,indefinito,3,9,non disponibile,non disponibile,non disponibile,
タクシーお願いできますか 英語,ja,1,google_ja_jp,1,英語 タクシー,generico,False,True,3,indefinito,3,9,non disponibile,non disponibile,non disponibile,
タクシーからおりる 英語,ja,1,google_ja_jp,1,英語 タクシー,generico,False,True,3,indefinito,3,9,non disponibile,non disponibile,non disponibile,
タクシーから降りる 英語,ja,1,google_ja_jp,1,英語 タクシー,generico,False,True,3,indefinito,3,9,non disponibile,non disponibile,non disponibile,
タクシーきたよ 英語,ja,1,google_ja_jp,1,英語 タクシー,generico,False,True,3,indefinito,3,9,non disponibile,non disponibile,non disponibile,
タクシーには乗らないつもりでしたが、私は遠くに住んでいます 英語,ja,1,google_ja_jp,1,英語 タクシー,generico,False,True,3,indefinito,3,9,non disponibile,non disponibile,non disponibile,
タクシーに乗った 英語,ja,1,google_ja_jp,1,英語 タクシー,generico,False,True,3,indefinito,3,9,non disponibile,non disponibile,non disponibile,
タクシーに乗りたい 英語,ja,1,google_ja_jp,1,英語 タクシー,generico,False,True,3,indefinito,3,9,non disponibile,non disponibile,non disponibile,
タクシーに乗りませんか 英語,ja,1,google_ja_jp,1,英語 タクシー,generico,False,True,3,indefinito,3,9,non disponibile,non disponibile,non disponibile,
タクシーに乗る英語,ja,1,bing_ja-JP,1,英語 タクシー,generico,False,True,3,indefinito,3,9,non disponibile,non disponibile,non disponibile,
タクシーの中で 英語,ja,1,google_ja_jp,1,英語 タクシー,generico,False,True,3,indefinito,3,9,non disponibile,non disponibile,non disponibile,
タクシーの乗客 英語,ja,1,google_ja_jp,1,英語 タクシー,generico,False,True,3,indefinito,3,9,non disponibile,non disponibile,non disponibile,
タクシーの予約 英語,ja,1,google_ja_jp,1,英語 タクシー,acquisto_servizio,False,True,3,turista,3,9,non disponibile,non disponibile,non disponibile,
タクシーの予約をお願いします 英語,ja,1,google_ja_jp,1,英語 タクシー,acquisto_servizio,False,True,3,turista,3,9,non disponibile,non disponibile,non disponibile,
タクシーの予約をしたい 英語,ja,1,google_ja_jp,1,英語 タクシー,acquisto_servizio,False,True,3,turista,3,9,non disponibile,non disponibile,non disponibile,
タクシーの手配 英語,ja,1,google_ja_jp,1,英語 タクシー,acquisto_servizio,False,True,3,operatore,3,9,non disponibile,non disponibile,non disponibile,
タクシーの手配をお願いします 英語,ja,1,google_ja_jp,1,英語 タクシー,acquisto_servizio,False,True,3,operatore,3,9,non disponibile,non disponibile,non disponibile,
タクシーの料金 英語,ja,1,google_ja_jp,1,英語 タクシー,acquisto_servizio,False,True,3,turista,3,9,non disponibile,non disponibile,non disponibile,
タクシーの運転手 英語,ja,1,google_ja_jp,1,英語 タクシー,generico,False,True,3,indefinito,3,9,non disponibile,non disponibile,non disponibile,
タクシーは10分後に来ます 英語,ja,1,google_ja_jp,1,英語 タクシー,generico,False,True,3,indefinito,3,9,non disponibile,non disponibile,non disponibile,
タクシーはいりません、近くに住んでいます 英語,ja,1,google_ja_jp,1,英語 タクシー,generico,False,True,3,indefinito,3,9,non disponibile,non disponibile,non disponibile,
タクシーはどこですか 英語,ja,1,google_ja_jp,1,英語 タクシー,generico,False,True,3,indefinito,3,9,non disponibile,non disponibile,non disponibile,
タクシーはどこで乗れますか 英語,ja,1,google_ja_jp,1,英語 タクシー,generico,False,True,3,indefinito,3,9,non disponibile,non disponibile,non disponibile,
タクシーはまだですか 英語,ja,1,google_ja_jp,1,英語 タクシー,generico,False,True,3,indefinito,3,9,non disponibile,non disponibile,non disponibile,
タクシーは向こうです。ここではありません 英語,ja,1,google_ja_jp,1,英語 タクシー,generico,False,True,3,indefinito,3,9,non disponibile,non disponibile,non disponibile,
タクシーは呼べますか 英語,ja,1,google_ja_jp,1,英語 タクシー,generico,False,True,3,indefinito,3,9,non disponibile,non disponibile,non disponibile,
タクシーは必要ですか 英語,ja,1,google_ja_jp,1,英語 タクシー,generico,False,True,3,indefinito,3,9,non disponibile,non disponibile,non disponibile,
タクシーは要りません、近くに住んでいます 英語,ja,1,google_ja_jp,1,英語 タクシー,generico,False,True,3,indefinito,3,9,non disponibile,non disponibile,non disponibile,
タクシーまだですか 英語,ja,1,google_ja_jp,1,英語 タクシー,generico,False,True,3,indefinito,3,9,non disponibile,non disponibile,non disponibile,
タクシーまで 英語,ja,1,google_ja_jp,1,英語 タクシー,generico,False,True,3,indefinito,3,9,non disponibile,non disponibile,non disponibile,
タクシーまでご案内します 英語,ja,1,google_ja_jp,1,英語 タクシー,generico,False,True,3,indefinito,3,9,non disponibile,non disponibile,non disponibile,
タクシーよろしくお願いします 英語,ja,1,google_ja_jp,1,英語 タクシー,generico,False,True,3,indefinito,3,9,non disponibile,non disponibile,non disponibile,
タクシーをひろう 英語,ja,1,google_ja_jp,1,英語 タクシー,generico,False,True,3,indefinito,3,9,non disponibile,non disponibile,non disponibile,
タクシーをよぶ 英語,ja,1,google_ja_jp,1,英語 タクシー,generico,False,True,3,indefinito,3,9,non disponibile,non disponibile,non disponibile,
タクシーをよんでください 英語,ja,1,google_ja_jp,1,英語 タクシー,generico,False,True,3,indefinito,3,9,non disponibile,non disponibile,non disponibile,
タクシーを呼ぶ英語,ja,1,bing_ja-JP,1,英語 タクシー,generico,False,True,3,indefinito,3,9,non disponibile,non disponibile,non disponibile,
タクシーを手配する 英語,ja,1,google_ja_jp,1,英語 タクシー,acquisto_servizio,False,True,3,operatore,3,9,non disponibile,non disponibile,non disponibile,
タクシーを読んでください 英語,ja,1,google_ja_jp,1,英語 タクシー,generico,False,True,3,indefinito,3,9,non disponibile,non disponibile,non disponibile,
タクシーを降りる 英語,ja,1,google_ja_jp,1,英語 タクシー,generico,False,True,3,indefinito,3,9,non disponibile,non disponibile,non disponibile,
タクシードライバー 英語ペラペラ,ja,1,google_ja_jp,1,英語 タクシー,generico,False,True,3,indefinito,3,9,non disponibile,non disponibile,non disponibile,
タクシードライバー英語求人,ja,1,bing_ja-JP,1,英語 ドライバー,assunzione,False,True,3,autista,3,9,non disponibile,non disponibile,non disponibile,
タクシー乗り場 英語,ja,1,google_ja_jp,1,英語 タクシー,generico,False,True,3,indefinito,3,9,non disponibile,non disponibile,non disponibile,
タクシー乗り場英語,ja,1,bing_ja-JP,1,英語 タクシー,generico,False,True,3,indefinito,3,9,non disponibile,non disponibile,non disponibile,
タクシー代英語,ja,1,bing_ja-JP,1,英語 タクシー,generico,False,True,3,indefinito,3,9,non disponibile,non disponibile,non disponibile,
タクシー料金英語,ja,1,bing_ja-JP,1,英語 タクシー,acquisto_servizio,False,True,3,turista,3,9,non disponibile,non disponibile,non disponibile,
タクシー頼み方 英語,ja,1,google_ja_jp,1,英語 タクシー,generico,False,True,3,indefinito,3,9,non disponibile,non disponibile,non disponibile,
テイク ミー ハイヤー 英語,ja,1,google_ja_jp,1,ハイヤー 英語,generico,False,True,3,indefinito,3,9,non disponibile,non disponibile,non disponibile,
テイク ミー ハイヤー 英語 歌詞,ja,1,google_ja_jp,1,ハイヤー 英語,generico,False,True,3,indefinito,3,9,non disponibile,non disponibile,non disponibile,
ハイヤー する 英語,ja,1,google_ja_jp,1,ハイヤー 英語,generico,False,True,3,indefinito,3,9,non disponibile,non disponibile,non disponibile,
ハイヤー と は 英語,ja,1,google_ja_jp,1,ハイヤー 英語,generico,False,True,3,indefinito,3,9,non disponibile,non disponibile,non disponibile,
ハイヤー グラウンド 英語,ja,1,google_ja_jp,1,ハイヤー 英語,generico,False,True,3,indefinito,3,9,non disponibile,non disponibile,non disponibile,
ハイヤー サービス 英語,ja,1,google_ja_jp,1,ハイヤー 英語,generico,False,True,3,indefinito,3,9,non disponibile,non disponibile,non disponibile,
ハイヤー セルフ 英語,ja,1,google_ja_jp,1,ハイヤー 英語,generico,False,True,3,indefinito,3,9,non disponibile,non disponibile,non disponibile,
ハイヤー ドラゴン 英語,ja,1,google_ja_jp,1,ハイヤー 英語,generico,False,True,3,indefinito,3,9,non disponibile,non disponibile,non disponibile,
ハイヤー パワー 英語,ja,1,google_ja_jp,1,ハイヤー 英語,generico,False,True,3,indefinito,3,9,non disponibile,non disponibile,non disponibile,
ハイヤー 予約 英語,ja,1,google_ja_jp,1,ハイヤー 英語,acquisto_servizio,False,True,3,turista,3,9,non disponibile,non disponibile,non disponibile,
ハイヤー 代 英語,ja,1,google_ja_jp,1,ハイヤー 英語,generico,False,True,3,indefinito,3,9,non disponibile,non disponibile,non disponibile,
ハイヤー 代金 英語,ja,1,google_ja_jp,1,ハイヤー 英語,generico,False,True,3,indefinito,3,9,non disponibile,non disponibile,non disponibile,
ハイヤー 会社 英語,ja,1,google_ja_jp,1,ハイヤー 英語,generico,False,True,3,operatore,3,9,non disponibile,non disponibile,non disponibile,
ハイヤー 和製 英語,ja,1,google_ja_jp,1,ハイヤー 英語,generico,False,True,3,indefinito,3,9,non disponibile,non disponibile,non disponibile,
ハイヤー 料金 英語,ja,1,google_ja_jp,1,ハイヤー 英語,acquisto_servizio,False,True,3,turista,3,9,non disponibile,non disponibile,non disponibile,
ハイヤー 求人 英語,ja,1,google_ja_jp,1,ハイヤー 求人,assunzione,False,True,3,autista,3,9,non disponibile,non disponibile,non disponibile,
ハイヤー 英語 対応,ja,1,google_ja_jp,1,ハイヤー 英語,generico,False,True,3,indefinito,3,9,non disponibile,non disponibile,non disponibile,
ハイヤー 英語 車,ja,1,google_ja_jp,1,ハイヤー 英語,generico,False,True,3,indefinito,3,9,non disponibile,non disponibile,non disponibile,
ハイヤー 英語 雇う,ja,1,google_ja_jp,1,ハイヤー 英語,generico,False,True,3,indefinito,3,9,non disponibile,non disponibile,non disponibile,
ハイヤー 英語 高い,ja,1,google_ja_jp,1,ハイヤー 英語,generico,False,True,3,indefinito,3,9,non disponibile,non disponibile,non disponibile,
ハイヤー 英語対応,ja,1,bing_ja-JP,1,ハイヤー 英語,generico,False,True,3,indefinito,3,9,non disponibile,non disponibile,non disponibile,
ハイヤー 運転 手 英語,ja,1,google_ja_jp,1,ハイヤー 英語,generico,False,True,3,indefinito,3,9,non disponibile,non disponibile,non disponibile,
ハイヤーカー 英語,ja,1,google_ja_jp,1,ハイヤー 英語,generico,False,True,3,indefinito,3,9,non disponibile,non disponibile,non disponibile,
ハイヤー手配 英語,ja,1,google_ja_jp,1,ハイヤー 英語,acquisto_servizio,False,True,3,operatore,3,9,non disponibile,non disponibile,non disponibile,
ハイヤー料金英語,ja,1,bing_ja-JP,1,ハイヤー 英語,acquisto_servizio,False,True,3,turista,3,9,non disponibile,non disponibile,non disponibile,
バイク タクシー 英語,ja,1,google_ja_jp,1,英語 タクシー,generico,False,True,3,indefinito,3,9,non disponibile,non disponibile,non disponibile,
バン タクシー 英語,ja,1,google_ja_jp,1,英語 タクシー,generico,False,True,3,indefinito,3,9,non disponibile,non disponibile,non disponibile,
パリ タクシー 英語,ja,1,google_ja_jp,1,英語 タクシー,generico,False,True,3,indefinito,3,9,non disponibile,non disponibile,non disponibile,
パリ タクシー 英語 タイトル,ja,1,google_ja_jp,1,英語 タクシー,generico,False,True,3,indefinito,3,9,non disponibile,non disponibile,non disponibile,
プライベート ハイヤー 英語,ja,1,google_ja_jp,1,ハイヤー 英語,generico,False,True,3,indefinito,3,9,non disponibile,non disponibile,non disponibile,
ヘイ タクシー 英語,ja,1,google_ja_jp,1,英語 タクシー,generico,False,True,3,indefinito,3,9,non disponibile,non disponibile,non disponibile,
ベトナム タクシー 英語,ja,1,google_ja_jp,1,英語 タクシー,generico,False,True,3,indefinito,3,9,non disponibile,non disponibile,non disponibile,
リムジン タクシー 英語,ja,1,google_ja_jp,1,英語 タクシー,generico,False,True,3,indefinito,3,9,non disponibile,non disponibile,non disponibile,
ロボ タクシー 英語,ja,1,google_ja_jp,1,英語 タクシー,generico,False,True,3,indefinito,3,9,non disponibile,non disponibile,non disponibile,
二種免許 学科試験 英語,ja,1,google_ja_jp,1,二種免許 英語,informativo,False,True,3,autista,3,9,non disponibile,non disponibile,non disponibile,
二種免許英語,ja,1,bing_ja-JP,1,二種免許 英語,generico,False,True,3,indefinito,3,9,non disponibile,non disponibile,non disponibile,
京都 英語 タクシー ガイド,ja,1,google_ja_jp,1,英語 タクシー,generico,False,True,3,indefinito,3,9,non disponibile,non disponibile,non disponibile,
介護 タクシー 英語,ja,1,google_ja_jp,1,英語 タクシー,generico,False,True,3,indefinito,3,9,non disponibile,non disponibile,non disponibile,
個人 タクシー 英語,ja,1,google_ja_jp,1,英語 タクシー,generico,False,True,3,indefinito,3,9,non disponibile,non disponibile,non disponibile,
占い タクシー 英語 タイトル,ja,1,google_ja_jp,1,英語 タクシー,generico,False,True,3,indefinito,3,9,non disponibile,non disponibile,non disponibile,
友達は疲れていたので 彼らは タクシーに乗りました 英語,ja,1,google_ja_jp,1,英語 タクシー,generico,False,True,3,indefinito,3,9,non disponibile,non disponibile,non disponibile,
国際 ハイヤー 英語,ja,1,google_ja_jp,1,ハイヤー 英語,generico,False,True,3,indefinito,3,9,non disponibile,non disponibile,non disponibile,
外国人二種免許,ja,1,bing_ja-JP,1,二種免許 外国人,generico,False,True,3,indefinito,3,9,non disponibile,non disponibile,non disponibile,
外国人二種免許取得,ja,1,bing_ja-JP,1,二種免許 外国人,informativo,False,True,3,autista,3,9,non disponibile,non disponibile,non disponibile,
大丈夫です タクシーに乗ります 英語,ja,1,google_ja_jp,1,英語 タクシー,generico,False,True,3,indefinito,3,9,non disponibile,non disponibile,non disponibile,
大阪 ハイヤー 英語,ja,1,google_ja_jp,1,ハイヤー 英語,generico,False,True,3,indefinito,3,9,non disponibile,non disponibile,non disponibile,
定額 タクシー 英語,ja,1,google_ja_jp,1,英語 タクシー,generico,False,True,3,indefinito,3,9,non disponibile,non disponibile,non disponibile,
定額 料金 タクシー 英語,ja,1,google_ja_jp,1,英語 タクシー,acquisto_servizio,False,True,3,turista,3,9,non disponibile,non disponibile,non disponibile,
日本 交通 ハイヤー 英語,ja,1,google_ja_jp,1,ハイヤー 英語,generico,False,True,3,indefinito,3,9,non disponibile,non disponibile,non disponibile,
映画 東京 タクシー 英語,ja,1,google_ja_jp,1,英語 タクシー,generico,False,True,3,indefinito,3,9,non disponibile,non disponibile,non disponibile,
東京 タクシー センター 英語,ja,1,google_ja_jp,1,英語 タクシー,generico,False,True,3,indefinito,3,9,non disponibile,non disponibile,non disponibile,
東京 タクシー センター 英語 中級,ja,1,google_ja_jp,1,英語 タクシー,generico,False,True,3,indefinito,3,9,non disponibile,non disponibile,non disponibile,
東京 タクシー センター 英語 検定,ja,1,google_ja_jp,1,英語 タクシー,generico,False,True,3,indefinito,3,9,non disponibile,non disponibile,non disponibile,
東京 タクシー センター 英語 研修,ja,1,google_ja_jp,1,英語 タクシー,generico,False,True,3,indefinito,3,9,non disponibile,non disponibile,non disponibile,
東京 タクシー 英語,ja,1,google_ja_jp,1,英語 タクシー,generico,False,True,3,indefinito,3,9,non disponibile,non disponibile,non disponibile,
東京 タクシー 英語 字幕,ja,1,google_ja_jp,1,英語 タクシー,generico,False,True,3,indefinito,3,9,non disponibile,non disponibile,non disponibile,
東京 ハイヤー 英語 対応,ja,1,google_ja_jp,1,ハイヤー 英語,generico,False,True,3,indefinito,3,9,non disponibile,non disponibile,non disponibile,
東京 無線 タクシー 英語,ja,1,google_ja_jp,1,英語 タクシー,generico,False,True,3,indefinito,3,9,non disponibile,non disponibile,non disponibile,
東京 観光 タクシー 英語,ja,1,google_ja_jp,1,英語 タクシー,generico,False,True,3,turista,3,9,non disponibile,non disponibile,non disponibile,
模範 タクシー 英語,ja,1,google_ja_jp,1,英語 タクシー,generico,False,True,3,indefinito,3,9,non disponibile,non disponibile,non disponibile,
模範 タクシー 英語 タイトル,ja,1,google_ja_jp,1,英語 タクシー,generico,False,True,3,indefinito,3,9,non disponibile,non disponibile,non disponibile,
水上 タクシー 英語,ja,1,google_ja_jp,1,英語 タクシー,generico,False,True,3,indefinito,3,9,non disponibile,non disponibile,non disponibile,
海外 旅行 タクシー 英語,ja,1,google_ja_jp,1,英語 タクシー,generico,False,True,3,indefinito,3,9,non disponibile,non disponibile,non disponibile,
無人 タクシー 英語,ja,1,google_ja_jp,1,英語 タクシー,generico,False,True,3,indefinito,3,9,non disponibile,non disponibile,non disponibile,
空港に行くには タクシーに乗って 英語,ja,1,google_ja_jp,1,英語 タクシー,generico,False,True,3,turista,3,9,non disponibile,non disponibile,non disponibile,
第二種免許外国人,ja,1,bing_ja-JP,1,二種免許 外国人,generico,False,True,3,indefinito,3,9,non disponibile,non disponibile,non disponibile,
自動 運転 タクシー 英語,ja,1,google_ja_jp,1,英語 タクシー,generico,False,True,3,indefinito,3,9,non disponibile,non disponibile,non disponibile,
英語 が 話せる タクシー ドライバー,ja,1,google_ja_jp,1,英語 タクシー,generico,False,True,3,indefinito,3,9,non disponibile,non disponibile,non disponibile,
英語 が 話せる タクシー 運転 手,ja,1,google_ja_jp,1,英語 タクシー,generico,False,True,3,indefinito,3,9,non disponibile,non disponibile,non disponibile,
英語 タクシー お願い し ます,ja,1,google_ja_jp,1,英語 タクシー,generico,False,True,3,indefinito,3,9,non disponibile,non disponibile,non disponibile,
英語 タクシー お願いします,ja,1,google_ja_jp,1,英語 タクシー,generico,False,True,3,indefinito,3,9,non disponibile,non disponibile,non disponibile,
英語 タクシー まで お願い し ます,ja,1,google_ja_jp,1,英語 タクシー,generico,False,True,3,indefinito,3,9,non disponibile,non disponibile,non disponibile,
英語 タクシー よろしく お願い し ます,ja,1,google_ja_jp,1,英語 タクシー,generico,False,True,3,indefinito,3,9,non disponibile,non disponibile,non disponibile,
英語 タクシー を 呼ぶ,ja,1,google_ja_jp,1,英語 タクシー,generico,False,True,3,indefinito,3,9,non disponibile,non disponibile,non disponibile,
英語 タクシー を 呼ん で ください,ja,1,google_ja_jp,1,英語 タクシー,generico,False,True,3,indefinito,3,9,non disponibile,non disponibile,non disponibile,
英語 タクシー を 捕まえる,ja,1,google_ja_jp,1,英語 タクシー,generico,False,True,3,indefinito,3,9,non disponibile,non disponibile,non disponibile,
英語 タクシー アプリ,ja,1,google_ja_jp,1,英語 タクシー,generico,False,True,3,indefinito,3,9,non disponibile,non disponibile,non disponibile,
英語 タクシー ドライバー,ja,1,google_ja_jp,1,英語 タクシー,generico,False,True,3,indefinito,3,9,non disponibile,non disponibile,non disponibile,
英語 タクシー ドライバー 求人,ja,1,google_ja_jp,1,英語 タクシー,assunzione,False,True,3,autista,3,9,non disponibile,non disponibile,non disponibile,
英語 タクシー 予約,ja,1,google_ja_jp,1,英語 タクシー,acquisto_servizio,False,True,3,turista,3,9,non disponibile,non disponibile,non disponibile,
英語 タクシー 代,ja,1,google_ja_jp,1,英語 タクシー,generico,False,True,3,indefinito,3,9,non disponibile,non disponibile,non disponibile,
英語 タクシー 会話,ja,1,google_ja_jp,1,英語 タクシー,generico,False,True,3,indefinito,3,9,non disponibile,non disponibile,non disponibile,
英語 タクシー 呼ぶ,ja,1,google_ja_jp,1,英語 タクシー,generico,False,True,3,indefinito,3,9,non disponibile,non disponibile,non disponibile,
英語 タクシー 呼ん で ください,ja,1,google_ja_jp,1,英語 タクシー,generico,False,True,3,indefinito,3,9,non disponibile,non disponibile,non disponibile,
英語 タクシー 挨拶,ja,1,google_ja_jp,1,英語 タクシー,generico,False,True,3,indefinito,3,9,non disponibile,non disponibile,non disponibile,
英語 タクシー 料金,ja,1,google_ja_jp,1,英語 タクシー,acquisto_servizio,False,True,3,turista,3,9,non disponibile,non disponibile,non disponibile,
英語 タクシー 目的 地,ja,1,google_ja_jp,1,英語 タクシー,generico,False,True,3,indefinito,3,9,non disponibile,non disponibile,non disponibile,
英語 タクシー 行き先 伝え 方,ja,1,google_ja_jp,1,英語 タクシー,generico,False,True,3,indefinito,3,9,non disponibile,non disponibile,non disponibile,
英語 タクシー 運転 手,ja,1,google_ja_jp,1,英語 タクシー,generico,False,True,3,indefinito,3,9,non disponibile,non disponibile,non disponibile,
英語 タクシーに乗る時,ja,1,google_ja_jp,1,英語 タクシー,generico,False,True,3,indefinito,3,9,non disponibile,non disponibile,non disponibile,
英語 タクシーを呼んでもらえますか,ja,1,google_ja_jp,1,英語 タクシー,generico,False,True,3,indefinito,3,9,non disponibile,non disponibile,non disponibile,
英語 タクシーを捕まえる,ja,1,google_ja_jp,1,英語 タクシー,generico,False,True,3,indefinito,3,9,non disponibile,non disponibile,non disponibile,
英語 タクシードライバー,ja,1,bing_ja-JP,1,英語 タクシー,generico,False,True,3,indefinito,3,9,non disponibile,non disponibile,non disponibile,
英語 タクシードライバー 年収,ja,1,google_ja_jp,1,英語 タクシー,assunzione,False,True,3,autista,3,9,non disponibile,non disponibile,non disponibile,
英語 タクシー乗り場,ja,1,bing_ja-JP,1,英語 タクシー,generico,False,True,3,indefinito,3,9,non disponibile,non disponibile,non disponibile,
英語 タクシー乗る時,ja,1,google_ja_jp,1,英語 タクシー,generico,False,True,3,indefinito,3,9,non disponibile,non disponibile,non disponibile,
英語 タクシー手配,ja,1,bing_ja-JP,1,英語 タクシー,acquisto_servizio,False,True,3,operatore,3,9,non disponibile,non disponibile,non disponibile,
英語 二種免許 通信,ja,1,google_ja_jp,1,二種免許 英語,generico,False,True,3,indefinito,3,9,non disponibile,non disponibile,non disponibile,
英語 対応 タクシー アプリ,ja,1,google_ja_jp,1,英語 タクシー,generico,False,True,3,indefinito,3,9,non disponibile,non disponibile,non disponibile,
英語タクシー求人,ja,1,bing_ja-JP,1,タクシー 英語 求人,assunzione,False,True,3,autista,3,9,non disponibile,non disponibile,non disponibile,
貸切ハイヤー 英語,ja,1,google_ja_jp,1,ハイヤー 英語,generico,False,True,3,turista,3,9,non disponibile,non disponibile,non disponibile,
運転手 英語 chauffeur,ja,1,google_ja_jp,1,英語 運転手,generico,False,True,3,indefinito,3,9,non disponibile,non disponibile,non disponibile,
陣痛 タクシー 英語,ja,1,google_ja_jp,1,英語 タクシー,generico,False,True,3,indefinito,3,9,non disponibile,non disponibile,non disponibile,
booking.com タクシー,ja,1,bing_ja-JP,2,タクシー 英語 求人|英語 タクシー,acquisto_servizio,False,True,2,turista,4,8,non disponibile,non disponibile,non disponibile,
booking.com タクシー 無料,ja,1,bing_ja-JP,2,タクシー 英語 求人|英語 タクシー,acquisto_servizio,False,True,2,turista,4,8,non disponibile,non disponibile,non disponibile,
go タクシー d 払いやり方,ja,1,bing_ja-JP,2,タクシー 英語 求人|英語 タクシー,generico,False,True,2,indefinito,4,8,non disponibile,non disponibile,non disponibile,
go タクシー d 払い使い方,ja,1,bing_ja-JP,2,タクシー 英語 求人|英語 タクシー,generico,False,True,2,indefinito,4,8,non disponibile,non disponibile,non disponibile,
go-タクシー,ja,1,bing_ja-JP,2,タクシー 英語 求人|英語 タクシー,generico,False,True,2,indefinito,4,8,non disponibile,non disponibile,non disponibile,
nex-t タクシー,ja,1,bing_ja-JP,2,タクシー 英語 求人|英語 タクシー,generico,False,True,2,indefinito,4,8,non disponibile,non disponibile,non disponibile,
trip.com タクシー,ja,1,bing_ja-JP,2,タクシー 英語 求人|英語 タクシー,generico,False,True,2,indefinito,4,8,non disponibile,non disponibile,non disponibile,
u-next 東京タクシー,ja,1,bing_ja-JP,2,タクシー 英語 求人|英語 タクシー 運転手 東京,generico,False,True,2,indefinito,4,8,non disponibile,non disponibile,non disponibile,
インバウンド 送迎業務 アテンド 求人,ja,1,bing_ja-JP,2,インバウンド ドライバー|インバウンド対応 ドライバー,assunzione,False,True,2,autista,4,8,non disponibile,non disponibile,non disponibile,
エフ・ジー タクシー,ja,1,bing_ja-JP,2,タクシー 英語 求人|英語 タクシー,generico,False,True,2,indefinito,4,8,non disponibile,non disponibile,non disponibile,
タクシー go と uber タクシー,ja,1,bing_ja-JP,2,タクシー 英語 求人|英語 タクシー,generico,False,True,2,indefinito,4,8,non disponibile,non disponibile,non disponibile,
タクシー 予約 電話 なんて言う,ja,1,bing_ja-JP,2,タクシー 英語 求人|英語 タクシー,acquisto_servizio,False,True,2,turista,4,8,non disponibile,non disponibile,non disponibile,
タクシー 仕事 つらい ブログ,ja,1,bing_ja-JP,2,タクシー 英語 求人|英語 タクシー,generico,False,True,2,indefinito,4,8,non disponibile,non disponibile,non disponibile,
タクシー 迎車料金 無料 横浜,ja,1,bing_ja-JP,2,タクシー 英語 求人|英語 タクシー,acquisto_servizio,False,True,2,turista,4,8,non disponibile,non disponibile,non disponibile,
タクシー 運賃 料金 を 調べる,ja,1,bing_ja-JP,2,タクシー 英語 求人|英語 タクシー,acquisto_servizio,False,True,2,turista,4,8,non disponibile,non disponibile,non disponibile,
タクシー-予約,ja,1,bing_ja-JP,2,タクシー 英語 求人|英語 タクシー,acquisto_servizio,False,True,2,turista,4,8,non disponibile,non disponibile,non disponibile,
タクシー-協会,ja,1,bing_ja-JP,2,タクシー 英語 求人|英語 タクシー,generico,False,True,2,indefinito,4,8,non disponibile,non disponibile,non disponibile,
タクシー-料金,ja,1,bing_ja-JP,2,タクシー 英語 求人|英語 タクシー,acquisto_servizio,False,True,2,turista,4,8,non disponibile,non disponibile,non disponibile,
タクシー-料金検索,ja,1,bing_ja-JP,2,タクシー 英語 求人|英語 タクシー,acquisto_servizio,False,True,2,turista,4,8,non disponibile,non disponibile,non disponibile,
タクシー―料金,ja,1,bing_ja-JP,2,タクシー 英語 求人|英語 タクシー,acquisto_servizio,False,True,2,turista,4,8,non disponibile,non disponibile,non disponibile,
タクシー会社 m&a,ja,1,bing_ja-JP,2,タクシー 英語 求人|英語 タクシー 運転手 東京,generico,False,True,2,operatore,4,8,non disponibile,non disponibile,non disponibile,
ドライバー 運転手 英語,ja,1,google_ja_jp,2,英語 ドライバー|英語 運転手,generico,False,True,2,indefinito,4,8,non disponibile,non disponibile,non disponibile,
ハイヤー ドライバー 求人 大阪,ja,1,google_ja_jp,2,ハイヤー ドライバー|ハイヤー 求人,assunzione,False,True,2,autista,4,8,non disponibile,non disponibile,non disponibile,
ハイヤー ドライバー 求人 東京,ja,1,google_ja_jp,2,ハイヤー ドライバー|ハイヤー 求人,assunzione,False,True,2,autista,4,8,non disponibile,non disponibile,non disponibile,
ハイヤー ドライバー 求人 関西,ja,1,google_ja_jp,2,ハイヤー ドライバー|ハイヤー 求人,assunzione,False,True,2,autista,4,8,non disponibile,non disponibile,non disponibile,
ハイヤー 乗務員 求人,ja,1,google_ja_jp,2,ハイヤー 乗務員|ハイヤー 求人,assunzione,False,True,2,autista,4,8,non disponibile,non disponibile,non disponibile,
ハイヤードライバー求人,ja,1,bing_ja-JP,2,ハイヤー ドライバー|ハイヤー 求人,assunzione,False,True,2,autista,4,8,non disponibile,non disponibile,non disponibile,
乗合タクシー q&a,ja,1,bing_ja-JP,2,タクシー 英語 求人|英語 タクシー,generico,False,True,2,indefinito,4,8,non disponibile,non disponibile,non disponibile,
介護タクシーh&r,ja,1,bing_ja-JP,2,タクシー 英語 求人|英語 タクシー 運転手 東京,generico,False,True,2,indefinito,4,8,non disponibile,non disponibile,non disponibile,
日本交通 タクシー 求人 大阪,ja,1,bing_ja-JP,2,タクシー 英語 求人|英語 タクシー,assunzione,False,True,2,autista,4,8,non disponibile,non disponibile,non disponibile,
映画、東京タクシー,ja,1,bing_ja-JP,2,英語 タクシー|英語 タクシー 運転手 東京,generico,False,True,2,indefinito,4,8,non disponibile,non disponibile,non disponibile,
映画・東京タクシー,ja,1,bing_ja-JP,2,英語 タクシー|英語 タクシー 運転手 東京,generico,False,True,2,indefinito,4,8,non disponibile,non disponibile,non disponibile,
普通二種免許 at mt どっち,ja,1,bing_ja-JP,2,二種免許 外国人|二種免許 英語,generico,False,True,2,indefinito,4,8,non disponibile,non disponibile,non disponibile,
普通免許 第一種 第二種 違い,ja,1,bing_ja-JP,2,二種免許 外国人|二種免許 英語,informativo,False,True,2,indefinito,4,8,non disponibile,non disponibile,non disponibile,
札幌 タクシー 運転 手 求人,ja,1,bing_ja-JP,2,タクシー 英語 求人|英語 タクシー 運転手 東京,assunzione,False,True,2,autista,4,8,non disponibile,non disponibile,non disponibile,
東京 タクシー 人気 ランキング,ja,1,bing_ja-JP,2,タクシー 英語 求人|英語 タクシー,generico,False,True,2,indefinito,4,8,non disponibile,non disponibile,non disponibile,
東京 ハイヤー タクシー 協会,ja,1,bing_ja-JP,2,ハイヤー 乗務員|ハイヤー 求人,generico,False,True,2,indefinito,4,8,non disponibile,non disponibile,non disponibile,
東京・日本交通 タクシードライバー 求人,ja,1,bing_ja-JP,2,タクシー 英語 求人|英語 タクシー 運転手 東京,assunzione,False,True,2,autista,4,8,non disponibile,non disponibile,non disponibile,
現在地 から 近い タクシー会社 電話,ja,1,bing_ja-JP,2,タクシー 英語 求人|英語 タクシー,generico,False,True,2,operatore,4,8,non disponibile,non disponibile,non disponibile,
第二種免許 費用 普通免許 あり,ja,1,bing_ja-JP,2,二種免許 外国人|二種免許 英語,acquisto_servizio,False,True,2,autista,4,8,non disponibile,non disponibile,non disponibile,
自動車免許 一種 二種 何が違う,ja,1,bing_ja-JP,2,二種免許 外国人|二種免許 英語,generico,False,True,2,indefinito,4,8,non disponibile,non disponibile,non disponibile,
自動車免許 第一種 第二種 違い,ja,1,bing_ja-JP,2,二種免許 外国人|二種免許 英語,informativo,False,True,2,indefinito,4,8,non disponibile,non disponibile,non disponibile,
🚖 タクシー料金,ja,1,bing_ja-JP,2,タクシー 英語 求人|英語 タクシー,acquisto_servizio,False,True,2,turista,4,8,non disponibile,non disponibile,non disponibile,
ana 客室 乗務員 兼業,ja,1,google_ja_jp,1,乗務員 兼業,generico,False,True,2,autista,3,6,non disponibile,non disponibile,non disponibile,
d 払いアプリ go タクシー,ja,1,bing_ja-JP,1,英語 タクシー,generico,False,True,2,indefinito,3,6,non disponibile,non disponibile,non disponibile,
driver 運転手英語,ja,1,bing_ja-JP,1,英語 運転手,generico,False,True,2,indefinito,3,6,non disponibile,non disponibile,non disponibile,
go タクシー 迎車料金 東京,ja,1,bing_ja-JP,1,英語 タクシー 運転手 東京,acquisto_servizio,False,True,2,turista,3,6,non disponibile,non disponibile,non disponibile,
go タクシー会社 一覧 大阪,ja,1,bing_ja-JP,1,タクシー 英語 求人,generico,False,True,2,operatore,3,6,non disponibile,non disponibile,non disponibile,
km ハイヤー 求人,ja,1,google_ja_jp,1,ハイヤー 求人,assunzione,False,True,2,autista,3,6,non disponibile,non disponibile,non disponibile,
m's福祉タクシー,ja,1,bing_ja-JP,1,タクシー 英語 求人,generico,False,True,2,indefinito,3,6,non disponibile,non disponibile,non disponibile,
mk タクシー ハイヤー 求人,ja,1,google_ja_jp,1,ハイヤー 求人,assunzione,False,True,2,autista,3,6,non disponibile,non disponibile,non disponibile,
mk ハイヤー ドライバー,ja,1,google_ja_jp,1,ハイヤー ドライバー,generico,False,True,2,indefinito,3,6,non disponibile,non disponibile,non disponibile,
mk ハイヤー 求人,ja,1,google_ja_jp,1,ハイヤー 求人,assunzione,False,True,2,autista,3,6,non disponibile,non disponibile,non disponibile,
t-money タクシー,ja,1,bing_ja-JP,1,タクシー 英語 求人,generico,False,True,2,indefinito,3,6,non disponibile,non disponibile,non disponibile,
uber タクシー アメリカ 使い方,ja,1,bing_ja-JP,1,英語 タクシー,generico,False,True,2,indefinito,3,6,non disponibile,non disponibile,non disponibile,
uber タクシー 使い方 海外,ja,1,bing_ja-JP,1,英語 タクシー,generico,False,True,2,indefinito,3,6,non disponibile,non disponibile,non disponibile,
uber タクシー 海外 使い方,ja,1,bing_ja-JP,1,タクシー 英語 求人,generico,False,True,2,indefinito,3,6,non disponibile,non disponibile,non disponibile,
uber タクシー 海外 料金,ja,1,bing_ja-JP,1,タクシー 英語 求人,acquisto_servizio,False,True,2,turista,3,6,non disponibile,non disponibile,non disponibile,
uber ハイヤー ドライバー,ja,1,google_ja_jp,1,ハイヤー ドライバー,generico,False,True,2,indefinito,3,6,non disponibile,non disponibile,non disponibile,
uber ハイヤー 求人,ja,1,google_ja_jp,1,ハイヤー 求人,assunzione,False,True,2,autista,3,6,non disponibile,non disponibile,non disponibile,
vip ハイヤー 求人,ja,1,google_ja_jp,1,ハイヤー 求人,assunzione,False,True,2,autista,3,6,non disponibile,non disponibile,non disponibile,
vip 専属 ハイヤー ドライバー,ja,1,google_ja_jp,1,ハイヤー ドライバー,generico,False,True,2,indefinito,3,6,non disponibile,non disponibile,non disponibile,
z ハイヤー 求人,ja,1,google_ja_jp,1,ハイヤー 求人,assunzione,False,True,2,autista,3,6,non disponibile,non disponibile,non disponibile,
z ハイヤー求人募集,ja,1,bing_ja-JP,1,ハイヤー 求人,assunzione,False,True,2,autista,3,6,non disponibile,non disponibile,non disponibile,
お抱え 運転手 英語,ja,1,google_ja_jp,1,英語 運転手,generico,False,True,2,indefinito,3,6,non disponibile,non disponibile,non disponibile,
お抱え運転手英語,ja,1,bing_ja-JP,1,英語 運転手,generico,False,True,2,indefinito,3,6,non disponibile,non disponibile,non disponibile,
さくら ハイヤー 求人,ja,1,google_ja_jp,1,ハイヤー 求人,assunzione,False,True,2,autista,3,6,non disponibile,non disponibile,non disponibile,
と で ん ハイヤー 求人,ja,1,google_ja_jp,1,ハイヤー 求人,assunzione,False,True,2,autista,3,6,non disponibile,non disponibile,non disponibile,
みくに ハイヤー 求人,ja,1,google_ja_jp,1,ハイヤー 求人,assunzione,False,True,2,autista,3,6,non disponibile,non disponibile,non disponibile,
みどり ハイヤー 求人,ja,1,google_ja_jp,1,ハイヤー 求人,assunzione,False,True,2,autista,3,6,non disponibile,non disponibile,non disponibile,
インバウンド 送迎 ドライバー,ja,1,google_ja_jp,1,インバウンド ドライバー,generico,False,True,2,turista,3,6,non disponibile,non disponibile,non disponibile,
エムケイ ハイヤー 求人,ja,1,google_ja_jp,1,ハイヤー 求人,assunzione,False,True,2,autista,3,6,non disponibile,non disponibile,non disponibile,
カカオ タクシー 日本語 アプリ,ja,1,bing_ja-JP,1,英語 タクシー,generico,False,True,2,indefinito,3,6,non disponibile,non disponibile,non disponibile,
グリーンキャブ ハイヤー 求人,ja,1,google_ja_jp,1,ハイヤー 求人,assunzione,False,True,2,autista,3,6,non disponibile,non disponibile,non disponibile,
ゴルフ ドライバー ハイヤー,ja,1,google_ja_jp,1,ハイヤー ドライバー,generico,False,True,2,indefinito,3,6,non disponibile,non disponibile,non disponibile,
タクシー go と s ライド,ja,1,bing_ja-JP,1,タクシー 英語 求人,generico,False,True,2,indefinito,3,6,non disponibile,non disponibile,non disponibile,
タクシー go 迎車料金 東京,ja,1,bing_ja-JP,1,英語 タクシー 運転手 東京,acquisto_servizio,False,True,2,turista,3,6,non disponibile,non disponibile,non disponibile,
タクシー ドライバー ハイヤー ドライバー,ja,1,google_ja_jp,1,ハイヤー ドライバー,generico,False,True,2,indefinito,3,6,non disponibile,non disponibile,non disponibile,
タクシー ドライバー 紹介,ja,1,google_ja_jp,1,ドライバー 紹介,acquisto_servizio,False,True,2,operatore,3,6,non disponibile,non disponibile,non disponibile,
タクシー ドライバー 紹介 料,ja,1,google_ja_jp,1,ドライバー 紹介,acquisto_servizio,False,True,2,operatore,3,6,non disponibile,non disponibile,non disponibile,
タクシー ハイヤー 料金 違い,ja,1,bing_ja-JP,1,英語 タクシー,acquisto_servizio,False,True,2,turista,3,6,non disponibile,non disponibile,non disponibile,
タクシー ハイヤー 違い 法律,ja,1,bing_ja-JP,1,英語 タクシー,informativo,False,True,2,indefinito,3,6,non disponibile,non disponibile,non disponibile,
タクシー 一日貸切 金額 東京,ja,1,bing_ja-JP,1,英語 タクシー 運転手 東京,generico,False,True,2,turista,3,6,non disponibile,non disponibile,non disponibile,
タクシー 乗る時 なんて 言う,ja,1,bing_ja-JP,1,英語 タクシー,generico,False,True,2,indefinito,3,6,non disponibile,non disponibile,non disponibile,
タクシー 二種免許いらない,ja,1,google_ja_jp,1,二種免許,generico,False,True,2,indefinito,3,6,non disponibile,non disponibile,non disponibile,
タクシー 二種免許不要,ja,1,google_ja_jp,1,二種免許,generico,False,True,2,indefinito,3,6,non disponibile,non disponibile,non disponibile,
タクシー 二種免許落ちた,ja,1,google_ja_jp,1,二種免許,generico,False,True,2,indefinito,3,6,non disponibile,non disponibile,non disponibile,
タクシー 二種免許補助,ja,1,google_ja_jp,1,二種免許,generico,False,True,2,indefinito,3,6,non disponibile,non disponibile,non disponibile,
タクシー 二種免許難しい,ja,1,google_ja_jp,1,二種免許,generico,False,True,2,indefinito,3,6,non disponibile,non disponibile,non disponibile,
タクシー 定額 乗り放題 東京,ja,1,bing_ja-JP,1,英語 タクシー 運転手 東京,generico,False,True,2,indefinito,3,6,non disponibile,non disponibile,non disponibile,
タクシー 料金 検索 東京初乗り,ja,1,bing_ja-JP,1,英語 タクシー 運転手 東京,acquisto_servizio,False,True,2,turista,3,6,non disponibile,non disponibile,non disponibile,
タクシー 求人 二種免許,ja,1,google_ja_jp,1,二種免許,assunzione,False,True,2,autista,3,6,non disponibile,non disponibile,non disponibile,
タクシー 配車 予約 システム,ja,1,bing_ja-JP,1,タクシー 英語 求人,acquisto_servizio,False,True,2,turista,3,6,non disponibile,non disponibile,non disponibile,
タクシー 配車 予約 システム 法人,ja,1,bing_ja-JP,1,タクシー 英語 求人,acquisto_servizio,False,True,2,operatore,3,6,non disponibile,non disponibile,non disponibile,
タクシー運賃・料金を調べる,ja,1,bing_ja-JP,1,英語 タクシー,acquisto_servizio,False,True,2,turista,3,6,non disponibile,non disponibile,non disponibile,
テーラーメイドドライバーハイヤー,ja,1,bing_ja-JP,1,ハイヤー ドライバー,generico,False,True,2,indefinito,3,6,non disponibile,non disponibile,non disponibile,
ドライバー ジャパン ハイヤー,ja,1,google_ja_jp,1,ハイヤー ドライバー,generico,False,True,2,indefinito,3,6,non disponibile,non disponibile,non disponibile,
ドライバー 英語 運転手,ja,1,google_ja_jp,1,英語 運転手,generico,False,True,2,indefinito,3,6,non disponibile,non disponibile,non disponibile,
ドライバージャパンハイヤー,ja,1,bing_ja-JP,1,ハイヤー ドライバー,generico,False,True,2,indefinito,3,6,non disponibile,non disponibile,non disponibile,
ハイヤー の 乗務員,ja,1,google_ja_jp,1,ハイヤー 乗務員,generico,False,True,2,indefinito,3,6,non disponibile,non disponibile,non disponibile,
ハイヤー タクシー 求人,ja,1,google_ja_jp,1,ハイヤー 求人,assunzione,False,True,2,autista,3,6,non disponibile,non disponibile,non disponibile,
ハイヤー ドライバー z,ja,1,google_ja_jp,1,ハイヤー ドライバー,generico,False,True,2,indefinito,3,6,non disponibile,non disponibile,non disponibile,
ハイヤー ドライバー っ て 何,ja,1,google_ja_jp,1,ハイヤー ドライバー,generico,False,True,2,indefinito,3,6,non disponibile,non disponibile,non disponibile,
ハイヤー ドライバー と は,ja,1,google_ja_jp,1,ハイヤー ドライバー,generico,False,True,2,indefinito,3,6,non disponibile,non disponibile,non disponibile,
ハイヤー ドライバー とら,ja,1,google_ja_jp,1,ハイヤー ドライバー,generico,False,True,2,indefinito,3,6,non disponibile,non disponibile,non disponibile,
ハイヤー ドライバー やめ とけ,ja,1,google_ja_jp,1,ハイヤー ドライバー,generico,False,True,2,indefinito,3,6,non disponibile,non disponibile,non disponibile,
ハイヤー ドライバー アルバイト,ja,1,google_ja_jp,1,ハイヤー ドライバー,generico,False,True,2,indefinito,3,6,non disponibile,non disponibile,non disponibile,
ハイヤー ドライバー スーツ,ja,1,google_ja_jp,1,ハイヤー ドライバー,generico,False,True,2,indefinito,3,6,non disponibile,non disponibile,non disponibile,
ハイヤー ドライバー タクシー ドライバー 違い,ja,1,google_ja_jp,1,ハイヤー ドライバー,informativo,False,True,2,indefinito,3,6,non disponibile,non disponibile,non disponibile,
ハイヤー ドライバー タトゥー,ja,1,google_ja_jp,1,ハイヤー ドライバー,generico,False,True,2,indefinito,3,6,non disponibile,non disponibile,non disponibile,
ハイヤー ドライバー チップ,ja,1,google_ja_jp,1,ハイヤー ドライバー,generico,False,True,2,indefinito,3,6,non disponibile,non disponibile,non disponibile,
ハイヤー ドライバー デメリット,ja,1,google_ja_jp,1,ハイヤー ドライバー,generico,False,True,2,indefinito,3,6,non disponibile,non disponibile,non disponibile,
ハイヤー ドライバー バイト,ja,1,google_ja_jp,1,ハイヤー ドライバー,generico,False,True,2,indefinito,3,6,non disponibile,non disponibile,non disponibile,
ハイヤー ドライバー ブログ,ja,1,google_ja_jp,1,ハイヤー ドライバー,generico,False,True,2,indefinito,3,6,non disponibile,non disponibile,non disponibile,
ハイヤー ドライバー 仕事,ja,1,google_ja_jp,1,ハイヤー ドライバー,generico,False,True,2,indefinito,3,6,non disponibile,non disponibile,non disponibile,
ハイヤー ドライバー 仕事 内容,ja,1,google_ja_jp,1,ハイヤー ドライバー,generico,False,True,2,indefinito,3,6,non disponibile,non disponibile,non disponibile,
ハイヤー ドライバー 休み,ja,1,google_ja_jp,1,ハイヤー ドライバー,generico,False,True,2,indefinito,3,6,non disponibile,non disponibile,non disponibile,
ハイヤー ドライバー 免許,ja,1,google_ja_jp,1,ハイヤー ドライバー,generico,False,True,2,indefinito,3,6,non disponibile,non disponibile,non disponibile,
ハイヤー ドライバー 副業,ja,1,google_ja_jp,1,ハイヤー ドライバー,generico,False,True,2,autista,3,6,non disponibile,non disponibile,non disponibile,
ハイヤー ドライバー 募集,ja,1,google_ja_jp,1,ハイヤー ドライバー,assunzione,False,True,2,autista,3,6,non disponibile,non disponibile,non disponibile,
ハイヤー ドライバー 勤務 時間,ja,1,google_ja_jp,1,ハイヤー ドライバー,generico,False,True,2,indefinito,3,6,non disponibile,non disponibile,non disponibile,
ハイヤー ドライバー 千葉,ja,1,google_ja_jp,1,ハイヤー ドライバー,generico,False,True,2,indefinito,3,6,non disponibile,non disponibile,non disponibile,
ハイヤー ドライバー 収入,ja,1,google_ja_jp,1,ハイヤー ドライバー,generico,False,True,2,indefinito,3,6,non disponibile,non disponibile,non disponibile,
ハイヤー ドライバー 口コミ,ja,1,google_ja_jp,1,ハイヤー ドライバー,generico,False,True,2,indefinito,3,6,non disponibile,non disponibile,non disponibile,
ハイヤー ドライバー 大変,ja,1,google_ja_jp,1,ハイヤー ドライバー,generico,False,True,2,indefinito,3,6,non disponibile,non disponibile,non disponibile,
ハイヤー ドライバー 大手,ja,1,google_ja_jp,1,ハイヤー ドライバー,generico,False,True,2,indefinito,3,6,non disponibile,non disponibile,non disponibile,
ハイヤー ドライバー 大阪,ja,1,google_ja_jp,1,ハイヤー ドライバー,generico,False,True,2,indefinito,3,6,non disponibile,non disponibile,non disponibile,
ハイヤー ドライバー 女性,ja,1,google_ja_jp,1,ハイヤー ドライバー,generico,False,True,2,indefinito,3,6,non disponibile,non disponibile,non disponibile,
ハイヤー ドライバー 実態,ja,1,google_ja_jp,1,ハイヤー ドライバー,generico,False,True,2,indefinito,3,6,non disponibile,non disponibile,non disponibile,
ハイヤー ドライバー 将来 性,ja,1,google_ja_jp,1,ハイヤー ドライバー,generico,False,True,2,indefinito,3,6,non disponibile,non disponibile,non disponibile,
ハイヤー ドライバー 平均 年収,ja,1,google_ja_jp,1,ハイヤー ドライバー,assunzione,False,True,2,autista,3,6,non disponibile,non disponibile,non disponibile,
ハイヤー ドライバー 年収,ja,1,google_ja_jp,1,ハイヤー ドライバー,assunzione,False,True,2,autista,3,6,non disponibile,non disponibile,non disponibile,
ハイヤー ドライバー 志望 動機,ja,1,google_ja_jp,1,ハイヤー ドライバー,generico,False,True,2,indefinito,3,6,non disponibile,non disponibile,non disponibile,
ハイヤー ドライバー 採用,ja,1,google_ja_jp,1,ハイヤー ドライバー,assunzione,False,True,2,operatore,3,6,non disponibile,non disponibile,non disponibile,
ハイヤー ドライバー 月収,ja,1,google_ja_jp,1,ハイヤー ドライバー,generico,False,True,2,indefinito,3,6,non disponibile,non disponibile,non disponibile,
ハイヤー ドライバー 服装,ja,1,google_ja_jp,1,ハイヤー ドライバー,generico,False,True,2,indefinito,3,6,non disponibile,non disponibile,non disponibile,
ハイヤー ドライバー 未経験,ja,1,google_ja_jp,1,ハイヤー ドライバー,generico,False,True,2,indefinito,3,6,non disponibile,non disponibile,non disponibile,
ハイヤー ドライバー 条件,ja,1,google_ja_jp,1,ハイヤー ドライバー,generico,False,True,2,autista,3,6,non disponibile,non disponibile,non disponibile,
ハイヤー ドライバー 東京,ja,1,google_ja_jp,1,ハイヤー ドライバー,generico,False,True,2,indefinito,3,6,non disponibile,non disponibile,non disponibile,
ハイヤー ドライバー 業務 委託,ja,1,google_ja_jp,1,ハイヤー ドライバー,generico,False,True,2,operatore,3,6,non disponibile,non disponibile,non disponibile,
ハイヤー ドライバー 派遣,ja,1,google_ja_jp,1,ハイヤー ドライバー,generico,True,True,2,operatore,3,6,non disponibile,non disponibile,non disponibile,
ハイヤー ドライバー 知恵袋,ja,1,google_ja_jp,1,ハイヤー ドライバー,generico,False,True,2,indefinito,3,6,non disponibile,non disponibile,non disponibile,
ハイヤー ドライバー 研修,ja,1,google_ja_jp,1,ハイヤー ドライバー,generico,False,True,2,indefinito,3,6,non disponibile,non disponibile,non disponibile,
ハイヤー ドライバー 稼げる,ja,1,google_ja_jp,1,ハイヤー ドライバー,generico,False,True,2,indefinito,3,6,non disponibile,non disponibile,non disponibile,
ハイヤー ドライバー 給料,ja,1,google_ja_jp,1,ハイヤー ドライバー,assunzione,False,True,2,autista,3,6,non disponibile,non disponibile,non disponibile,
ハイヤー ドライバー 職種,ja,1,google_ja_jp,1,ハイヤー ドライバー,generico,False,True,2,indefinito,3,6,non disponibile,non disponibile,non disponibile,
ハイヤー ドライバー 評判,ja,1,google_ja_jp,1,ハイヤー ドライバー,generico,False,True,2,indefinito,3,6,non disponibile,non disponibile,non disponibile,
ハイヤー ドライバー 資格,ja,1,google_ja_jp,1,ハイヤー ドライバー,generico,False,True,2,autista,3,6,non disponibile,non disponibile,non disponibile,
ハイヤー ドライバー 転職,ja,1,google_ja_jp,1,ハイヤー ドライバー,assunzione,False,True,2,autista,3,6,non disponibile,non disponibile,non disponibile,
ハイヤー ドライバー 面接,ja,1,google_ja_jp,1,ハイヤー ドライバー,generico,False,True,2,indefinito,3,6,non disponibile,non disponibile,non disponibile,
ハイヤー ドライバー 髪型,ja,1,google_ja_jp,1,ハイヤー ドライバー,generico,False,True,2,indefinito,3,6,non disponibile,non disponibile,non disponibile,
ハイヤー ドライバーとは,ja,1,google_ja_jp,1,ハイヤー ドライバー,informativo,False,True,2,indefinito,3,6,non disponibile,non disponibile,non disponibile,
ハイヤー ドライバー派遣,ja,1,google_ja_jp,1,ハイヤー ドライバー,generico,True,True,2,operatore,3,6,non disponibile,non disponibile,non disponibile,
ハイヤー フォース 求人,ja,1,google_ja_jp,1,ハイヤー 求人,assunzione,False,True,2,autista,3,6,non disponibile,non disponibile,non disponibile,
ハイヤー 乗務員 と は,ja,1,google_ja_jp,1,ハイヤー 乗務員,generico,False,True,2,indefinito,3,6,non disponibile,non disponibile,non disponibile,
ハイヤー 乗務員 募集,ja,1,google_ja_jp,1,ハイヤー 乗務員,assunzione,False,True,2,autista,3,6,non disponibile,non disponibile,non disponibile,
ハイヤー 乗務員 実態,ja,1,google_ja_jp,1,ハイヤー 乗務員,generico,False,True,2,indefinito,3,6,non disponibile,non disponibile,non disponibile,
ハイヤー 乗務員 年収,ja,1,google_ja_jp,1,ハイヤー 乗務員,assunzione,False,True,2,autista,3,6,non disponibile,non disponibile,non disponibile,
ハイヤー 乗務員 証,ja,1,google_ja_jp,1,ハイヤー 乗務員,generico,False,True,2,indefinito,3,6,non disponibile,non disponibile,non disponibile,
ハイヤー 未経験 求人,ja,1,google_ja_jp,1,ハイヤー 求人,assunzione,False,True,2,autista,3,6,non disponibile,non disponibile,non disponibile,
ハイヤー 求人 - 福岡,ja,1,google_ja_jp,1,ハイヤー 求人,assunzione,False,True,2,autista,3,6,non disponibile,non disponibile,non disponibile,
ハイヤー 求人 京都,ja,1,google_ja_jp,1,ハイヤー 求人,assunzione,False,True,2,autista,3,6,non disponibile,non disponibile,non disponibile,
ハイヤー 求人 仮眠室,ja,1,bing_ja-JP,1,ハイヤー 求人,assunzione,False,True,2,autista,3,6,non disponibile,non disponibile,non disponibile,
ハイヤー 求人 八王子,ja,1,google_ja_jp,1,ハイヤー 求人,assunzione,False,True,2,autista,3,6,non disponibile,non disponibile,non disponibile,
ハイヤー 求人 千葉 県,ja,1,google_ja_jp,1,ハイヤー 求人,assunzione,False,True,2,autista,3,6,non disponibile,non disponibile,non disponibile,
ハイヤー 求人 口コミ,ja,1,google_ja_jp,1,ハイヤー 求人,assunzione,False,True,2,autista,3,6,non disponibile,non disponibile,non disponibile,
ハイヤー 求人 埼玉,ja,1,google_ja_jp,1,ハイヤー 求人,assunzione,False,True,2,autista,3,6,non disponibile,non disponibile,non disponibile,
ハイヤー 求人 埼玉 県,ja,1,google_ja_jp,1,ハイヤー 求人,assunzione,False,True,2,autista,3,6,non disponibile,non disponibile,non disponibile,
ハイヤー 求人 広島,ja,1,google_ja_jp,1,ハイヤー 求人,assunzione,False,True,2,autista,3,6,non disponibile,non disponibile,non disponibile,
ハイヤー 求人 愛知 県,ja,1,google_ja_jp,1,ハイヤー 求人,assunzione,False,True,2,autista,3,6,non disponibile,non disponibile,non disponibile,
ハイヤー 求人 札幌,ja,1,google_ja_jp,1,ハイヤー 求人,assunzione,False,True,2,autista,3,6,non disponibile,non disponibile,non disponibile,
ハイヤー 求人 横浜,ja,1,google_ja_jp,1,ハイヤー 求人,assunzione,False,True,2,autista,3,6,non disponibile,non disponibile,non disponibile,
ハイヤー 求人 沖縄,ja,1,google_ja_jp,1,ハイヤー 求人,assunzione,False,True,2,autista,3,6,non disponibile,non disponibile,non disponibile,
ハイヤー 求人 神奈川,ja,1,google_ja_jp,1,ハイヤー 求人,assunzione,False,True,2,autista,3,6,non disponibile,non disponibile,non disponibile,
ハイヤー 求人 福岡,ja,1,bing_ja-JP,1,ハイヤー 求人,assunzione,False,True,2,autista,3,6,non disponibile,non disponibile,non disponibile,
ハイヤー 求人 茨城,ja,1,google_ja_jp,1,ハイヤー 求人,assunzione,False,True,2,autista,3,6,non disponibile,non disponibile,non disponibile,
ハイヤー 求人 足立区,ja,1,google_ja_jp,1,ハイヤー 求人,assunzione,False,True,2,autista,3,6,non disponibile,non disponibile,non disponibile,
ハイヤー 求人 都内,ja,1,google_ja_jp,1,ハイヤー 求人,assunzione,False,True,2,autista,3,6,non disponibile,non disponibile,non disponibile,
ハイヤー 求人 関西,ja,1,google_ja_jp,1,ハイヤー 求人,assunzione,False,True,2,autista,3,6,non disponibile,non disponibile,non disponibile,
ハイヤー 求人 高 収入,ja,1,google_ja_jp,1,ハイヤー 求人,assunzione,False,True,2,autista,3,6,non disponibile,non disponibile,non disponibile,
ハイヤー 求人サイト,ja,1,bing_ja-JP,1,ハイヤー 求人,assunzione,False,True,2,autista,3,6,non disponibile,non disponibile,non disponibile,
ハイヤー 運転 手 求人,ja,1,google_ja_jp,1,ハイヤー 求人,assunzione,False,True,2,autista,3,6,non disponibile,non disponibile,non disponibile,
ハイヤー 運転手 求人,ja,1,google_ja_jp,1,ハイヤー 求人,assunzione,False,True,2,autista,3,6,non disponibile,non disponibile,non disponibile,
ハイヤーの乗務員,ja,1,bing_ja-JP,1,ハイヤー 乗務員,generico,False,True,2,indefinito,3,6,non disponibile,non disponibile,non disponibile,
ハイヤードライバー きつい,ja,1,bing_ja-JP,1,ハイヤー ドライバー,generico,False,True,2,indefinito,3,6,non disponibile,non disponibile,non disponibile,
ハイヤードライバー 年収,ja,1,bing_ja-JP,1,ハイヤー ドライバー,assunzione,False,True,2,autista,3,6,non disponibile,non disponibile,non disponibile,
ハイヤードライバー 業種,ja,1,google_ja_jp,1,ハイヤー ドライバー,generico,False,True,2,indefinito,3,6,non disponibile,non disponibile,non disponibile,
ハイヤードライバー 福岡,ja,1,google_ja_jp,1,ハイヤー ドライバー,generico,False,True,2,indefinito,3,6,non disponibile,non disponibile,non disponibile,
ハイヤードライバー 評判,ja,1,bing_ja-JP,1,ハイヤー ドライバー,generico,False,True,2,indefinito,3,6,non disponibile,non disponibile,non disponibile,
ハイヤードライバーきつい,ja,1,bing_ja-JP,1,ハイヤー ドライバー,generico,False,True,2,indefinito,3,6,non disponibile,non disponibile,non disponibile,
ハイヤードライバーとは,ja,1,bing_ja-JP,1,ハイヤー ドライバー,informativo,False,True,2,indefinito,3,6,non disponibile,non disponibile,non disponibile,
ハイヤードライバー募集,ja,1,bing_ja-JP,1,ハイヤー ドライバー,assunzione,False,True,2,autista,3,6,non disponibile,non disponibile,non disponibile,
ハイヤードライバー年収,ja,1,bing_ja-JP,1,ハイヤー ドライバー,assunzione,False,True,2,autista,3,6,non disponibile,non disponibile,non disponibile,
ハイヤードライバー派遣,ja,1,bing_ja-JP,1,ハイヤー ドライバー,generico,True,True,2,operatore,3,6,non disponibile,non disponibile,non disponibile,
ハイヤードライバー評判,ja,1,bing_ja-JP,1,ハイヤー ドライバー,generico,False,True,2,indefinito,3,6,non disponibile,non disponibile,non disponibile,
ハイヤー・タクシー,ja,1,bing_ja-JP,1,タクシー 英語 求人,generico,False,True,2,indefinito,3,6,non disponibile,non disponibile,non disponibile,
ハイヤー乗務員,ja,1,bing_ja-JP,1,ハイヤー 乗務員,generico,False,True,2,indefinito,3,6,non disponibile,non disponibile,non disponibile,
ハイヤー乗務員 労働時間,ja,1,bing_ja-JP,1,ハイヤー 乗務員,generico,False,True,2,autista,3,6,non disponibile,non disponibile,non disponibile,
ハイヤー乗務員とは,ja,1,bing_ja-JP,1,ハイヤー 乗務員,informativo,False,True,2,indefinito,3,6,non disponibile,non disponibile,non disponibile,
ハイヤー乗務員労働時間,ja,1,bing_ja-JP,1,ハイヤー 乗務員,generico,False,True,2,autista,3,6,non disponibile,non disponibile,non disponibile,
ハイヤー乗務員募集,ja,1,bing_ja-JP,1,ハイヤー 乗務員,assunzione,False,True,2,autista,3,6,non disponibile,non disponibile,non disponibile,
ハイヤー乗務員教育計画,ja,1,bing_ja-JP,1,ハイヤー 乗務員,generico,False,True,2,indefinito,3,6,non disponibile,non disponibile,non disponibile,
ハイヤー乗務員証,ja,1,bing_ja-JP,1,ハイヤー 乗務員,generico,False,True,2,indefinito,3,6,non disponibile,non disponibile,non disponibile,
ハイヤー東京求人,ja,1,bing_ja-JP,1,ハイヤー 求人,assunzione,False,True,2,autista,3,6,non disponibile,non disponibile,non disponibile,
ハイヤー求人 大阪,ja,1,bing_ja-JP,1,ハイヤー 求人,assunzione,False,True,2,autista,3,6,non disponibile,non disponibile,non disponibile,
ハイヤー求人東京,ja,1,bing_ja-JP,1,ハイヤー 求人,assunzione,False,True,2,autista,3,6,non disponibile,non disponibile,non disponibile,
ハローワーク 二種免許補助金,ja,1,google_ja_jp,1,二種免許,generico,False,True,2,indefinito,3,6,non disponibile,non disponibile,non disponibile,
パトカー 二種免許,ja,1,google_ja_jp,1,二種免許,generico,False,True,2,indefinito,3,6,non disponibile,non disponibile,non disponibile,
フォークリフト 運転手 英語,ja,1,google_ja_jp,1,英語 運転手,generico,False,True,2,indefinito,3,6,non disponibile,non disponibile,non disponibile,
プロドライバー ハイヤー,ja,1,google_ja_jp,1,ハイヤー ドライバー,generico,False,True,2,indefinito,3,6,non disponibile,non disponibile,non disponibile,
プロドライバーハイヤー,ja,1,bing_ja-JP,1,ハイヤー ドライバー,generico,False,True,2,indefinito,3,6,non disponibile,non disponibile,non disponibile,
ペットタクシー 二種免許,ja,1,google_ja_jp,1,二種免許,generico,False,True,2,indefinito,3,6,non disponibile,non disponibile,non disponibile,
ペースメーカー 二種免許,ja,1,google_ja_jp,1,二種免許,generico,False,True,2,indefinito,3,6,non disponibile,non disponibile,non disponibile,
ライドシェア 二種免許いらない,ja,1,google_ja_jp,1,二種免許,generico,False,True,2,indefinito,3,6,non disponibile,non disponibile,non disponibile,
ライドシェア 二種免許いる,ja,1,google_ja_jp,1,二種免許,generico,False,True,2,indefinito,3,6,non disponibile,non disponibile,non disponibile,
レインボーモータースクール 和光 二種免許,ja,1,google_ja_jp,1,二種免許,generico,False,True,2,indefinito,3,6,non disponibile,non disponibile,non disponibile,
ロイヤルリムジン ハイヤー 求人,ja,1,google_ja_jp,1,ハイヤー 求人,assunzione,False,True,2,autista,3,6,non disponibile,non disponibile,non disponibile,
ワンマン代行 二種免許,ja,1,google_ja_jp,1,二種免許,generico,False,True,2,indefinito,3,6,non disponibile,non disponibile,non disponibile,
上 信 ハイヤー 求人,ja,1,google_ja_jp,1,ハイヤー 求人,assunzione,False,True,2,autista,3,6,non disponibile,non disponibile,non disponibile,
中国語 ハイヤー 求人,ja,1,google_ja_jp,1,ハイヤー 求人,assunzione,False,True,2,autista,3,6,non disponibile,non disponibile,non disponibile,
乗務員証ハイヤー,ja,1,bing_ja-JP,1,ハイヤー 乗務員,generico,False,True,2,indefinito,3,6,non disponibile,non disponibile,non disponibile,
二俣川免許センター 二種免許予約,ja,1,google_ja_jp,1,二種免許,acquisto_servizio,False,True,2,turista,3,6,non disponibile,non disponibile,non disponibile,
二種免許,ja,1,google_ja_jp,1,二種免許,generico,False,True,2,indefinito,3,6,40.4,100,-9.1,
二種免許 at,ja,1,google_ja_jp,1,二種免許,generico,False,True,2,indefinito,3,6,non disponibile,non disponibile,non disponibile,
二種免許 at mt,ja,1,google_ja_jp,1,二種免許,generico,False,True,2,indefinito,3,6,non disponibile,non disponibile,non disponibile,
二種免許 gセンサー,ja,1,bing_ja-JP,1,二種免許,generico,False,True,2,indefinito,3,6,non disponibile,non disponibile,non disponibile,
二種免許 uber,ja,1,bing_ja-JP,1,二種免許,generico,False,True,2,indefinito,3,6,non disponibile,non disponibile,non disponibile,
二種免許 uターン,ja,1,google_ja_jp,1,二種免許,generico,False,True,2,indefinito,3,6,non disponibile,non disponibile,non disponibile,
二種免許 いくらかかる,ja,1,google_ja_jp,1,二種免許,generico,False,True,2,indefinito,3,6,non disponibile,non disponibile,non disponibile,
二種免許 いつから取れる,ja,1,google_ja_jp,1,二種免許,generico,False,True,2,indefinito,3,6,non disponibile,non disponibile,non disponibile,
二種免許 てんかん,ja,1,bing_ja-JP,1,二種免許,generico,False,True,2,indefinito,3,6,non disponibile,non disponibile,non disponibile,
二種免許 できること,ja,1,google_ja_jp,1,二種免許,generico,False,True,2,indefinito,3,6,non disponibile,non disponibile,non disponibile,
二種免許 できる仕事,ja,1,google_ja_jp,1,二種免許,generico,False,True,2,indefinito,3,6,non disponibile,non disponibile,non disponibile,
二種免許 とは,ja,1,google_ja_jp,1,二種免許,informativo,False,True,2,indefinito,3,6,non disponibile,non disponibile,non disponibile,
二種免許 どうやって取る,ja,1,google_ja_jp,1,二種免許,generico,False,True,2,indefinito,3,6,non disponibile,non disponibile,non disponibile,
二種免許 どこで取れる,ja,1,google_ja_jp,1,二種免許,generico,False,True,2,indefinito,3,6,non disponibile,non disponibile,non disponibile,
二種免許 どのくらい勉強,ja,1,bing_ja-JP,1,二種免許,generico,False,True,2,indefinito,3,6,non disponibile,non disponibile,non disponibile,
二種免許 どのくらい時間,ja,1,bing_ja-JP,1,二種免許,generico,False,True,2,indefinito,3,6,non disponibile,non disponibile,non disponibile,
二種免許 どのくらい期間,ja,1,bing_ja-JP,1,二種免許,generico,False,True,2,indefinito,3,6,non disponibile,non disponibile,non disponibile,
二種免許 どのくらい練習,ja,1,bing_ja-JP,1,二種免許,generico,False,True,2,indefinito,3,6,non disponibile,non disponibile,non disponibile,
二種免許 どのくらい費用,ja,1,bing_ja-JP,1,二種免許,acquisto_servizio,False,True,2,autista,3,6,non disponibile,non disponibile,non disponibile,
二種免許 どのくらい難しい,ja,1,bing_ja-JP,1,二種免許,generico,False,True,2,indefinito,3,6,non disponibile,non disponibile,non disponibile,
二種免許 どれくらいで取れる,ja,1,google_ja_jp,1,二種免許,generico,False,True,2,indefinito,3,6,non disponibile,non disponibile,non disponibile,
二種免許 ひっかけ問題,ja,1,bing_ja-JP,1,二種免許,generico,False,True,2,indefinito,3,6,non disponibile,non disponibile,non disponibile,
二種免許 アプリ,ja,1,google_ja_jp,1,二種免許,generico,False,True,2,indefinito,3,6,non disponibile,non disponibile,non disponibile,
二種免許 アルバイト 東京,ja,1,google_ja_jp,1,二種免許,generico,False,True,2,indefinito,3,6,non disponibile,non disponibile,non disponibile,
二種免許 イラスト問題,ja,1,google_ja_jp,1,二種免許,generico,False,True,2,indefinito,3,6,non disponibile,non disponibile,non disponibile,
二種免許 ウルトラ教室,ja,1,google_ja_jp,1,二種免許,generico,False,True,2,indefinito,3,6,non disponibile,non disponibile,non disponibile,
二種免許 ウーバー,ja,1,google_ja_jp,1,二種免許,generico,False,True,2,indefinito,3,6,non disponibile,non disponibile,non disponibile,
二種免許 オートマ,ja,1,google_ja_jp,1,二種免許,generico,False,True,2,indefinito,3,6,non disponibile,non disponibile,non disponibile,
二種免許 オートマ 限定 費用,ja,1,google_ja_jp,1,二種免許,acquisto_servizio,False,True,2,autista,3,6,non disponibile,non disponibile,non disponibile,
二種免許 カリキュラム,ja,1,bing_ja-JP,1,二種免許,generico,False,True,2,indefinito,3,6,non disponibile,non disponibile,non disponibile,
二種免許 タクシー以外,ja,1,bing_ja-JP,1,二種免許,generico,False,True,2,indefinito,3,6,non disponibile,non disponibile,non disponibile,
二種免許 タクシー会社,ja,1,bing_ja-JP,1,二種免許,generico,False,True,2,operatore,3,6,non disponibile,non disponibile,non disponibile,
二種免許 チャイルドシート,ja,1,google_ja_jp,1,二種免許,generico,False,True,2,indefinito,3,6,non disponibile,non disponibile,non disponibile,
二種免許 テキスト,ja,1,bing_ja-JP,1,二種免許,generico,False,True,2,indefinito,3,6,non disponibile,non disponibile,non disponibile,
二種免許 テスト,ja,1,bing_ja-JP,1,二種免許,generico,False,True,2,indefinito,3,6,non disponibile,non disponibile,non disponibile,
二種免許 デイサービス,ja,1,google_ja_jp,1,二種免許,generico,False,True,2,indefinito,3,6,non disponibile,non disponibile,non disponibile,
二種免許 ドライバー 求人,ja,1,google_ja_jp,1,二種免許,assunzione,False,True,2,autista,3,6,non disponibile,non disponibile,non disponibile,
二種免許 ハイヤー,ja,1,bing_ja-JP,1,二種免許,generico,False,True,2,indefinito,3,6,non disponibile,non disponibile,non disponibile,
二種免許 パブリックコメント,ja,1,bing_ja-JP,1,二種免許,generico,False,True,2,indefinito,3,6,non disponibile,non disponibile,non disponibile,
二種免許 パート,ja,1,google_ja_jp,1,二種免許,generico,False,True,2,indefinito,3,6,non disponibile,non disponibile,non disponibile,
二種免許 ブログ,ja,1,bing_ja-JP,1,二種免許,generico,False,True,2,indefinito,3,6,non disponibile,non disponibile,non disponibile,
二種免許 プロ,ja,1,google_ja_jp,1,二種免許,generico,False,True,2,indefinito,3,6,non disponibile,non disponibile,non disponibile,
二種免許 プロドライバー,ja,1,google_ja_jp,1,二種免許,generico,False,True,2,indefinito,3,6,non disponibile,non disponibile,non disponibile,
二種免許 ペーパードライバー,ja,1,google_ja_jp,1,二種免許,generico,False,True,2,indefinito,3,6,non disponibile,non disponibile,non disponibile,
二種免許 ライドシェア,ja,1,google_ja_jp,1,二種免許,generico,False,True,2,indefinito,3,6,non disponibile,non disponibile,non disponibile,
二種免許 一発,ja,1,google_ja_jp,1,二種免許,generico,False,True,2,indefinito,3,6,non disponibile,non disponibile,non disponibile,
二種免許 一発合格,ja,1,bing_ja-JP,1,二種免許,generico,False,True,2,indefinito,3,6,non disponibile,non disponibile,non disponibile,
二種免許 一発試験 流れ,ja,1,google_ja_jp,1,二種免許,informativo,False,True,2,autista,3,6,non disponibile,non disponibile,non disponibile,
二種免許 一発試験合格 が難しくなった理由,ja,1,bing_ja-JP,1,二種免許,informativo,False,True,2,autista,3,6,non disponibile,non disponibile,non disponibile,
二種免許 一種免許,ja,1,bing_ja-JP,1,二種免許,generico,False,True,2,indefinito,3,6,non disponibile,non disponibile,non disponibile,
二種免許 一種免許 違い,ja,1,bing_ja-JP,1,二種免許,informativo,False,True,2,indefinito,3,6,non disponibile,non disponibile,non disponibile,
二種免許 不動産,ja,1,bing_ja-JP,1,二種免許,generico,False,True,2,indefinito,3,6,non disponibile,non disponibile,non disponibile,
二種免許 中国語,ja,1,google_ja_jp,1,二種免許,generico,False,True,2,indefinito,3,6,non disponibile,non disponibile,non disponibile,
二種免許 中国語 教習所,ja,1,google_ja_jp,1,二種免許,informativo,False,True,2,autista,3,6,non disponibile,non disponibile,non disponibile,
二種免許 中国語問題集,ja,1,google_ja_jp,1,二種免許,generico,False,True,2,indefinito,3,6,non disponibile,non disponibile,non disponibile,
二種免許 予約,ja,1,google_ja_jp,1,二種免許,acquisto_servizio,False,True,2,turista,3,6,non disponibile,non disponibile,non disponibile,
二種免許 二俣川,ja,1,google_ja_jp,1,二種免許,generico,False,True,2,indefinito,3,6,non disponibile,non disponibile,non disponibile,
二種免許 京都,ja,1,google_ja_jp,1,二種免許,generico,False,True,2,indefinito,3,6,non disponibile,non disponibile,non disponibile,
二種免許 仕事,ja,1,google_ja_jp,1,二種免許,generico,False,True,2,indefinito,3,6,non disponibile,non disponibile,non disponibile,
二種免許 何が違う,ja,1,google_ja_jp,1,二種免許,generico,False,True,2,indefinito,3,6,non disponibile,non disponibile,non disponibile,
二種免許 何年,ja,1,bing_ja-JP,1,二種免許,generico,False,True,2,indefinito,3,6,non disponibile,non disponibile,non disponibile,
二種免許 何日で取れる,ja,1,google_ja_jp,1,二種免許,generico,False,True,2,indefinito,3,6,non disponibile,non disponibile,non disponibile,
二種免許 何歳まで,ja,1,bing_ja-JP,1,二種免許,generico,False,True,2,indefinito,3,6,non disponibile,non disponibile,non disponibile,
二種免許 便利,ja,1,bing_ja-JP,1,二種免許,generico,False,True,2,indefinito,3,6,non disponibile,non disponibile,non disponibile,
二種免許 働きながら,ja,1,google_ja_jp,1,二種免許,generico,False,True,2,autista,3,6,non disponibile,non disponibile,non disponibile,
二種免許 免許証,ja,1,google_ja_jp,1,二種免許,generico,False,True,2,indefinito,3,6,non disponibile,non disponibile,non disponibile,
二種免許 八王子,ja,1,bing_ja-JP,1,二種免許,generico,False,True,2,indefinito,3,6,non disponibile,non disponibile,non disponibile,
二種免許 割合,ja,1,google_ja_jp,1,二種免許,generico,False,True,2,indefinito,3,6,non disponibile,non disponibile,non disponibile,
二種免許 助成金,ja,1,google_ja_jp,1,二種免許,generico,False,True,2,indefinito,3,6,non disponibile,non disponibile,non disponibile,
二種免許 勉強方法,ja,1,google_ja_jp,1,二種免許,informativo,False,True,2,indefinito,3,6,non disponibile,non disponibile,non disponibile,
二種免許 勉強時間,ja,1,google_ja_jp,1,二種免許,generico,False,True,2,indefinito,3,6,non disponibile,non disponibile,non disponibile,
二種免許 募集,ja,1,google_ja_jp,1,二種免許,assunzione,False,True,2,autista,3,6,non disponibile,non disponibile,non disponibile,
二種免許 千葉県,ja,1,google_ja_jp,1,二種免許,generico,False,True,2,indefinito,3,6,non disponibile,non disponibile,non disponibile,
二種免許 取る には,ja,1,google_ja_jp,1,二種免許,generico,False,True,2,indefinito,3,6,non disponibile,non disponibile,non disponibile,
二種免許 取れ なかった,ja,1,google_ja_jp,1,二種免許,generico,False,True,2,indefinito,3,6,non disponibile,non disponibile,non disponibile,
二種免許 取得費用,ja,1,google_ja_jp,1,二種免許,acquisto_servizio,False,True,2,autista,3,6,non disponibile,non disponibile,non disponibile,
二種免許 受からない,ja,1,google_ja_jp,1,二種免許,generico,False,True,2,indefinito,3,6,non disponibile,non disponibile,non disponibile,
二種免許 受かるコツ,ja,1,google_ja_jp,1,二種免許,generico,False,True,2,indefinito,3,6,non disponibile,non disponibile,non disponibile,
二種免許 受験料,ja,1,bing_ja-JP,1,二種免許,generico,False,True,2,indefinito,3,6,non disponibile,non disponibile,non disponibile,
二種免許 合宿 東京,ja,1,google_ja_jp,1,二種免許,generico,False,True,2,indefinito,3,6,non disponibile,non disponibile,non disponibile,
二種免許 合宿免許,ja,1,bing_ja-JP,1,二種免許,generico,False,True,2,indefinito,3,6,non disponibile,non disponibile,non disponibile,
二種免許 名古屋,ja,1,bing_ja-JP,1,二種免許,generico,False,True,2,indefinito,3,6,non disponibile,non disponibile,non disponibile,
二種免許 和歌山,ja,1,google_ja_jp,1,二種免許,generico,False,True,2,indefinito,3,6,non disponibile,non disponibile,non disponibile,
二種免許 問題集 pdf,ja,1,google_ja_jp,1,二種免許,generico,False,True,2,indefinito,3,6,non disponibile,non disponibile,non disponibile,
二種免許 問題集 サイト,ja,1,bing_ja-JP,1,二種免許,generico,False,True,2,indefinito,3,6,non disponibile,non disponibile,non disponibile,
二種免許 営業,ja,1,bing_ja-JP,1,二種免許,generico,False,True,2,indefinito,3,6,non disponibile,non disponibile,non disponibile,
二種免許 国家資格,ja,1,bing_ja-JP,1,二種免許,generico,False,True,2,autista,3,6,non disponibile,non disponibile,non disponibile,
二種免許 埼玉,ja,1,bing_ja-JP,1,二種免許,generico,False,True,2,indefinito,3,6,non disponibile,non disponibile,non disponibile,
二種免許 奈良県,ja,1,bing_ja-JP,1,二種免許,generico,False,True,2,indefinito,3,6,non disponibile,non disponibile,non disponibile,
二種免許 学科,ja,1,google_ja_jp,1,二種免許,generico,False,True,2,indefinito,3,6,non disponibile,non disponibile,non disponibile,
二種免許 学科 アプリ,ja,1,google_ja_jp,1,二種免許,generico,False,True,2,indefinito,3,6,non disponibile,non disponibile,non disponibile,
二種免許 学科 アプリ 無料,ja,1,bing_ja-JP,1,二種免許,generico,False,True,2,indefinito,3,6,non disponibile,non disponibile,non disponibile,
二種免許 学科 問題,ja,1,bing_ja-JP,1,二種免許,generico,False,True,2,indefinito,3,6,non disponibile,non disponibile,non disponibile,
二種免許 学科問題,ja,1,google_ja_jp,1,二種免許,generico,False,True,2,indefinito,3,6,non disponibile,non disponibile,non disponibile,
二種免許 学科試験 アプリ,ja,1,google_ja_jp,1,二種免許,informativo,False,True,2,autista,3,6,non disponibile,non disponibile,non disponibile,
二種免許 学科試験 中国語,ja,1,google_ja_jp,1,二種免許,informativo,False,True,2,autista,3,6,non disponibile,non disponibile,non disponibile,
二種免許 学科試験 予約 東京,ja,1,google_ja_jp,1,二種免許,acquisto_servizio,False,True,2,autista,3,6,non disponibile,non disponibile,non disponibile,
二種免許 学科試験 問題,ja,1,bing_ja-JP,1,二種免許,informativo,False,True,2,autista,3,6,non disponibile,non disponibile,non disponibile,
二種免許 学科試験 料金,ja,1,google_ja_jp,1,二種免許,acquisto_servizio,False,True,2,autista,3,6,non disponibile,non disponibile,non disponibile,
二種免許 学科試験 東京,ja,1,google_ja_jp,1,二種免許,informativo,False,True,2,autista,3,6,non disponibile,non disponibile,non disponibile,
二種免許 学科試験 東京 予約,ja,1,google_ja_jp,1,二種免許,acquisto_servizio,False,True,2,autista,3,6,non disponibile,non disponibile,non disponibile,
二種免許 学科試験 過去 問,ja,1,bing_ja-JP,1,二種免許,informativo,False,True,2,autista,3,6,non disponibile,non disponibile,non disponibile,
二種免許 学科試験合格率,ja,1,google_ja_jp,1,二種免許,informativo,False,True,2,autista,3,6,non disponibile,non disponibile,non disponibile,
二種免許 安い,ja,1,bing_ja-JP,1,二種免許,generico,False,True,2,indefinito,3,6,non disponibile,non disponibile,non disponibile,
二種免許 宮城県,ja,1,bing_ja-JP,1,二種免許,generico,False,True,2,indefinito,3,6,non disponibile,non disponibile,non disponibile,
二種免許 履歴書 書き方,ja,1,google_ja_jp,1,二種免許,generico,False,True,2,indefinito,3,6,non disponibile,non disponibile,non disponibile,
二種免許 年齢制限,ja,1,google_ja_jp,1,二種免許,generico,False,True,2,indefinito,3,6,non disponibile,non disponibile,non disponibile,
二種免許 広島,ja,1,google_ja_jp,1,二種免許,generico,False,True,2,indefinito,3,6,non disponibile,non disponibile,non disponibile,
二種免許 役に立つ,ja,1,google_ja_jp,1,二種免許,generico,False,True,2,indefinito,3,6,non disponibile,non disponibile,non disponibile,
二種免許 必要な場合,ja,1,bing_ja-JP,1,二種免許,generico,False,True,2,indefinito,3,6,non disponibile,non disponibile,non disponibile,
二種免許 応急救護講習,ja,1,google_ja_jp,1,二種免許,generico,False,True,2,indefinito,3,6,non disponibile,non disponibile,non disponibile,
二種免許 意義,ja,1,bing_ja-JP,1,二種免許,generico,False,True,2,indefinito,3,6,non disponibile,non disponibile,non disponibile,
二種免許 技能教習,ja,1,bing_ja-JP,1,二種免許,informativo,False,True,2,autista,3,6,non disponibile,non disponibile,non disponibile,
二種免許 技能試験,ja,1,bing_ja-JP,1,二種免許,informativo,False,True,2,autista,3,6,non disponibile,non disponibile,non disponibile,
二種免許 技能試験 内容,ja,1,bing_ja-JP,1,二種免許,informativo,False,True,2,autista,3,6,non disponibile,non disponibile,non disponibile,
二種免許 教習所 料金,ja,1,google_ja_jp,1,二種免許,acquisto_servizio,False,True,2,autista,3,6,non disponibile,non disponibile,non disponibile,
二種免許 教習所 東京,ja,1,bing_ja-JP,1,二種免許,informativo,False,True,2,autista,3,6,non disponibile,non disponibile,non disponibile,
二種免許 旅客運送,ja,1,google_ja_jp,1,二種免許,generico,False,True,2,indefinito,3,6,non disponibile,non disponibile,non disponibile,
二種免許 普通,ja,1,google_ja_jp,1,二種免許,generico,False,True,2,indefinito,3,6,non disponibile,non disponibile,non disponibile,
二種免許 普通免許,ja,1,google_ja_jp,1,二種免許,generico,False,True,2,indefinito,3,6,non disponibile,non disponibile,non disponibile,
二種免許 普通免許 あり,ja,1,google_ja_jp,1,二種免許,generico,False,True,2,indefinito,3,6,non disponibile,non disponibile,non disponibile,
二種免許 服装,ja,1,google_ja_jp,1,二種免許,generico,False,True,2,indefinito,3,6,non disponibile,non disponibile,non disponibile,
二種免許 本試験,ja,1,google_ja_jp,1,二種免許,informativo,False,True,2,autista,3,6,non disponibile,non disponibile,non disponibile,
二種免許 札幌,ja,1,bing_ja-JP,1,二種免許,generico,False,True,2,indefinito,3,6,non disponibile,non disponibile,non disponibile,
二種免許 条件 年齢,ja,1,bing_ja-JP,1,二種免許,generico,False,True,2,autista,3,6,non disponibile,non disponibile,non disponibile,
二種免許 条件 必要書類,ja,1,bing_ja-JP,1,二種免許,generico,False,True,2,autista,3,6,non disponibile,non disponibile,non disponibile,
二種免許 条件 視力,ja,1,bing_ja-JP,1,二種免許,generico,False,True,2,autista,3,6,non disponibile,non disponibile,non disponibile,
二種免許 条件 試験内容,ja,1,bing_ja-JP,1,二種免許,informativo,False,True,2,autista,3,6,non disponibile,non disponibile,non disponibile,
二種免許 条件 運転経験,ja,1,bing_ja-JP,1,二種免許,generico,False,True,2,autista,3,6,non disponibile,non disponibile,non disponibile,
二種免許 東京 予約,ja,1,google_ja_jp,1,二種免許,acquisto_servizio,False,True,2,turista,3,6,non disponibile,non disponibile,non disponibile,
二種免許 東京都,ja,1,bing_ja-JP,1,二種免許,generico,False,True,2,indefinito,3,6,non disponibile,non disponibile,non disponibile,
二種免許 横浜,ja,1,google_ja_jp,1,二種免許,generico,False,True,2,indefinito,3,6,non disponibile,non disponibile,non disponibile,
二種免許 横須賀,ja,1,google_ja_jp,1,二種免許,generico,False,True,2,indefinito,3,6,non disponibile,non disponibile,non disponibile,
二種免許 沖縄 料金,ja,1,google_ja_jp,1,二種免許,acquisto_servizio,False,True,2,turista,3,6,non disponibile,non disponibile,non disponibile,
二種免許 法改正,ja,1,bing_ja-JP,1,二種免許,generico,False,True,2,indefinito,3,6,non disponibile,non disponibile,non disponibile,
二種免許 流れ,ja,1,bing_ja-JP,1,二種免許,generico,False,True,2,indefinito,3,6,non disponibile,non disponibile,non disponibile,
二種免許 海外,ja,1,bing_ja-JP,1,二種免許,generico,False,True,2,indefinito,3,6,non disponibile,non disponibile,non disponibile,
二種免許 深視力,ja,1,google_ja_jp,1,二種免許,generico,False,True,2,indefinito,3,6,non disponibile,non disponibile,non disponibile,
二種免許 深視力検査,ja,1,bing_ja-JP,1,二種免許,generico,False,True,2,indefinito,3,6,non disponibile,non disponibile,non disponibile,
二種免許 無料,ja,1,google_ja_jp,1,二種免許,generico,False,True,2,indefinito,3,6,non disponibile,non disponibile,non disponibile,
二種免許 熊本,ja,1,google_ja_jp,1,二種免許,generico,False,True,2,indefinito,3,6,non disponibile,non disponibile,non disponibile,
二種免許 独学,ja,1,google_ja_jp,1,二種免許,generico,False,True,2,indefinito,3,6,non disponibile,non disponibile,non disponibile,
二種免許 目の検査,ja,1,google_ja_jp,1,二種免許,generico,False,True,2,indefinito,3,6,non disponibile,non disponibile,non disponibile,
二種免許 磐越道,ja,1,bing_ja-JP,1,二種免許,generico,False,True,2,indefinito,3,6,non disponibile,non disponibile,non disponibile,
二種免許 福井,ja,1,google_ja_jp,1,二種免許,generico,False,True,2,indefinito,3,6,non disponibile,non disponibile,non disponibile,
二種免許 筆記,ja,1,bing_ja-JP,1,二種免許,generico,False,True,2,indefinito,3,6,non disponibile,non disponibile,non disponibile,
二種免許 筆記試験,ja,1,google_ja_jp,1,二種免許,informativo,False,True,2,autista,3,6,non disponibile,non disponibile,non disponibile,
二種免許 緩和,ja,1,bing_ja-JP,1,二種免許,generico,False,True,2,indefinito,3,6,non disponibile,non disponibile,non disponibile,
二種免許 練習問題,ja,1,google_ja_jp,1,二種免許,generico,False,True,2,indefinito,3,6,non disponibile,non disponibile,non disponibile,
二種免許 聴力,ja,1,bing_ja-JP,1,二種免許,generico,False,True,2,indefinito,3,6,non disponibile,non disponibile,non disponibile,
二種免許 若山,ja,1,google_ja_jp,1,二種免許,generico,False,True,2,indefinito,3,6,non disponibile,non disponibile,non disponibile,
二種免許 裏校,ja,1,google_ja_jp,1,二種免許,generico,False,True,2,indefinito,3,6,non disponibile,non disponibile,non disponibile,
二種免許 視力条件,ja,1,bing_ja-JP,1,二種免許,generico,False,True,2,autista,3,6,non disponibile,non disponibile,non disponibile,
二種免許 試験,ja,1,google_ja_jp,1,二種免許,informativo,False,True,2,autista,3,6,non disponibile,non disponibile,non disponibile,
二種免許 諦めた,ja,1,google_ja_jp,1,二種免許,generico,False,True,2,indefinito,3,6,non disponibile,non disponibile,non disponibile,
二種免許 講習,ja,1,bing_ja-JP,1,二種免許,generico,False,True,2,indefinito,3,6,non disponibile,non disponibile,non disponibile,
二種免許 費用 大阪,ja,1,google_ja_jp,1,二種免許,acquisto_servizio,False,True,2,autista,3,6,non disponibile,non disponibile,non disponibile,
二種免許 費用 普通免許あり,ja,1,google_ja_jp,1,二種免許,acquisto_servizio,False,True,2,autista,3,6,non disponibile,non disponibile,non disponibile,
二種免許 費用 東京,ja,1,google_ja_jp,1,二種免許,acquisto_servizio,False,True,2,autista,3,6,non disponibile,non disponibile,non disponibile,
二種免許 路上教習,ja,1,google_ja_jp,1,二種免許,informativo,False,True,2,autista,3,6,non disponibile,non disponibile,non disponibile,
二種免許 路上試験,ja,1,google_ja_jp,1,二種免許,informativo,False,True,2,autista,3,6,non disponibile,non disponibile,non disponibile,
二種免許 近く,ja,1,google_ja_jp,1,二種免許,generico,False,True,2,indefinito,3,6,non disponibile,non disponibile,non disponibile,
二種免許 返納,ja,1,bing_ja-JP,1,二種免許,generico,False,True,2,indefinito,3,6,non disponibile,non disponibile,non disponibile,
二種免許 運転できる車,ja,1,google_ja_jp,1,二種免許,generico,False,True,2,indefinito,3,6,non disponibile,non disponibile,non disponibile,
二種免許 運転免許,ja,1,bing_ja-JP,1,二種免許,generico,False,True,2,indefinito,3,6,non disponibile,non disponibile,non disponibile,
二種免許 運転経験,ja,1,google_ja_jp,1,二種免許,generico,False,True,2,indefinito,3,6,non disponibile,non disponibile,non disponibile,
二種免許 運転適性検査,ja,1,bing_ja-JP,1,二種免許,generico,False,True,2,indefinito,3,6,non disponibile,non disponibile,non disponibile,
二種免許 適性検査,ja,1,google_ja_jp,1,二種免許,generico,False,True,2,indefinito,3,6,non disponibile,non disponibile,non disponibile,
二種免許 金融,ja,1,bing_ja-JP,1,二種免許,generico,False,True,2,indefinito,3,6,non disponibile,non disponibile,non disponibile,
二種免許 金額,ja,1,bing_ja-JP,1,二種免許,generico,False,True,2,indefinito,3,6,non disponibile,non disponibile,non disponibile,
二種免許 鋭角 コツ,ja,1,google_ja_jp,1,二種免許,generico,False,True,2,indefinito,3,6,non disponibile,non disponibile,non disponibile,
二種免許 鋭角 切り返し,ja,1,google_ja_jp,1,二種免許,generico,False,True,2,indefinito,3,6,non disponibile,non disponibile,non disponibile,
二種免許 鋭角コース,ja,1,google_ja_jp,1,二種免許,generico,False,True,2,indefinito,3,6,non disponibile,non disponibile,non disponibile,
二種免許 長崎,ja,1,bing_ja-JP,1,二種免許,generico,False,True,2,indefinito,3,6,non disponibile,non disponibile,non disponibile,
二種免許 長崎県,ja,1,bing_ja-JP,1,二種免許,generico,False,True,2,indefinito,3,6,non disponibile,non disponibile,non disponibile,
二種免許 長野県,ja,1,bing_ja-JP,1,二種免許,generico,False,True,2,indefinito,3,6,non disponibile,non disponibile,non disponibile,
二種免許 霊柩車,ja,1,google_ja_jp,1,二種免許,generico,False,True,2,indefinito,3,6,non disponibile,non disponibile,non disponibile,
二種免許 青森,ja,1,google_ja_jp,1,二種免許,generico,False,True,2,indefinito,3,6,non disponibile,non disponibile,non disponibile,
二種免許 飛び込み,ja,1,google_ja_jp,1,二種免許,generico,False,True,2,indefinito,3,6,non disponibile,non disponibile,non disponibile,
二種免許いくら,ja,1,google_ja_jp,1,二種免許,generico,False,True,2,indefinito,3,6,non disponibile,non disponibile,non disponibile,
二種免許から一種免許,ja,1,google_ja_jp,1,二種免許,generico,False,True,2,indefinito,3,6,non disponibile,non disponibile,non disponibile,
二種免許だけ返納,ja,1,bing_ja-JP,1,二種免許,generico,False,True,2,indefinito,3,6,non disponibile,non disponibile,non disponibile,
二種免許っていくらかかるの,ja,1,bing_ja-JP,1,二種免許,generico,False,True,2,indefinito,3,6,non disponibile,non disponibile,non disponibile,
二種免許でできる仕事,ja,1,bing_ja-JP,1,二種免許,generico,False,True,2,indefinito,3,6,non disponibile,non disponibile,non disponibile,
二種免許とは 車,ja,1,google_ja_jp,1,二種免許,informativo,False,True,2,indefinito,3,6,non disponibile,non disponibile,non disponibile,
二種免許と一種免許の違い,ja,1,google_ja_jp,1,二種免許,informativo,False,True,2,indefinito,3,6,non disponibile,non disponibile,non disponibile,
二種免許と普通免許の違い,ja,1,google_ja_jp,1,二種免許,informativo,False,True,2,indefinito,3,6,non disponibile,non disponibile,non disponibile,
二種免許なし タクシー,ja,1,google_ja_jp,1,二種免許,generico,False,True,2,indefinito,3,6,non disponibile,non disponibile,non disponibile,
二種免許の値段,ja,1,google_ja_jp,1,二種免許,acquisto_servizio,False,True,2,indefinito,3,6,non disponibile,non disponibile,non disponibile,
二種免許の取り方,ja,1,google_ja_jp,1,二種免許,informativo,False,True,2,autista,3,6,non disponibile,non disponibile,non disponibile,
二種免許の取得,ja,1,google_ja_jp,1,二種免許,informativo,False,True,2,autista,3,6,non disponibile,non disponibile,non disponibile,
二種免許の合格率,ja,1,google_ja_jp,1,二種免許,generico,False,True,2,indefinito,3,6,non disponibile,non disponibile,non disponibile,
二種免許の学科試験は 何回落ち まし たか,ja,1,google_ja_jp,1,二種免許,informativo,False,True,2,autista,3,6,non disponibile,non disponibile,non disponibile,
二種免許の正式名称,ja,1,google_ja_jp,1,二種免許,generico,False,True,2,indefinito,3,6,non disponibile,non disponibile,non disponibile,
二種免許の視力,ja,1,google_ja_jp,1,二種免許,generico,False,True,2,indefinito,3,6,non disponibile,non disponibile,non disponibile,
二種免許の試験,ja,1,google_ja_jp,1,二種免許,informativo,False,True,2,autista,3,6,non disponibile,non disponibile,non disponibile,
二種免許の費用,ja,1,google_ja_jp,1,二種免許,acquisto_servizio,False,True,2,autista,3,6,non disponibile,non disponibile,non disponibile,
二種免許は難しい,ja,1,google_ja_jp,1,二種免許,generico,False,True,2,indefinito,3,6,non disponibile,non disponibile,non disponibile,
二種免許は難しい ですか,ja,1,google_ja_jp,1,二種免許,generico,False,True,2,indefinito,3,6,non disponibile,non disponibile,non disponibile,
二種免許をとるには,ja,1,google_ja_jp,1,二種免許,generico,False,True,2,indefinito,3,6,non disponibile,non disponibile,non disponibile,
二種免許を取るには,ja,1,google_ja_jp,1,二種免許,generico,False,True,2,indefinito,3,6,non disponibile,non disponibile,non disponibile,
二種免許を取る方法,ja,1,google_ja_jp,1,二種免許,informativo,False,True,2,indefinito,3,6,non disponibile,non disponibile,non disponibile,
二種免許を取得するには,ja,1,google_ja_jp,1,二種免許,informativo,False,True,2,autista,3,6,non disponibile,non disponibile,non disponibile,
二種免許アプリ,ja,1,google_ja_jp,1,二種免許,generico,False,True,2,indefinito,3,6,non disponibile,non disponibile,non disponibile,
二種免許アルバイト,ja,1,google_ja_jp,1,二種免許,generico,False,True,2,indefinito,3,6,non disponibile,non disponibile,non disponibile,
二種免許オートマ,ja,1,google_ja_jp,1,二種免許,generico,False,True,2,indefinito,3,6,non disponibile,non disponibile,non disponibile,
二種免許オートマ限定,ja,1,google_ja_jp,1,二種免許,generico,False,True,2,indefinito,3,6,non disponibile,non disponibile,non disponibile,
二種免許スケジュール,ja,1,google_ja_jp,1,二種免許,generico,False,True,2,indefinito,3,6,non disponibile,non disponibile,non disponibile,
二種免許メリット,ja,1,google_ja_jp,1,二種免許,generico,False,True,2,indefinito,3,6,non disponibile,non disponibile,non disponibile,
二種免許一発試験,ja,1,google_ja_jp,1,二種免許,informativo,False,True,2,autista,3,6,non disponibile,non disponibile,non disponibile,
二種免許予約,ja,1,google_ja_jp,1,二種免許,acquisto_servizio,False,True,2,turista,3,6,non disponibile,non disponibile,non disponibile,
二種免許値段,ja,1,google_ja_jp,1,二種免許,acquisto_servizio,False,True,2,indefinito,3,6,non disponibile,non disponibile,non disponibile,
二種免許内容,ja,1,google_ja_jp,1,二種免許,generico,False,True,2,indefinito,3,6,non disponibile,non disponibile,non disponibile,
二種免許効果測定 問題,ja,1,google_ja_jp,1,二種免許,generico,False,True,2,indefinito,3,6,non disponibile,non disponibile,non disponibile,
二種免許卒検 減点,ja,1,google_ja_jp,1,二種免許,generico,False,True,2,indefinito,3,6,non disponibile,non disponibile,non disponibile,
二種免許卒業検定,ja,1,google_ja_jp,1,二種免許,generico,False,True,2,indefinito,3,6,non disponibile,non disponibile,non disponibile,
二種免許取り方,ja,1,google_ja_jp,1,二種免許,informativo,False,True,2,autista,3,6,non disponibile,non disponibile,non disponibile,
二種免許取るには,ja,1,google_ja_jp,1,二種免許,generico,False,True,2,indefinito,3,6,non disponibile,non disponibile,non disponibile,
二種免許取得,ja,1,google_ja_jp,1,二種免許,informativo,False,True,2,autista,3,6,non disponibile,non disponibile,non disponibile,
二種免許取得 補助金,ja,1,google_ja_jp,1,二種免許,informativo,False,True,2,autista,3,6,non disponibile,non disponibile,non disponibile,
二種免許取得 費用,ja,1,google_ja_jp,1,二種免許,acquisto_servizio,False,True,2,autista,3,6,non disponibile,non disponibile,non disponibile,
二種免許取得方法,ja,1,google_ja_jp,1,二種免許,informativo,False,True,2,autista,3,6,non disponibile,non disponibile,non disponibile,
二種免許取得条件,ja,1,google_ja_jp,1,二種免許,informativo,False,True,2,autista,3,6,non disponibile,non disponibile,non disponibile,
二種免許取得費用,ja,1,bing_ja-JP,1,二種免許,acquisto_servizio,False,True,2,autista,3,6,non disponibile,non disponibile,non disponibile,
二種免許問題,ja,1,google_ja_jp,1,二種免許,generico,False,True,2,indefinito,3,6,non disponibile,non disponibile,non disponibile,
二種免許問題集,ja,1,google_ja_jp,1,二種免許,generico,False,True,2,indefinito,3,6,non disponibile,non disponibile,non disponibile,
二種免許問題集 おすすめ,ja,1,google_ja_jp,1,二種免許,generico,False,True,2,indefinito,3,6,non disponibile,non disponibile,non disponibile,
二種免許問題集 サイト,ja,1,google_ja_jp,1,二種免許,generico,False,True,2,indefinito,3,6,non disponibile,non disponibile,non disponibile,
二種免許問題集 無料,ja,1,google_ja_jp,1,二種免許,generico,False,True,2,indefinito,3,6,non disponibile,non disponibile,non disponibile,
二種免許問題集アプリ,ja,1,google_ja_jp,1,二種免許,generico,False,True,2,indefinito,3,6,non disponibile,non disponibile,non disponibile,
二種免許問題集アプリ 無料,ja,1,google_ja_jp,1,二種免許,generico,False,True,2,indefinito,3,6,non disponibile,non disponibile,non disponibile,
二種免許学科試験問題 100問,ja,1,bing_ja-JP,1,二種免許,informativo,False,True,2,autista,3,6,non disponibile,non disponibile,non disponibile,
二種免許学科試験東京,ja,1,bing_ja-JP,1,二種免許,informativo,False,True,2,autista,3,6,non disponibile,non disponibile,non disponibile,
二種免許年齢,ja,1,google_ja_jp,1,二種免許,generico,False,True,2,indefinito,3,6,non disponibile,non disponibile,non disponibile,
二種免許教習所,ja,1,google_ja_jp,1,二種免許,informativo,False,True,2,autista,3,6,non disponibile,non disponibile,non disponibile,
二種免許教習所 東京,ja,1,google_ja_jp,1,二種免許,informativo,False,True,2,autista,3,6,non disponibile,non disponibile,non disponibile,
二種免許教習所東京,ja,1,bing_ja-JP,1,二種免許,informativo,False,True,2,autista,3,6,non disponibile,non disponibile,non disponibile,
二種免許料金,ja,1,google_ja_jp,1,二種免許,acquisto_servizio,False,True,2,turista,3,6,non disponibile,non disponibile,non disponibile,
二種免許更新,ja,1,google_ja_jp,1,二種免許,generico,False,True,2,indefinito,3,6,non disponibile,non disponibile,non disponibile,
二種免許更新 何 年 ごと,ja,1,google_ja_jp,1,二種免許,generico,False,True,2,indefinito,3,6,non disponibile,non disponibile,non disponibile,
二種免許更新 深視力,ja,1,google_ja_jp,1,二種免許,generico,False,True,2,indefinito,3,6,non disponibile,non disponibile,non disponibile,
二種免許更新 視力,ja,1,google_ja_jp,1,二種免許,generico,False,True,2,indefinito,3,6,non disponibile,non disponibile,non disponibile,
二種免許更新 警察署,ja,1,google_ja_jp,1,二種免許,generico,False,True,2,indefinito,3,6,non disponibile,non disponibile,non disponibile,
二種免許最短,ja,1,google_ja_jp,1,二種免許,generico,False,True,2,indefinito,3,6,non disponibile,non disponibile,non disponibile,
二種免許期間,ja,1,google_ja_jp,1,二種免許,generico,False,True,2,indefinito,3,6,non disponibile,non disponibile,non disponibile,
二種免許求人,ja,1,google_ja_jp,1,二種免許,assunzione,False,True,2,autista,3,6,non disponibile,non disponibile,non disponibile,
二種免許特例講習,ja,1,google_ja_jp,1,二種免許,generico,False,True,2,indefinito,3,6,non disponibile,non disponibile,non disponibile,
二種免許筆記試験,ja,1,google_ja_jp,1,二種免許,informativo,False,True,2,autista,3,6,non disponibile,non disponibile,non disponibile,
二種免許補助金,ja,1,google_ja_jp,1,二種免許,generico,False,True,2,indefinito,3,6,non disponibile,non disponibile,non disponibile,
二種免許視力,ja,1,google_ja_jp,1,二種免許,generico,False,True,2,indefinito,3,6,non disponibile,non disponibile,non disponibile,
二種免許証,ja,1,google_ja_jp,1,二種免許,generico,False,True,2,indefinito,3,6,non disponibile,non disponibile,non disponibile,
二種免許試験,ja,1,google_ja_jp,1,二種免許,informativo,False,True,2,autista,3,6,non disponibile,non disponibile,non disponibile,
二種免許試験内容,ja,1,google_ja_jp,1,二種免許,informativo,False,True,2,autista,3,6,non disponibile,non disponibile,non disponibile,
二種免許試験問題,ja,1,google_ja_jp,1,二種免許,informativo,False,True,2,autista,3,6,non disponibile,non disponibile,non disponibile,
二種免許費用,ja,1,google_ja_jp,1,二種免許,acquisto_servizio,False,True,2,autista,3,6,non disponibile,non disponibile,non disponibile,
二種免許費用 タクシー,ja,1,google_ja_jp,1,二種免許,acquisto_servizio,False,True,2,autista,3,6,non disponibile,non disponibile,non disponibile,
二種免許費用 会社負担,ja,1,google_ja_jp,1,二種免許,acquisto_servizio,False,True,2,operatore,3,6,non disponibile,non disponibile,non disponibile,
二種免許返納,ja,1,google_ja_jp,1,二種免許,generico,False,True,2,indefinito,3,6,non disponibile,non disponibile,non disponibile,
二種免許過去問,ja,1,google_ja_jp,1,二種免許,generico,False,True,2,indefinito,3,6,non disponibile,non disponibile,non disponibile,
二種免許金額,ja,1,google_ja_jp,1,二種免許,generico,False,True,2,indefinito,3,6,non disponibile,non disponibile,non disponibile,
二種免許難しい,ja,1,google_ja_jp,1,二種免許,generico,False,True,2,indefinito,3,6,non disponibile,non disponibile,non disponibile,
二種免許難易度,ja,1,google_ja_jp,1,二種免許,generico,False,True,2,indefinito,3,6,non disponibile,non disponibile,non disponibile,
二種免許飛び込み,ja,1,google_ja_jp,1,二種免許,generico,False,True,2,indefinito,3,6,non disponibile,non disponibile,non disponibile,
二種免許養成制度,ja,1,google_ja_jp,1,二種免許,generico,False,True,2,indefinito,3,6,non disponibile,non disponibile,non disponibile,
京王 自動車 ハイヤー 求人,ja,1,google_ja_jp,1,ハイヤー 求人,assunzione,False,True,2,autista,3,6,non disponibile,non disponibile,non disponibile,
介護の送迎 二種免許いる,ja,1,google_ja_jp,1,二種免許,generico,False,True,2,turista,3,6,non disponibile,non disponibile,non disponibile,
介護タクシー 二種免許 求人,ja,1,google_ja_jp,1,二種免許,assunzione,False,True,2,autista,3,6,non disponibile,non disponibile,non disponibile,
介護タクシー 二種免許不要,ja,1,google_ja_jp,1,二種免許,generico,False,True,2,indefinito,3,6,non disponibile,non disponibile,non disponibile,
介護タクシー 二種免許必要,ja,1,google_ja_jp,1,二種免許,generico,False,True,2,indefinito,3,6,non disponibile,non disponibile,non disponibile,
介護タクシー 二種免許費用,ja,1,google_ja_jp,1,二種免許,acquisto_servizio,False,True,2,autista,3,6,non disponibile,non disponibile,non disponibile,
介護タクシー・ふぅりん,ja,1,bing_ja-JP,1,英語 タクシー,generico,False,True,2,indefinito,3,6,non disponibile,non disponibile,non disponibile,
仙台 ハイヤー 求人,ja,1,google_ja_jp,1,ハイヤー 求人,assunzione,False,True,2,autista,3,6,non disponibile,non disponibile,non disponibile,
代行 二種免許いる,ja,1,google_ja_jp,1,二種免許,generico,False,True,2,indefinito,3,6,non disponibile,non disponibile,non disponibile,
代行 二種免許必要,ja,1,google_ja_jp,1,二種免許,generico,False,True,2,indefinito,3,6,non disponibile,non disponibile,non disponibile,
令 和 ハイヤー 求人,ja,1,google_ja_jp,1,ハイヤー 求人,assunzione,False,True,2,autista,3,6,non disponibile,non disponibile,non disponibile,
伊達 ハイヤー 求人,ja,1,google_ja_jp,1,ハイヤー 求人,assunzione,False,True,2,autista,3,6,non disponibile,non disponibile,non disponibile,
免許証 第一種 第二種 見分け方,ja,1,bing_ja-JP,1,二種免許,generico,False,True,2,indefinito,3,6,non disponibile,non disponibile,non disponibile,
北 光 ハイヤー 求人,ja,1,google_ja_jp,1,ハイヤー 求人,assunzione,False,True,2,autista,3,6,non disponibile,non disponibile,non disponibile,
台北 タクシー チャーター 日本語,ja,1,bing_ja-JP,1,英語 タクシー,generico,False,True,2,turista,3,6,non disponibile,non disponibile,non disponibile,
台湾 タクシー アプリ 日本語,ja,1,bing_ja-JP,1,英語 タクシー,generico,False,True,2,indefinito,3,6,non disponibile,non disponibile,non disponibile,
和歌山市 二種免許,ja,1,google_ja_jp,1,二種免許,generico,False,True,2,indefinito,3,6,non disponibile,non disponibile,non disponibile,
国際 ハイヤー 求人,ja,1,google_ja_jp,1,ハイヤー 求人,assunzione,False,True,2,autista,3,6,non disponibile,non disponibile,non disponibile,
国際 自動車 ハイヤー 求人,ja,1,google_ja_jp,1,ハイヤー 求人,assunzione,False,True,2,autista,3,6,non disponibile,non disponibile,non disponibile,
土 電 ハイヤー 求人,ja,1,google_ja_jp,1,ハイヤー 求人,assunzione,False,True,2,autista,3,6,non disponibile,non disponibile,non disponibile,
土佐 ハイヤー 求人,ja,1,google_ja_jp,1,ハイヤー 求人,assunzione,False,True,2,autista,3,6,non disponibile,non disponibile,non disponibile,
外国人 送迎,ja,1,google_ja_jp,1,外国人 送迎,generico,False,True,2,turista,3,6,0.1,2,0.7,
外国人 送迎 求人,ja,1,google_ja_jp,1,外国人 送迎,assunzione,False,True,2,autista,3,6,non disponibile,non disponibile,non disponibile,
外国人 送迎ドライバー,ja,1,google_ja_jp,1,外国人 送迎,generico,False,True,2,turista,3,6,non disponibile,non disponibile,non disponibile,
外国人労働者送迎,ja,1,bing_ja-JP,1,外国人 送迎,generico,False,True,2,autista,3,6,non disponibile,non disponibile,non disponibile,
大和 ハイヤー 求人,ja,1,google_ja_jp,1,ハイヤー 求人,assunzione,False,True,2,autista,3,6,non disponibile,non disponibile,non disponibile,
大和 自動車 ハイヤー 求人,ja,1,google_ja_jp,1,ハイヤー 求人,assunzione,False,True,2,autista,3,6,non disponibile,non disponibile,non disponibile,
大和自動車交通 ハイヤー 求人,ja,1,google_ja_jp,1,ハイヤー 求人,assunzione,False,True,2,autista,3,6,non disponibile,non disponibile,non disponibile,
大特二種免許 x,ja,1,bing_ja-JP,1,二種免許,generico,False,True,2,indefinito,3,6,non disponibile,non disponibile,non disponibile,
大田 区 ハイヤー 求人,ja,1,google_ja_jp,1,ハイヤー 求人,assunzione,False,True,2,autista,3,6,non disponibile,non disponibile,non disponibile,
大阪 ハイヤー ドライバー 求人,ja,1,google_ja_jp,1,ハイヤー ドライバー,assunzione,False,True,2,autista,3,6,non disponibile,non disponibile,non disponibile,
大阪 市 ハイヤー 求人,ja,1,google_ja_jp,1,ハイヤー 求人,assunzione,False,True,2,autista,3,6,non disponibile,non disponibile,non disponibile,
太 洋 ハイヤー 求人,ja,1,google_ja_jp,1,ハイヤー 求人,assunzione,False,True,2,autista,3,6,non disponibile,non disponibile,non disponibile,
室蘭 ハイヤー 求人,ja,1,google_ja_jp,1,ハイヤー 求人,assunzione,False,True,2,autista,3,6,non disponibile,non disponibile,non disponibile,
宮園 自動車 ハイヤー 求人,ja,1,google_ja_jp,1,ハイヤー 求人,assunzione,False,True,2,autista,3,6,non disponibile,non disponibile,non disponibile,
富士急 山梨 ハイヤー 求人,ja,1,google_ja_jp,1,ハイヤー 求人,assunzione,False,True,2,autista,3,6,non disponibile,non disponibile,non disponibile,
寮 付き ハイヤー 求人,ja,1,google_ja_jp,1,ハイヤー 求人,assunzione,False,True,2,autista,3,6,non disponibile,non disponibile,non disponibile,
専属運転手 英語,ja,1,google_ja_jp,1,専属運転手,generico,False,True,2,indefinito,3,6,non disponibile,non disponibile,non disponibile,
山 交 ハイヤー 求人,ja,1,google_ja_jp,1,ハイヤー 求人,assunzione,False,True,2,autista,3,6,non disponibile,non disponibile,non disponibile,
山崎 ハイヤー 求人,ja,1,google_ja_jp,1,ハイヤー 求人,assunzione,False,True,2,autista,3,6,non disponibile,non disponibile,non disponibile,
山梨 ハイヤー 求人,ja,1,google_ja_jp,1,ハイヤー 求人,assunzione,False,True,2,autista,3,6,non disponibile,non disponibile,non disponibile,
岡山 ハイヤー 求人,ja,1,google_ja_jp,1,ハイヤー 求人,assunzione,False,True,2,autista,3,6,non disponibile,non disponibile,non disponibile,
帝国 ホテル ハイヤー 求人,ja,1,google_ja_jp,1,ハイヤー 求人,assunzione,False,True,2,autista,3,6,non disponibile,non disponibile,non disponibile,
帝都 ハイヤー 求人,ja,1,google_ja_jp,1,ハイヤー 求人,assunzione,False,True,2,autista,3,6,non disponibile,non disponibile,non disponibile,
帝都 自動車 ハイヤー 求人,ja,1,google_ja_jp,1,ハイヤー 求人,assunzione,False,True,2,autista,3,6,non disponibile,non disponibile,non disponibile,
帝都ハイヤー求人,ja,1,bing_ja-JP,1,ハイヤー 求人,assunzione,False,True,2,autista,3,6,non disponibile,non disponibile,non disponibile,
帯広 ハイヤー 求人,ja,1,google_ja_jp,1,ハイヤー 求人,assunzione,False,True,2,autista,3,6,non disponibile,non disponibile,non disponibile,
平岸 ハイヤー 求人,ja,1,google_ja_jp,1,ハイヤー 求人,assunzione,False,True,2,autista,3,6,non disponibile,non disponibile,non disponibile,
役員 ハイヤー 求人,ja,1,google_ja_jp,1,ハイヤー 求人,assunzione,False,True,2,autista,3,6,non disponibile,non disponibile,non disponibile,
役員運転手 英語,ja,1,google_ja_jp,1,役員運転手,generico,False,True,2,indefinito,3,6,non disponibile,non disponibile,non disponibile,
成田 市 ハイヤー 求人,ja,1,google_ja_jp,1,ハイヤー 求人,assunzione,False,True,2,autista,3,6,non disponibile,non disponibile,non disponibile,
日の丸 ハイヤー 求人,ja,1,google_ja_jp,1,ハイヤー 求人,assunzione,False,True,2,autista,3,6,non disponibile,non disponibile,non disponibile,
日の丸 リムジン ハイヤー 求人,ja,1,google_ja_jp,1,ハイヤー 求人,assunzione,False,True,2,autista,3,6,non disponibile,non disponibile,non disponibile,
日本 ハイヤー 求人 機構,ja,1,google_ja_jp,1,ハイヤー 求人,assunzione,False,True,2,autista,3,6,non disponibile,non disponibile,non disponibile,
日本 交通 ハイヤー 乗務員,ja,1,google_ja_jp,1,ハイヤー 乗務員,generico,False,True,2,indefinito,3,6,non disponibile,non disponibile,non disponibile,
日本 交通 ハイヤー 求人,ja,1,google_ja_jp,1,ハイヤー 求人,assunzione,False,True,2,autista,3,6,non disponibile,non disponibile,non disponibile,
日本ハイヤー求人機構,ja,1,bing_ja-JP,1,ハイヤー 求人,assunzione,False,True,2,autista,3,6,non disponibile,non disponibile,non disponibile,
日本交通 タクシー 予約 web,ja,1,bing_ja-JP,1,英語 タクシー,acquisto_servizio,False,True,2,turista,3,6,non disponibile,non disponibile,non disponibile,
日本交通 タクシー 迎車 無料,ja,1,bing_ja-JP,1,英語 タクシー,generico,False,True,2,indefinito,3,6,non disponibile,non disponibile,non disponibile,
日本交通ハイヤー求人,ja,1,bing_ja-JP,1,ハイヤー 求人,assunzione,False,True,2,autista,3,6,non disponibile,non disponibile,non disponibile,
普通二種免許教習所料金,ja,1,bing_ja-JP,1,二種免許,acquisto_servizio,False,True,2,autista,3,6,non disponibile,non disponibile,non disponibile,
普通二種免許教習所東京,ja,1,bing_ja-JP,1,二種免許,informativo,False,True,2,autista,3,6,non disponibile,non disponibile,non disponibile,
普通二種免許料金,ja,1,bing_ja-JP,1,二種免許,acquisto_servizio,False,True,2,turista,3,6,non disponibile,non disponibile,non disponibile,
普通二種免許東京,ja,1,bing_ja-JP,1,二種免許,generico,False,True,2,indefinito,3,6,non disponibile,non disponibile,non disponibile,
普通二種免許求人,ja,1,bing_ja-JP,1,二種免許,assunzione,False,True,2,autista,3,6,non disponibile,non disponibile,non disponibile,
普通自動車免許 一種 二種 見分け方,ja,1,bing_ja-JP,1,二種免許,generico,False,True,2,indefinito,3,6,non disponibile,non disponibile,non disponibile,
札幌 二種免許 求人,ja,1,google_ja_jp,1,二種免許,assunzione,False,True,2,autista,3,6,non disponibile,non disponibile,non disponibile,
東京 mk ハイヤー 求人,ja,1,google_ja_jp,1,ハイヤー 求人,assunzione,False,True,2,autista,3,6,non disponibile,non disponibile,non disponibile,
東京 mk ハイヤー求人,ja,1,bing_ja-JP,1,ハイヤー 求人,assunzione,False,True,2,autista,3,6,non disponibile,non disponibile,non disponibile,
東京 エムケイ ハイヤー 求人,ja,1,google_ja_jp,1,ハイヤー 求人,assunzione,False,True,2,autista,3,6,non disponibile,non disponibile,non disponibile,
東京 タクシー 12km 料金,ja,1,bing_ja-JP,1,英語 タクシー 運転手 東京,acquisto_servizio,False,True,2,turista,3,6,non disponibile,non disponibile,non disponibile,
東京 タクシー 20km 料金,ja,1,bing_ja-JP,1,英語 タクシー 運転手 東京,acquisto_servizio,False,True,2,turista,3,6,non disponibile,non disponibile,non disponibile,
東京 タクシー 上映 いつまで,ja,1,bing_ja-JP,1,英語 タクシー 運転手 東京,generico,False,True,2,indefinito,3,6,non disponibile,non disponibile,non disponibile,
東京 タクシー 予約 おすすめ,ja,1,bing_ja-JP,1,英語 タクシー 運転手 東京,acquisto_servizio,False,True,2,turista,3,6,non disponibile,non disponibile,non disponibile,
東京 タクシー 予約 できない,ja,1,bing_ja-JP,1,英語 タクシー,acquisto_servizio,False,True,2,turista,3,6,non disponibile,non disponibile,non disponibile,
東京 タクシー 初乗り料金 距離,ja,1,bing_ja-JP,1,英語 タクシー 運転手 東京,acquisto_servizio,False,True,2,turista,3,6,non disponibile,non disponibile,non disponibile,
東京 タクシー 料金 10km,ja,1,bing_ja-JP,1,英語 タクシー 運転手 東京,acquisto_servizio,False,True,2,turista,3,6,non disponibile,non disponibile,non disponibile,
東京 タクシー 映画 あらすじ,ja,1,bing_ja-JP,1,英語 タクシー,generico,False,True,2,indefinito,3,6,non disponibile,non disponibile,non disponibile,
東京 タクシー 迎車料金 無料,ja,1,bing_ja-JP,1,英語 タクシー 運転手 東京,acquisto_servizio,False,True,2,turista,3,6,non disponibile,non disponibile,non disponibile,
東京 二種免許 学科,ja,1,google_ja_jp,1,二種免許,generico,False,True,2,indefinito,3,6,non disponibile,non disponibile,non disponibile,
東京 都 ハイヤー 求人,ja,1,google_ja_jp,1,ハイヤー 求人,assunzione,False,True,2,autista,3,6,non disponibile,non disponibile,non disponibile,
東京エムケイ ハイヤー 求人,ja,1,google_ja_jp,1,ハイヤー 求人,assunzione,False,True,2,autista,3,6,non disponibile,non disponibile,non disponibile,
東京タクシー・ハイヤー協会,ja,1,bing_ja-JP,1,ハイヤー 乗務員,generico,False,True,2,indefinito,3,6,non disponibile,non disponibile,non disponibile,
東京ハイヤー求人,ja,1,bing_ja-JP,1,ハイヤー 求人,assunzione,False,True,2,autista,3,6,non disponibile,non disponibile,non disponibile,
東京未来大学 二種免許,ja,1,google_ja_jp,1,二種免許,generico,False,True,2,indefinito,3,6,non disponibile,non disponibile,non disponibile,
東京自動車学院 二種免許,ja,1,google_ja_jp,1,二種免許,generico,False,True,2,indefinito,3,6,non disponibile,non disponibile,non disponibile,
横浜 市 ハイヤー 求人,ja,1,google_ja_jp,1,ハイヤー 求人,assunzione,False,True,2,autista,3,6,non disponibile,non disponibile,non disponibile,
求人東京ハイヤー,ja,1,bing_ja-JP,1,ハイヤー 求人,assunzione,False,True,2,autista,3,6,non disponibile,non disponibile,non disponibile,
江別 ハイヤー 求人,ja,1,google_ja_jp,1,ハイヤー 求人,assunzione,False,True,2,autista,3,6,non disponibile,non disponibile,non disponibile,
江戸川区 ハイヤー 求人,ja,1,google_ja_jp,1,ハイヤー 求人,assunzione,False,True,2,autista,3,6,non disponibile,non disponibile,non disponibile,
沖 一 ハイヤー 求人,ja,1,google_ja_jp,1,ハイヤー 求人,assunzione,False,True,2,autista,3,6,non disponibile,non disponibile,non disponibile,
沖東交通 ハイヤー 求人,ja,1,google_ja_jp,1,ハイヤー 求人,assunzione,False,True,2,autista,3,6,non disponibile,non disponibile,non disponibile,
沖縄 ハイヤー ドライバー 求人,ja,1,google_ja_jp,1,ハイヤー ドライバー,assunzione,False,True,2,autista,3,6,non disponibile,non disponibile,non disponibile,
沖縄 二種免許 求人,ja,1,google_ja_jp,1,二種免許,assunzione,False,True,2,autista,3,6,non disponibile,non disponibile,non disponibile,
沖縄 観光 ハイヤー 求人,ja,1,google_ja_jp,1,ハイヤー 求人,assunzione,False,True,2,autista,3,6,non disponibile,non disponibile,non disponibile,
特定技能外国人送迎,ja,1,bing_ja-JP,1,外国人 送迎,generico,False,True,2,turista,3,6,non disponibile,non disponibile,non disponibile,
牽引二種免許 x,ja,1,bing_ja-JP,1,二種免許,generico,False,True,2,indefinito,3,6,non disponibile,non disponibile,non disponibile,
現在地 から 近い タクシー会社,ja,1,bing_ja-JP,1,タクシー 英語 求人,generico,False,True,2,operatore,3,6,non disponibile,non disponibile,non disponibile,
琉球 ハイヤー 求人,ja,1,google_ja_jp,1,ハイヤー 求人,assunzione,False,True,2,autista,3,6,non disponibile,non disponibile,non disponibile,
福祉タクシー 二種免許不要,ja,1,google_ja_jp,1,二種免許,generico,False,True,2,indefinito,3,6,non disponibile,non disponibile,non disponibile,
空港 送迎 ハイヤー 求人,ja,1,google_ja_jp,1,ハイヤー 求人,assunzione,False,True,2,autista,3,6,non disponibile,non disponibile,non disponibile,
第一交通 ハイヤー 求人,ja,1,google_ja_jp,1,ハイヤー 求人,assunzione,False,True,2,autista,3,6,non disponibile,non disponibile,non disponibile,
第一種 第二種 運転免許 違い,ja,1,bing_ja-JP,1,二種免許 英語,informativo,False,True,2,indefinito,3,6,non disponibile,non disponibile,non disponibile,
羊蹄 ハイヤー 求人,ja,1,google_ja_jp,1,ハイヤー 求人,assunzione,False,True,2,autista,3,6,non disponibile,non disponibile,non disponibile,
美瑛 ハイヤー 求人,ja,1,google_ja_jp,1,ハイヤー 求人,assunzione,False,True,2,autista,3,6,non disponibile,non disponibile,non disponibile,
群馬 ハイヤー 求人,ja,1,google_ja_jp,1,ハイヤー 求人,assunzione,False,True,2,autista,3,6,non disponibile,non disponibile,non disponibile,
羽田空港 ハイヤー 求人,ja,1,google_ja_jp,1,ハイヤー 求人,assunzione,False,True,2,autista,3,6,non disponibile,non disponibile,non disponibile,
自動車 普通免許 第一種 第二種 違い,ja,1,bing_ja-JP,1,二種免許 英語,informativo,False,True,2,indefinito,3,6,non disponibile,non disponibile,non disponibile,
自転車 を運んでくれる タクシー 東京,ja,1,bing_ja-JP,1,英語 タクシー 運転手 東京,generico,False,True,2,indefinito,3,6,non disponibile,non disponibile,non disponibile,
船 運転手 英語,ja,1,google_ja_jp,1,英語 運転手,generico,False,True,2,indefinito,3,6,non disponibile,non disponibile,non disponibile,
若山 哲夫 二種免許,ja,1,google_ja_jp,1,二種免許,generico,False,True,2,indefinito,3,6,non disponibile,non disponibile,non disponibile,
若山哲夫容疑者 二種免許,ja,1,google_ja_jp,1,二種免許,generico,False,True,2,indefinito,3,6,non disponibile,non disponibile,non disponibile,
若山容疑者 二種免許,ja,1,google_ja_jp,1,二種免許,generico,False,True,2,indefinito,3,6,non disponibile,non disponibile,non disponibile,
英会話 ハイヤー ドライバー,ja,1,google_ja_jp,1,ハイヤー ドライバー,generico,False,True,2,indefinito,3,6,non disponibile,non disponibile,non disponibile,
英語で運転手,ja,1,bing_ja-JP,1,英語 運転手,generico,False,True,2,indefinito,3,6,non disponibile,non disponibile,non disponibile,
英語運転手,ja,1,bing_ja-JP,1,英語 運転手,generico,False,True,2,indefinito,3,6,non disponibile,non disponibile,non disponibile,
西武 ハイヤー 求人,ja,1,google_ja_jp,1,ハイヤー 求人,assunzione,False,True,2,autista,3,6,non disponibile,non disponibile,non disponibile,
送迎 ドライバー 英語,ja,1,google_ja_jp,1,英語 ドライバー,generico,False,True,2,turista,3,6,non disponibile,non disponibile,non disponibile,
運転免許 普通 一種 二種 違い,ja,1,bing_ja-JP,1,二種免許 英語,informativo,False,True,2,indefinito,3,6,non disponibile,non disponibile,non disponibile,
運転免許 第一種 第二種 仮免許,ja,1,bing_ja-JP,1,二種免許 英語,generico,False,True,2,indefinito,3,6,non disponibile,non disponibile,non disponibile,
運転免許 第一種 第二種 違い,ja,1,bing_ja-JP,1,二種免許 英語,informativo,False,True,2,indefinito,3,6,non disponibile,non disponibile,non disponibile,
運転手 よろしくお願いします 英語,ja,1,google_ja_jp,1,英語 運転手,generico,False,True,2,indefinito,3,6,non disponibile,non disponibile,non disponibile,
運転手 英語 カタカナ,ja,1,google_ja_jp,1,英語 運転手,generico,False,True,2,indefinito,3,6,non disponibile,non disponibile,non disponibile,
運転手 英語 求人,ja,1,google_ja_jp,1,英語 運転手,assunzione,False,True,2,autista,3,6,non disponibile,non disponibile,non disponibile,
運転手 英語 略,ja,1,google_ja_jp,1,英語 運転手,generico,False,True,2,indefinito,3,6,non disponibile,non disponibile,non disponibile,
運転手が私の財布を盗んだと思います 英語,ja,1,google_ja_jp,1,英語 運転手,generico,False,True,2,indefinito,3,6,non disponibile,non disponibile,non disponibile,
運転手さん 英語,ja,1,google_ja_jp,1,英語 運転手,generico,False,True,2,indefinito,3,6,non disponibile,non disponibile,non disponibile,
運転手に伝えてください 英語,ja,1,google_ja_jp,1,英語 運転手,generico,False,True,2,indefinito,3,6,non disponibile,non disponibile,non disponibile,
運転手に効きましたか 英語,ja,1,google_ja_jp,1,英語 運転手,generico,False,True,2,indefinito,3,6,non disponibile,non disponibile,non disponibile,
運転手に聞いてください 英語,ja,1,google_ja_jp,1,英語 運転手,generico,False,True,2,indefinito,3,6,non disponibile,non disponibile,non disponibile,
運転手に聞きましたか 英語,ja,1,google_ja_jp,1,英語 運転手,generico,False,True,2,indefinito,3,6,non disponibile,non disponibile,non disponibile,
運転手に聞きましたか英語,ja,1,bing_ja-JP,1,英語 運転手,generico,False,True,2,indefinito,3,6,non disponibile,non disponibile,non disponibile,
運転手に聞く 英語,ja,1,google_ja_jp,1,英語 運転手,generico,False,True,2,indefinito,3,6,non disponibile,non disponibile,non disponibile,
運転手に行き先を告げる 英語,ja,1,google_ja_jp,1,英語 運転手,generico,False,True,2,indefinito,3,6,non disponibile,non disponibile,non disponibile,
運転手に見せてください 英語,ja,1,google_ja_jp,1,英語 運転手,generico,False,True,2,indefinito,3,6,non disponibile,non disponibile,non disponibile,
運転手に話しかけないでください 英語,ja,1,google_ja_jp,1,英語 運転手,generico,False,True,2,indefinito,3,6,non disponibile,non disponibile,non disponibile,
運転手の 英語,ja,1,google_ja_jp,1,英語 運転手,generico,False,True,2,indefinito,3,6,non disponibile,non disponibile,non disponibile,
運転手の名前 英語,ja,1,google_ja_jp,1,英語 運転手,generico,False,True,2,indefinito,3,6,non disponibile,non disponibile,non disponibile,
運転手の名前は覚えていません 英語,ja,1,google_ja_jp,1,英語 運転手,generico,False,True,2,indefinito,3,6,non disponibile,non disponibile,non disponibile,
運転手はどこですか 英語,ja,1,google_ja_jp,1,英語 運転手,generico,False,True,2,indefinito,3,6,non disponibile,non disponibile,non disponibile,
運転手は前を見ていなかったに違いない 英語,ja,1,google_ja_jp,1,英語 運転手,informativo,False,True,2,indefinito,3,6,non disponibile,non disponibile,non disponibile,
運転手は私のお気に入りのペンを見つけました 英語,ja,1,google_ja_jp,1,英語 運転手,generico,False,True,2,indefinito,3,6,non disponibile,non disponibile,non disponibile,
運転手英語,ja,1,bing_ja-JP,1,英語 運転手,generico,False,True,2,indefinito,3,6,non disponibile,non disponibile,non disponibile,
道 南 ハイヤー 求人,ja,1,google_ja_jp,1,ハイヤー 求人,assunzione,False,True,2,autista,3,6,non disponibile,non disponibile,non disponibile,
都内ハイヤー求人,ja,1,bing_ja-JP,1,ハイヤー 求人,assunzione,False,True,2,autista,3,6,non disponibile,non disponibile,non disponibile,
都市 型 ハイヤー 乗務員 証,ja,1,google_ja_jp,1,ハイヤー 乗務員,generico,False,True,2,indefinito,3,6,non disponibile,non disponibile,non disponibile,
都市型ハイヤー その他 ハイヤー 違い,ja,1,bing_ja-JP,1,ハイヤー 英語,informativo,False,True,2,indefinito,3,6,non disponibile,non disponibile,non disponibile,
門川ハイヤー求人,ja,1,bing_ja-JP,1,ハイヤー 求人,assunzione,False,True,2,autista,3,6,non disponibile,non disponibile,non disponibile,
青山 国際 ハイヤー 求人,ja,1,google_ja_jp,1,ハイヤー 求人,assunzione,False,True,2,autista,3,6,non disponibile,non disponibile,non disponibile,
飛行機 運転手 英語,ja,1,google_ja_jp,1,英語 運転手,generico,False,True,2,indefinito,3,6,non disponibile,non disponibile,non disponibile,
香港 空港から 市内 タクシー料金,ja,1,bing_ja-JP,1,英語 タクシー,acquisto_servizio,False,True,2,turista,3,6,non disponibile,non disponibile,non disponibile,
vip 送迎車,ja,2,bing_ja-JP|google_ja_jp,1,VIP 送迎,generico,False,True,1,turista,5,5,non disponibile,non disponibile,non disponibile,
g-driver,ja,1,bing_ja-JP,2,外国語 ドライバー|英語 ドライバー,generico,False,True,1,indefinito,4,4,non disponibile,non disponibile,non disponibile,
x-driver,ja,1,bing_ja-JP,2,ドライバー 紹介|外国語 ドライバー,generico,False,True,1,indefinito,4,4,non disponibile,non disponibile,non disponibile,
求人 短時間 運転手 ドライバー,ja,1,bing_ja-JP,2,ドライバー 紹介|ハイヤー ドライバー,assunzione,False,True,1,autista,4,4,non disponibile,non disponibile,non disponibile,
ex-xdriver,ja,1,bing_ja-JP,1,英語 ドライバー,generico,False,True,1,indefinito,3,3,non disponibile,non disponibile,non disponibile,
m-driver,ja,1,bing_ja-JP,1,外国語 ドライバー,generico,False,True,1,indefinito,3,3,non disponibile,non disponibile,non disponibile,
t-driver,ja,1,bing_ja-JP,1,外国語 ドライバー,generico,False,True,1,indefinito,3,3,non disponibile,non disponibile,non disponibile,
uber driver - ドライバー用,ja,1,bing_ja-JP,1,英語 ドライバー,generico,False,True,1,indefinito,3,3,non disponibile,non disponibile,non disponibile,
vip 空港 送迎,ja,1,google_ja_jp,1,VIP 送迎,generico,False,True,1,turista,3,3,non disponibile,non disponibile,non disponibile,
vip 送迎,ja,1,bing_ja-JP,1,VIP 送迎,generico,False,True,1,turista,3,3,non disponibile,non disponibile,non disponibile,
vip 送迎 と は,ja,1,google_ja_jp,1,VIP 送迎,generico,False,True,1,turista,3,3,non disponibile,non disponibile,non disponibile,
vip 送迎 サービス,ja,1,google_ja_jp,1,VIP 送迎,generico,False,True,1,turista,3,3,non disponibile,non disponibile,non disponibile,
vip 送迎 ドライバー きつい,ja,1,google_ja_jp,1,VIP 送迎,generico,False,True,1,turista,3,3,non disponibile,non disponibile,non disponibile,
vip 送迎 ドライバー 求人,ja,1,google_ja_jp,1,VIP 送迎,assunzione,False,True,1,autista,3,3,non disponibile,non disponibile,non disponibile,
vip 送迎 会社,ja,1,google_ja_jp,1,VIP 送迎,generico,False,True,1,operatore,3,3,non disponibile,non disponibile,non disponibile,
vip 送迎 求人,ja,1,google_ja_jp,1,VIP 送迎,assunzione,False,True,1,autista,3,3,non disponibile,non disponibile,non disponibile,
vip 送迎 用 の 長い 車,ja,1,google_ja_jp,1,VIP 送迎,generico,False,True,1,turista,3,3,non disponibile,non disponibile,non disponibile,
vip 送迎 車,ja,1,google_ja_jp,1,VIP 送迎,generico,False,True,1,turista,3,3,non disponibile,non disponibile,non disponibile,
vip 送迎サービス,ja,1,google_ja_jp,1,VIP 送迎,generico,False,True,1,turista,3,3,non disponibile,non disponibile,non disponibile,
vip 送迎ドライバー,ja,1,google_ja_jp,1,VIP 送迎,generico,False,True,1,turista,3,3,non disponibile,non disponibile,non disponibile,
vip 送迎ドライバー きつい,ja,1,google_ja_jp,1,VIP 送迎,generico,False,True,1,turista,3,3,non disponibile,non disponibile,non disponibile,
vip送迎ドライバー,ja,1,bing_ja-JP,1,VIP 送迎,generico,False,True,1,turista,3,3,non disponibile,non disponibile,non disponibile,
vip送迎車,ja,1,bing_ja-JP,1,VIP 送迎,generico,False,True,1,turista,3,3,non disponibile,non disponibile,non disponibile,
エルグランド vip 送迎サービス,ja,1,bing_ja-JP,1,VIP 送迎,generico,False,True,1,turista,3,3,non disponibile,non disponibile,non disponibile,
スポット 運転手 料金,ja,1,google_ja_jp,1,運転手 スポット,acquisto_servizio,False,True,1,turista,3,3,non disponibile,non disponibile,non disponibile,
スポットバイト 運転手,ja,1,google_ja_jp,1,運転手 スポット,generico,False,True,1,indefinito,3,3,non disponibile,non disponibile,non disponibile,
専属運転手,ja,1,google_ja_jp,1,専属運転手,generico,False,True,1,indefinito,3,3,non disponibile,non disponibile,non disponibile,
専属運転手 1日,ja,1,google_ja_jp,1,専属運転手,generico,False,True,1,turista,3,3,non disponibile,non disponibile,non disponibile,
専属運転手 会社,ja,1,google_ja_jp,1,専属運転手,generico,False,True,1,operatore,3,3,non disponibile,non disponibile,non disponibile,
専属運転手 個人,ja,1,google_ja_jp,1,専属運転手,generico,False,True,1,indefinito,3,3,non disponibile,non disponibile,non disponibile,
専属運転手 募集,ja,1,google_ja_jp,1,専属運転手,assunzione,False,True,1,autista,3,3,non disponibile,non disponibile,non disponibile,
専属運転手 年収,ja,1,google_ja_jp,1,専属運転手,assunzione,False,True,1,autista,3,3,non disponibile,non disponibile,non disponibile,
専属運転手 料金,ja,1,google_ja_jp,1,専属運転手,acquisto_servizio,False,True,1,turista,3,3,non disponibile,non disponibile,non disponibile,
専属運転手 東京,ja,1,google_ja_jp,1,専属運転手,generico,False,True,1,indefinito,3,3,non disponibile,non disponibile,non disponibile,
専属運転手 求人,ja,1,google_ja_jp,1,専属運転手,assunzione,False,True,1,autista,3,3,non disponibile,non disponibile,non disponibile,
専属運転手 求人 東京,ja,1,google_ja_jp,1,専属運転手,assunzione,False,True,1,autista,3,3,non disponibile,non disponibile,non disponibile,
専属運転手 相場,ja,1,google_ja_jp,1,専属運転手,acquisto_servizio,False,True,1,turista,3,3,non disponibile,non disponibile,non disponibile,
専属運転手 給料,ja,1,google_ja_jp,1,専属運転手,assunzione,False,True,1,autista,3,3,non disponibile,non disponibile,non disponibile,
専属運転手 金持ち,ja,1,google_ja_jp,1,専属運転手,generico,False,True,1,indefinito,3,3,non disponibile,non disponibile,non disponibile,
専属運転手とは,ja,1,google_ja_jp,1,専属運転手,informativo,False,True,1,indefinito,3,3,non disponibile,non disponibile,non disponibile,
広島 運転手 ドライバー 求人,ja,1,bing_ja-JP,1,登録ドライバー ハイヤー,assunzione,False,True,1,autista,3,3,non disponibile,non disponibile,non disponibile,
役員車 運転手,ja,1,google_ja_jp,1,役員車 運転,generico,False,True,1,indefinito,3,3,non disponibile,non disponibile,non disponibile,
役員車 運転手 求人,ja,1,google_ja_jp,1,役員車 運転,assunzione,False,True,1,autista,3,3,non disponibile,non disponibile,non disponibile,
役員車 運転手 派遣,ja,1,google_ja_jp,1,役員車 運転,generico,True,True,1,operatore,3,3,non disponibile,non disponibile,non disponibile,
役員運転手,ja,1,google_ja_jp,1,役員運転手,generico,False,True,1,indefinito,3,3,non disponibile,non disponibile,non disponibile,
役員運転手 きつい,ja,1,google_ja_jp,1,役員運転手,generico,False,True,1,indefinito,3,3,non disponibile,non disponibile,non disponibile,
役員運転手 やめとけ,ja,1,google_ja_jp,1,役員運転手,generico,False,True,1,indefinito,3,3,non disponibile,non disponibile,non disponibile,
役員運転手 アルバイト 東京,ja,1,google_ja_jp,1,役員運転手,generico,False,True,1,indefinito,3,3,non disponibile,non disponibile,non disponibile,
役員運転手 トーコー,ja,1,google_ja_jp,1,役員運転手,generico,False,True,1,indefinito,3,3,non disponibile,non disponibile,non disponibile,
役員運転手 パワハラ,ja,1,google_ja_jp,1,役員運転手,generico,False,True,1,indefinito,3,3,non disponibile,non disponibile,non disponibile,
役員運転手 会社,ja,1,google_ja_jp,1,役員運転手,generico,False,True,1,operatore,3,3,non disponibile,non disponibile,non disponibile,
役員運転手 実態,ja,1,google_ja_jp,1,役員運転手,generico,False,True,1,indefinito,3,3,non disponibile,non disponibile,non disponibile,
役員運転手 年収,ja,1,google_ja_jp,1,役員運転手,assunzione,False,True,1,autista,3,3,non disponibile,non disponibile,non disponibile,
役員運転手 料金,ja,1,google_ja_jp,1,役員運転手,acquisto_servizio,False,True,1,turista,3,3,non disponibile,non disponibile,non disponibile,
役員運転手 時間外労働,ja,1,google_ja_jp,1,役員運転手,generico,False,True,1,autista,3,3,non disponibile,non disponibile,non disponibile,
役員運転手 東京,ja,1,google_ja_jp,1,役員運転手,generico,False,True,1,indefinito,3,3,non disponibile,non disponibile,non disponibile,
役員運転手 東京 求人,ja,1,google_ja_jp,1,役員運転手,assunzione,False,True,1,autista,3,3,non disponibile,non disponibile,non disponibile,
役員運転手 求人,ja,1,google_ja_jp,1,役員運転手,assunzione,False,True,1,autista,3,3,non disponibile,non disponibile,non disponibile,
役員運転手 求人 - 福岡,ja,1,google_ja_jp,1,役員運転手,assunzione,False,True,1,autista,3,3,non disponibile,non disponibile,non disponibile,
役員運転手 求人 プロパー,ja,1,google_ja_jp,1,役員運転手,assunzione,False,True,1,autista,3,3,non disponibile,non disponibile,non disponibile,
役員運転手 求人 大阪,ja,1,google_ja_jp,1,役員運転手,assunzione,False,True,1,autista,3,3,non disponibile,non disponibile,non disponibile,
役員運転手 求人 月給45万,ja,1,google_ja_jp,1,役員運転手,assunzione,False,True,1,autista,3,3,non disponibile,non disponibile,non disponibile,
役員運転手 求人 未経験 東京,ja,1,google_ja_jp,1,役員運転手,assunzione,False,True,1,autista,3,3,non disponibile,non disponibile,non disponibile,
役員運転手 求人 札幌,ja,1,google_ja_jp,1,役員運転手,assunzione,False,True,1,autista,3,3,non disponibile,non disponibile,non disponibile,
役員運転手 求人 東京,ja,1,google_ja_jp,1,役員運転手,assunzione,False,True,1,autista,3,3,non disponibile,non disponibile,non disponibile,
役員運転手 求人 神戸,ja,1,google_ja_jp,1,役員運転手,assunzione,False,True,1,autista,3,3,non disponibile,non disponibile,non disponibile,
役員運転手 派遣 料金,ja,1,google_ja_jp,1,役員運転手,acquisto_servizio,True,True,1,operatore,3,3,non disponibile,non disponibile,non disponibile,
役員運転手 相場,ja,1,google_ja_jp,1,役員運転手,acquisto_servizio,False,True,1,turista,3,3,non disponibile,non disponibile,non disponibile,
役員運転手とうこう,ja,1,google_ja_jp,1,役員運転手,generico,False,True,1,indefinito,3,3,non disponibile,non disponibile,non disponibile,
役員運転手とは,ja,1,google_ja_jp,1,役員運転手,informativo,False,True,1,indefinito,3,3,non disponibile,non disponibile,non disponibile,
役員運転手の心得,ja,1,google_ja_jp,1,役員運転手,generico,False,True,1,indefinito,3,3,non disponibile,non disponibile,non disponibile,
役員運転手アルバイト 東京,ja,1,google_ja_jp,1,役員運転手,generico,False,True,1,indefinito,3,3,non disponibile,non disponibile,non disponibile,
役員運転手トーコー,ja,1,google_ja_jp,1,役員運転手,generico,False,True,1,indefinito,3,3,non disponibile,non disponibile,non disponibile,
役員運転手求人,ja,1,google_ja_jp,1,役員運転手,assunzione,False,True,1,autista,3,3,non disponibile,non disponibile,non disponibile,
役員運転手求人 リライアンス,ja,1,google_ja_jp,1,役員運転手,assunzione,False,True,1,autista,3,3,non disponibile,non disponibile,non disponibile,
役員運転手求人 大阪,ja,1,google_ja_jp,1,役員運転手,assunzione,False,True,1,autista,3,3,non disponibile,non disponibile,non disponibile,
役員運転手求人 愛知県,ja,1,google_ja_jp,1,役員運転手,assunzione,False,True,1,autista,3,3,non disponibile,non disponibile,non disponibile,
役員運転手求人 札幌,ja,1,google_ja_jp,1,役員運転手,assunzione,False,True,1,autista,3,3,non disponibile,non disponibile,non disponibile,
役員運転手求人 東京,ja,1,google_ja_jp,1,役員運転手,assunzione,False,True,1,autista,3,3,non disponibile,non disponibile,non disponibile,
役員運転手求人月給 45万,ja,1,google_ja_jp,1,役員運転手,assunzione,False,True,1,autista,3,3,non disponibile,non disponibile,non disponibile,
役員運転手派遣,ja,1,google_ja_jp,1,役員運転手,generico,True,True,1,operatore,3,3,non disponibile,non disponibile,non disponibile,
役員運転手派遣 料金,ja,1,google_ja_jp,1,役員運転手,acquisto_servizio,True,True,1,operatore,3,3,non disponibile,non disponibile,non disponibile,
役員運転手派遣会社,ja,1,google_ja_jp,1,役員運転手,generico,True,True,1,operatore,3,3,non disponibile,non disponibile,non disponibile,
東京 役員運転手 仕事,ja,1,google_ja_jp,1,役員運転手,generico,False,True,1,indefinito,3,3,non disponibile,non disponibile,non disponibile,
東京都 役員運転手 求人,ja,1,google_ja_jp,1,役員運転手,assunzione,False,True,1,autista,3,3,non disponibile,non disponibile,non disponibile,
社用車 運転手,ja,1,google_ja_jp,1,社用車 運転手,generico,False,True,1,indefinito,3,3,non disponibile,non disponibile,non disponibile,
社用車 運転手 派遣,ja,1,google_ja_jp,1,社用車 運転手,generico,True,True,1,operatore,3,3,non disponibile,non disponibile,non disponibile,
社用車 運転手当,ja,1,google_ja_jp,1,社用車 運転手,generico,False,True,1,indefinito,3,3,non disponibile,non disponibile,non disponibile,
社用車 運転手派遣,ja,1,google_ja_jp,1,社用車 運転手,generico,True,True,1,operatore,3,3,non disponibile,non disponibile,non disponibile,
社長 専属運転手 求人,ja,1,google_ja_jp,1,専属運転手,assunzione,False,True,1,autista,3,3,non disponibile,non disponibile,non disponibile,
運転手 スポット,ja,1,google_ja_jp,1,運転手 スポット,generico,False,True,1,indefinito,3,3,non disponibile,non disponibile,non disponibile,
運転手 スポット契約,ja,1,google_ja_jp,1,運転手 スポット,generico,False,True,1,indefinito,3,3,non disponibile,non disponibile,non disponibile,
運転手 ドライバー 求人 広島,ja,1,bing_ja-JP,1,ハイヤー ドライバー,assunzione,False,True,1,autista,3,3,non disponibile,non disponibile,non disponibile,
ドライバ― 募集,ja,1,bing_ja-JP,7,インバウンド ドライバー|ハイヤー ドライバー|ハイヤー ドライバー 紹介|外国語 ドライバー,assunzione,False,False,0,autista,9,0,non disponibile,non disponibile,non disponibile,
b-limited b1 ドライバー,ja,1,bing_ja-JP,6,インバウンド ドライバー|ドライバー 紹介|ハイヤー ドライバー|ハイヤー ドライバー 紹介,generico,False,False,0,indefinito,8,0,non disponibile,non disponibile,non disponibile,
c&cドライバー,ja,1,bing_ja-JP,6,ドライバー 紹介|ハイヤー ドライバー|ハイヤー ドライバー 紹介|外国語 ドライバー,generico,False,False,0,indefinito,8,0,non disponibile,non disponibile,non disponibile,
the-g ドライバー,ja,1,bing_ja-JP,6,ハイヤー ドライバー|ハイヤー ドライバー 紹介|外国語 ドライバー|多言語 ドライバー,generico,False,False,0,indefinito,8,0,non disponibile,non disponibile,non disponibile,
ドライバ― 求人,ja,1,bing_ja-JP,6,ドライバー 紹介|ハイヤー ドライバー|ハイヤー ドライバー 紹介|外国語 ドライバー,assunzione,False,False,0,autista,8,0,non disponibile,non disponibile,non disponibile,
ドライバー pat.p,ja,1,bing_ja-JP,6,ドライバー 紹介|ハイヤー ドライバー|ハイヤー ドライバー 紹介|外国語 ドライバー,generico,False,False,0,indefinito,8,0,non disponibile,non disponibile,non disponibile,
ドライバー ★,ja,1,bing_ja-JP,6,ドライバー 紹介|ハイヤー ドライバー|ハイヤー ドライバー 紹介|外国語 ドライバー,generico,False,False,0,indefinito,8,0,non disponibile,non disponibile,non disponibile,
有限会社f・バイヤー,ja,1,bing_ja-JP,6,ハイヤー ドライバー|ハイヤー ドライバー 紹介|ハイヤー 乗務員|ハイヤー 求人,generico,False,False,0,operatore,8,0,non disponibile,non disponibile,non disponibile,
b&d ドライバー,ja,1,bing_ja-JP,5,ドライバー 紹介|ハイヤー ドライバー|ハイヤー ドライバー 紹介|登録ドライバー ハイヤー,generico,False,False,0,indefinito,7,0,non disponibile,non disponibile,non disponibile,
g-gear ドライバー,ja,1,bing_ja-JP,5,ハイヤー ドライバー|ハイヤー ドライバー 紹介|外国語 ドライバー|登録ドライバー ハイヤー,generico,False,False,0,indefinito,7,0,non disponibile,non disponibile,non disponibile,
i/fドライバ,ja,1,bing_ja-JP,5,インバウンド ドライバー|インバウンド対応 ドライバー|ドライバー 紹介|外国語 ドライバー,generico,False,False,0,indefinito,7,0,non disponibile,non disponibile,non disponibile,
j's ドライバー,ja,1,bing_ja-JP,5,ドライバー 紹介|ハイヤー ドライバー|ハイヤー ドライバー 紹介|登録ドライバー ハイヤー,generico,False,False,0,indefinito,7,0,non disponibile,non disponibile,non disponibile,
j.ドライヤー,ja,1,bing_ja-JP,5,ドライバー 紹介|ハイヤー ドライバー|ハイヤー ドライバー 紹介|登録ドライバー ハイヤー,generico,False,False,0,indefinito,7,0,non disponibile,non disponibile,non disponibile,
l型+ドライバー,ja,1,bing_ja-JP,5,ドライバー 紹介|ハイヤー ドライバー|外国語 ドライバー|多言語 ドライバー,generico,False,False,0,indefinito,7,0,non disponibile,non disponibile,non disponibile,
r ドライバ ダウンロード windows,ja,1,bing_ja-JP,5,ドライバー 紹介|ハイヤー ドライバー|外国語 ドライバー|多言語 ドライバー,generico,False,False,0,indefinito,7,0,non disponibile,non disponibile,non disponibile,
r ドライバ ダウンロード 便利,ja,1,bing_ja-JP,5,ドライバー 紹介|ハイヤー ドライバー|外国語 ドライバー|多言語 ドライバー,generico,False,False,0,indefinito,7,0,non disponibile,non disponibile,non disponibile,
x-hot ドライバー,ja,1,bing_ja-JP,5,ドライバー 紹介|ハイヤー ドライバー|ハイヤー ドライバー 紹介|外国語 ドライバー,generico,False,False,0,indefinito,7,0,non disponibile,non disponibile,non disponibile,
z: ドライブ,ja,1,bing_ja-JP,5,ドライバー 紹介|ハイヤー ドライバー|外国語 ドライバー|多言語 ドライバー,generico,False,False,0,indefinito,7,0,non disponibile,non disponibile,non disponibile,
オーバー-ドライブ,ja,1,bing_ja-JP,5,ドライバー 紹介|ハイヤー ドライバー|外国語 ドライバー|登録ドライバー ハイヤー,generico,False,False,0,indefinito,7,0,non disponibile,non disponibile,non disponibile,
ドライバー #1,ja,1,bing_ja-JP,5,ドライバー 紹介|ハイヤー ドライバー|ハイヤー ドライバー 紹介|外国語 ドライバー,generico,False,False,0,indefinito,7,0,non disponibile,non disponibile,non disponibile,
ドライバー 求人 東京 正社員,ja,1,bing_ja-JP,5,ドライバー 紹介|ハイヤー ドライバー|ハイヤー ドライバー 紹介|登録ドライバー ハイヤー,assunzione,False,False,0,autista,7,0,non disponibile,non disponibile,non disponibile,
c: ドライブ,ja,1,bing_ja-JP,4,ドライバー 紹介|外国語 ドライバー|多言語 ドライバー|英語 ドライバー,generico,False,False,0,indefinito,6,0,non disponibile,non disponibile,non disponibile,
d :ドライブ,ja,1,bing_ja-JP,4,ドライバー 紹介|外国語 ドライバー|多言語 ドライバー|英語 ドライバー,generico,False,False,0,indefinito,6,0,non disponibile,non disponibile,non disponibile,
f-1ドライバー,ja,1,bing_ja-JP,4,ハイヤー ドライバー|ハイヤー ドライバー 紹介|外国語 ドライバー|英語 ドライバー,generico,False,False,0,indefinito,6,0,non disponibile,non disponibile,non disponibile,
g&hワイヤー,ja,1,bing_ja-JP,4,ハイヤー ドライバー|ハイヤー ドライバー 紹介|ハイヤー 求人|ハイヤー 英語,generico,False,False,0,indefinito,6,0,non disponibile,non disponibile,non disponibile,
i-air ドライヤー,ja,1,bing_ja-JP,4,ハイヤー ドライバー|ハイヤー ドライバー 紹介|登録ドライバー ハイヤー|英語対応 ハイヤー ドライバー,generico,False,False,0,indefinito,6,0,non disponibile,non disponibile,non disponibile,
j・ドライヤー,ja,1,bing_ja-JP,4,ドライバー 紹介|ハイヤー ドライバー|ハイヤー ドライバー 紹介|登録ドライバー ハイヤー,generico,False,False,0,indefinito,6,0,non disponibile,non disponibile,non disponibile,
m-audio ドライバー,ja,1,bing_ja-JP,4,インバウンド ドライバー|ドライバー 紹介|ハイヤー ドライバー 紹介|外国語 ドライバー,generico,False,False,0,indefinito,6,0,non disponibile,non disponibile,non disponibile,
m.2 ドライバー,ja,1,bing_ja-JP,4,ドライバー 紹介|ハイヤー ドライバー 紹介|外国語 ドライバー|登録ドライバー ハイヤー,generico,False,False,0,indefinito,6,0,non disponibile,non disponibile,non disponibile,
n-ub ドライバー,ja,1,bing_ja-JP,4,インバウンド ドライバー|インバウンド対応 ドライバー|ドライバー 紹介|外国語 ドライバー,generico,False,False,0,indefinito,6,0,non disponibile,non disponibile,non disponibile,
r ドライバ ダウンロード linux,ja,1,bing_ja-JP,4,ドライバー 紹介|外国語 ドライバー|多言語 ドライバー|英語 ドライバー,generico,False,False,0,indefinito,6,0,non disponibile,non disponibile,non disponibile,
r ドライバ ダウンロード 無料,ja,1,bing_ja-JP,4,ドライバー 紹介|外国語 ドライバー|多言語 ドライバー|英語 ドライバー,generico,False,False,0,indefinito,6,0,non disponibile,non disponibile,non disponibile,
type-c ドライバー,ja,1,bing_ja-JP,4,ハイヤー ドライバー|ハイヤー ドライバー 紹介|外国語 ドライバー|登録ドライバー ハイヤー,generico,False,False,0,indefinito,6,0,non disponibile,non disponibile,non disponibile,
z-tx ドライバー,ja,1,bing_ja-JP,4,ドライバー 紹介|ハイヤー ドライバー|ハイヤー ドライバー 紹介|登録ドライバー ハイヤー,generico,False,False,0,indefinito,6,0,non disponibile,non disponibile,non disponibile,
zy-max ドライバー,ja,1,bing_ja-JP,4,ドライバー 紹介|ハイヤー ドライバー|ハイヤー ドライバー 紹介|登録ドライバー ハイヤー,generico,False,False,0,indefinito,6,0,non disponibile,non disponibile,non disponibile,
トライ&エラー 英語,ja,1,bing_ja-JP,4,ドライバー 紹介|外国語 ドライバー|英語 ドライバー|英語対応 ハイヤー ドライバー,generico,False,False,0,indefinito,6,0,non disponibile,non disponibile,non disponibile,
ドライバ― 求人 神奈川,ja,1,bing_ja-JP,4,ハイヤー ドライバー|ハイヤー ドライバー 紹介|登録ドライバー ハイヤー|英語 ドライバー,assunzione,False,False,0,autista,6,0,non disponibile,non disponibile,non disponibile,
ドライバ―募集,ja,1,bing_ja-JP,4,ハイヤー ドライバー 紹介|外国語 ドライバー|登録ドライバー ハイヤー|英語 ドライバー,assunzione,False,False,0,autista,6,0,non disponibile,non disponibile,non disponibile,
ドライバー #2,ja,1,bing_ja-JP,4,ドライバー 紹介|ハイヤー ドライバー|ハイヤー ドライバー 紹介|登録ドライバー ハイヤー,generico,False,False,0,indefinito,6,0,non disponibile,non disponibile,non disponibile,
東京都 ドライバー 求人 正社員,ja,1,bing_ja-JP,4,ドライバー 紹介|ハイヤー ドライバー|登録ドライバー ハイヤー|英語 ドライバー,assunzione,False,False,0,autista,6,0,non disponibile,non disponibile,non disponibile,
横浜市 ドライバー 求人 正社員,ja,1,bing_ja-JP,4,ドライバー 紹介|ハイヤー ドライバー|登録ドライバー ハイヤー|英語 ドライバー,assunzione,False,False,0,autista,6,0,non disponibile,non disponibile,non disponibile,
c&cドライバーとは,ja,1,bing_ja-JP,3,ハイヤー ドライバー|外国語 ドライバー|英語 ドライバー,informativo,False,False,0,indefinito,5,0,non disponibile,non disponibile,non disponibile,
c:ドライブとは,ja,1,bing_ja-JP,3,外国語 ドライバー|多言語 ドライバー|英語 ドライバー,informativo,False,False,0,indefinito,5,0,non disponibile,non disponibile,non disponibile,
d/d ワイヤー,ja,1,bing_ja-JP,3,ハイヤー ドライバー|ハイヤー ドライバー 紹介|ハイヤー 英語,generico,False,False,0,indefinito,5,0,non disponibile,non disponibile,non disponibile,
i ドライバ ダウンロード windows,ja,1,bing_ja-JP,3,ドライバー 紹介|外国語 ドライバー|英語 ドライバー,generico,False,False,0,indefinito,5,0,non disponibile,non disponibile,non disponibile,
i-ne ドライヤー,ja,1,bing_ja-JP,3,ハイヤー ドライバー|ハイヤー ドライバー 紹介|英語対応 ハイヤー ドライバー,generico,False,False,0,indefinito,5,0,non disponibile,non disponibile,non disponibile,
i/oドライバー,ja,1,bing_ja-JP,3,ドライバー 紹介|外国語 ドライバー|英語 ドライバー,generico,False,False,0,indefinito,5,0,non disponibile,non disponibile,non disponibile,
j-air 客室乗務員,ja,1,bing_ja-JP,3,ハイヤー 乗務員|乗務員 兼業|外国語対応 乗務員,generico,False,False,0,indefinito,5,0,non disponibile,non disponibile,non disponibile,
j・ドライヤー ドジャース,ja,1,bing_ja-JP,3,ドライバー 紹介|ハイヤー ドライバー|ハイヤー ドライバー 紹介,generico,False,False,0,indefinito,5,0,non disponibile,non disponibile,non disponibile,
m audio m track duo ドライバー,ja,1,bing_ja-JP,3,インバウンド ドライバー|インバウンド対応 ドライバー|ドライバー 紹介,generico,False,False,0,indefinito,5,0,non disponibile,non disponibile,non disponibile,
pz-1 ドライバー,ja,1,bing_ja-JP,3,ドライバー 紹介|ハイヤー ドライバー|ハイヤー ドライバー 紹介,generico,False,False,0,indefinito,5,0,non disponibile,non disponibile,non disponibile,
qi10 max ドライバー ライ角,ja,1,bing_ja-JP,3,ドライバー 紹介|ハイヤー ドライバー|ハイヤー ドライバー 紹介,generico,False,False,0,indefinito,5,0,non disponibile,non disponibile,non disponibile,
y字ドライバー 1.5,ja,1,bing_ja-JP,3,ドライバー 紹介|ハイヤー ドライバー|英語 ドライバー,generico,False,False,0,indefinito,5,0,non disponibile,non disponibile,non disponibile,
トライ・ハード 求人,ja,1,bing_ja-JP,3,ドライバー 紹介|ハイヤー ドライバー|英語 ドライバー,assunzione,False,False,0,autista,5,0,non disponibile,non disponibile,non disponibile,
ドライバー #1 #2,ja,1,bing_ja-JP,3,ドライバー 紹介|ハイヤー ドライバー|ハイヤー ドライバー 紹介,generico,False,False,0,indefinito,5,0,non disponibile,non disponibile,non disponibile,
ドライバー no.1,ja,1,bing_ja-JP,3,外国語 ドライバー|登録ドライバー ハイヤー|英語 ドライバー,generico,False,False,0,indefinito,5,0,non disponibile,non disponibile,non disponibile,
ドライバー 紹介,ja,2,bing_ja-JP|google_ja_jp,1,ドライバー 紹介,acquisto_servizio,False,False,0,operatore,5,0,2.2,24,1.8,ウーバー ドライバー 紹介(100)
ドライバー 紹介会社,ja,2,bing_ja-JP|google_ja_jp,1,ドライバー 紹介,acquisto_servizio,False,False,0,operatore,5,0,non disponibile,non disponibile,non disponibile,
ドライバー 紹介会社 ランキング,ja,2,bing_ja-JP|google_ja_jp,1,ドライバー 紹介,acquisto_servizio,False,False,0,operatore,5,0,non disponibile,non disponibile,non disponibile,
ドライバー、スライス,ja,1,bing_ja-JP,3,ドライバー 紹介|外国語 ドライバー|英語 ドライバー,generico,False,False,0,indefinito,5,0,non disponibile,non disponibile,non disponibile,
ハーバート・バイヤー,ja,1,bing_ja-JP,3,ハイヤー ドライバー 紹介|ハイヤー 求人|ハイヤー 英語,generico,False,False,0,indefinito,5,0,non disponibile,non disponibile,non disponibile,
ライバー さちsmile🌹🍀🌈,ja,1,bing_ja-JP,3,ハイヤー ドライバー|ハイヤー ドライバー 紹介|登録ドライバー ハイヤー,generico,False,False,0,indefinito,5,0,non disponibile,non disponibile,non disponibile,
レシーバー&ドライヤー,ja,1,bing_ja-JP,3,ハイヤー ドライバー|ハイヤー ドライバー 紹介|登録ドライバー ハイヤー,generico,False,False,0,indefinito,5,0,non disponibile,non disponibile,non disponibile,
中国語⇒日本語 翻訳,ja,1,bing_ja-JP,3,外国語 ドライバー|外国語 ドライバー 不足|英語 ドライバー,generico,False,False,0,indefinito,5,0,non disponibile,non disponibile,non disponibile,
二種免許 バス,ja,2,bing_ja-JP|google_ja_jp,1,二種免許,generico,False,False,0,indefinito,5,0,non disponibile,non disponibile,non disponibile,
二種免許 大型,ja,2,bing_ja-JP|google_ja_jp,1,二種免許,generico,False,False,0,indefinito,5,0,non disponibile,non disponibile,non disponibile,
二種免許 教員,ja,2,bing_ja-JP|google_ja_jp,1,二種免許,generico,False,False,0,indefinito,5,0,non disponibile,non disponibile,non disponibile,
免許 中型 1種 2種 免許証,ja,1,bing_ja-JP,3,二種免許|二種免許 外国人|二種免許 英語,generico,False,False,0,indefinito,5,0,non disponibile,non disponibile,non disponibile,
免許 普通 1種 2種 免許証,ja,1,bing_ja-JP,3,二種免許|二種免許 外国人|二種免許 英語,generico,False,False,0,indefinito,5,0,non disponibile,non disponibile,non disponibile,
大型自動車第一種・ 第二種免許,ja,1,bing_ja-JP,3,二種免許|二種免許 外国人|二種免許 英語,generico,False,False,0,indefinito,5,0,non disponibile,non disponibile,non disponibile,
日本語⇒中国語 翻訳,ja,1,bing_ja-JP,3,外国語 ドライバー|外国語 ドライバー 不足|英語 ドライバー,generico,False,False,0,indefinito,5,0,non disponibile,non disponibile,non disponibile,
普通自動車免許 1 種 2 種免許証,ja,1,bing_ja-JP,3,二種免許|二種免許 外国人|二種免許 英語,generico,False,False,0,indefinito,5,0,non disponibile,non disponibile,non disponibile,
求人 ネットスーパー 配達 ドライバー,ja,1,bing_ja-JP,3,ドライバー 紹介|ハイヤー ドライバー|登録ドライバー ハイヤー,assunzione,False,False,0,autista,5,0,non disponibile,non disponibile,non disponibile,
英語 ドライバー,ja,2,bing_ja-JP|google_ja_jp,1,英語 ドライバー,generico,False,False,0,indefinito,5,0,non disponibile,non disponibile,non disponibile,
英語 ドライバー 求人,ja,2,bing_ja-JP|google_ja_jp,1,英語 ドライバー,assunzione,False,False,0,autista,5,0,non disponibile,non disponibile,non disponibile,
b&d インパクトドライバー,ja,1,bing_ja-JP,2,インバウンド ドライバー|インバウンド対応 ドライバー,generico,False,False,0,indefinito,4,0,non disponibile,non disponibile,non disponibile,
c ドライブ cドライブ とは,ja,1,bing_ja-JP,2,ドライバー 紹介|外国語 ドライバー,informativo,False,False,0,indefinito,4,0,non disponibile,non disponibile,non disponibile,
c&cドライバ,ja,1,bing_ja-JP,2,ドライバー 紹介|外国語 ドライバー,generico,False,False,0,indefinito,4,0,non disponibile,non disponibile,non disponibile,
c-first ドライバー,ja,1,bing_ja-JP,2,ドライバー 紹介|外国語 ドライバー,generico,False,False,0,indefinito,4,0,non disponibile,non disponibile,non disponibile,
c:ドライブ どこ,ja,1,bing_ja-JP,2,外国語 ドライバー|多言語 ドライバー,generico,False,False,0,indefinito,4,0,non disponibile,non disponibile,non disponibile,
dd-2 ドライバー,ja,1,bing_ja-JP,2,ドライバー 紹介|ハイヤー ドライバー,generico,False,False,0,indefinito,4,0,non disponibile,non disponibile,non disponibile,
difu-u4 ドライバー,ja,1,bing_ja-JP,2,インバウンド ドライバー|インバウンド対応 ドライバー,generico,False,False,0,indefinito,4,0,non disponibile,non disponibile,non disponibile,
e+ インバウンド,ja,1,bing_ja-JP,2,インバウンド ドライバー|インバウンド対応 ドライバー,generico,False,False,0,indefinito,4,0,non disponibile,non disponibile,non disponibile,
e-better ドライバ,ja,1,bing_ja-JP,2,ハイヤー ドライバー|英語 ドライバー,generico,False,False,0,indefinito,4,0,non disponibile,non disponibile,non disponibile,
f ドライブを e ドライブに,ja,1,bing_ja-JP,2,ドライバー 紹介|英語 ドライバー,generico,False,False,0,indefinito,4,0,non disponibile,non disponibile,non disponibile,
f-ドラ ドライバーポータル,ja,1,bing_ja-JP,2,ドライバー 紹介|多言語 ドライバー,generico,False,False,0,indefinito,4,0,non disponibile,non disponibile,non disponibile,
g-drive とは,ja,1,bing_ja-JP,2,ドライバー 紹介|外国語 ドライバー,informativo,False,False,0,indefinito,4,0,non disponibile,non disponibile,non disponibile,
g-men ドライバー,ja,1,bing_ja-JP,2,ドライバー 紹介|英語 ドライバー,generico,False,False,0,indefinito,4,0,non disponibile,non disponibile,non disponibile,
g: 共有ドライブ,ja,1,bing_ja-JP,2,多言語 ドライバー|英語 ドライバー,generico,False,False,0,indefinito,4,0,non disponibile,non disponibile,non disponibile,
i/oドライバ,ja,1,bing_ja-JP,2,ドライバー 紹介|外国語 ドライバー,generico,False,False,0,indefinito,4,0,non disponibile,non disponibile,non disponibile,
i/oドライバーとは,ja,1,bing_ja-JP,2,外国語 ドライバー|英語 ドライバー,informativo,False,False,0,indefinito,4,0,non disponibile,non disponibile,non disponibile,
i/oバウンド,ja,1,bing_ja-JP,2,インバウンド ドライバー|インバウンド対応 ドライバー,generico,False,False,0,indefinito,4,0,non disponibile,non disponibile,non disponibile,
i/oバウンドとは,ja,1,bing_ja-JP,2,インバウンド ドライバー|インバウンド対応 ドライバー,informativo,False,False,0,indefinito,4,0,non disponibile,non disponibile,non disponibile,
intel r ワイヤレス bluetooth r ドライバー,ja,1,bing_ja-JP,2,ハイヤー ドライバー|ハイヤー ドライバー 紹介,generico,False,False,0,indefinito,4,0,non disponibile,non disponibile,non disponibile,
internal high definition audio bus ドライバ,ja,1,bing_ja-JP,2,インバウンド ドライバー|インバウンド対応 ドライバー,generico,False,False,0,indefinito,4,0,non disponibile,non disponibile,non disponibile,
j-cat インバウンド,ja,1,bing_ja-JP,2,インバウンド ドライバー|インバウンド対応 ドライバー,generico,False,False,0,indefinito,4,0,non disponibile,non disponibile,non disponibile,
kakaku.com ドライヤー,ja,1,bing_ja-JP,2,ハイヤー ドライバー|ハイヤー ドライバー 紹介,generico,False,False,0,indefinito,4,0,non disponibile,non disponibile,non disponibile,
l-1000 ドライバ,ja,1,bing_ja-JP,2,ドライバー 紹介|外国語 ドライバー,generico,False,False,0,indefinito,4,0,non disponibile,non disponibile,non disponibile,
l-1000 ドライバー,ja,1,bing_ja-JP,2,ドライバー 紹介|外国語 ドライバー,generico,False,False,0,indefinito,4,0,non disponibile,non disponibile,non disponibile,
l-100型ドライヤー,ja,1,bing_ja-JP,2,ハイヤー ドライバー|ハイヤー ドライバー 紹介,generico,False,False,0,indefinito,4,0,non disponibile,non disponibile,non disponibile,
m audio ドライバー ダウンロード,ja,1,bing_ja-JP,2,ドライバー 紹介|外国語 ドライバー,generico,False,False,0,indefinito,4,0,non disponibile,non disponibile,non disponibile,
m ドライバーズ・パッケージ,ja,1,bing_ja-JP,2,ドライバー 紹介|ハイヤー ドライバー 紹介,generico,False,False,0,indefinito,4,0,non disponibile,non disponibile,non disponibile,
m&m プライヤー,ja,1,bing_ja-JP,2,ハイヤー ドライバー 紹介|登録ドライバー ハイヤー,generico,False,False,0,indefinito,4,0,non disponibile,non disponibile,non disponibile,
m-audio ドライバ,ja,1,bing_ja-JP,2,ドライバー 紹介|外国語 ドライバー,generico,False,False,0,indefinito,4,0,non disponibile,non disponibile,non disponibile,
m3用+ドライバー,ja,1,bing_ja-JP,2,インバウンド ドライバー|インバウンド対応 ドライバー,generico,False,False,0,indefinito,4,0,non disponibile,non disponibile,non disponibile,
p-upドライヤー,ja,1,bing_ja-JP,2,ハイヤー ドライバー|ハイヤー ドライバー 紹介,generico,False,False,0,indefinito,4,0,non disponibile,non disponibile,non disponibile,
q-driveとは,ja,1,bing_ja-JP,2,ドライバー 紹介|英語 ドライバー,informativo,False,False,0,indefinito,4,0,non disponibile,non disponibile,non disponibile,
qhy5-ii ドライバー,ja,1,bing_ja-JP,2,ハイヤー ドライバー|ハイヤー ドライバー 紹介,generico,False,False,0,indefinito,4,0,non disponibile,non disponibile,non disponibile,
r ドライバ ダウンロード おすすめ,ja,1,bing_ja-JP,2,ドライバー 紹介|外国語 ドライバー,generico,False,False,0,indefinito,4,0,non disponibile,non disponibile,non disponibile,
u&iサウンド,ja,1,bing_ja-JP,2,インバウンド ドライバー|インバウンド対応 ドライバー,generico,False,False,0,indefinito,4,0,non disponibile,non disponibile,non disponibile,
u-next インバウンド,ja,1,bing_ja-JP,2,インバウンド ドライバー|インバウンド対応 ドライバー,generico,False,False,0,indefinito,4,0,non disponibile,non disponibile,non disponibile,
usb type c ドライバー,ja,1,bing_ja-JP,2,ハイヤー ドライバー|外国語 ドライバー,generico,False,False,0,indefinito,4,0,non disponibile,non disponibile,non disponibile,
usb-b ドライバ,ja,1,bing_ja-JP,2,ドライバー 紹介|英語 ドライバー,generico,False,False,0,indefinito,4,0,non disponibile,non disponibile,non disponibile,
x-1 サウンドバー,ja,1,bing_ja-JP,2,インバウンド ドライバー|インバウンド対応 ドライバー,generico,False,False,0,indefinito,4,0,non disponibile,non disponibile,non disponibile,
z e-1 免許,ja,1,bing_ja-JP,2,二種免許 外国人|二種免許 英語,generico,False,False,0,indefinito,4,0,non disponibile,non disponibile,non disponibile,
アウトバウンド インバウンド 違い it,ja,1,bing_ja-JP,2,インバウンド ドライバー|インバウンド対応 ドライバー,informativo,False,False,0,indefinito,4,0,non disponibile,non disponibile,non disponibile,
アウトバウンド、インバウンド,ja,1,bing_ja-JP,2,インバウンド ドライバー|インバウンド対応 ドライバー,generico,False,False,0,indefinito,4,0,non disponibile,non disponibile,non disponibile,
アウトバウンド、インバウンド 営業,ja,1,bing_ja-JP,2,インバウンド ドライバー|インバウンド対応 ドライバー,generico,False,False,0,indefinito,4,0,non disponibile,non disponibile,non disponibile,
アウトバウンド・インバウンド,ja,1,bing_ja-JP,2,インバウンド ドライバー|インバウンド対応 ドライバー,generico,False,False,0,indefinito,4,0,non disponibile,non disponibile,non disponibile,
インテル r スマート・サウンド・テクノロジー ドライバー,ja,1,bing_ja-JP,2,インバウンド ドライバー|インバウンド対応 ドライバー,generico,False,False,0,indefinito,4,0,non disponibile,non disponibile,non disponibile,
インテル r ワイヤレス bluetooth r ドライバー,ja,1,bing_ja-JP,2,ドライバー 紹介|ハイヤー ドライバー 紹介,generico,False,False,0,indefinito,4,0,non disponibile,non disponibile,non disponibile,
インバウンド m&a,ja,1,bing_ja-JP,2,インバウンド ドライバー|インバウンド対応 ドライバー,generico,False,False,0,indefinito,4,0,non disponibile,non disponibile,non disponibile,
インバウンド wi-fi,ja,1,bing_ja-JP,2,インバウンド ドライバー|インバウンド対応 ドライバー,generico,False,False,0,indefinito,4,0,non disponibile,non disponibile,non disponibile,
インバウンド アウトバウンド 違い it,ja,1,bing_ja-JP,2,インバウンド ドライバー|インバウンド対応 ドライバー,informativo,False,False,0,indefinito,4,0,non disponibile,non disponibile,non disponibile,
インバウンド アウトバウンド 違い 通信,ja,1,bing_ja-JP,2,インバウンド ドライバー|インバウンド対応 ドライバー,informativo,False,False,0,indefinito,4,0,non disponibile,non disponibile,non disponibile,
インバウンド 求人 東京 英語,ja,1,bing_ja-JP,2,インバウンド ドライバー|インバウンド対応 ドライバー,assunzione,False,False,0,autista,4,0,non disponibile,non disponibile,non disponibile,
インバウンド 英語 求人 東京,ja,1,bing_ja-JP,2,インバウンド ドライバー|インバウンド対応 ドライバー,assunzione,False,False,0,autista,4,0,non disponibile,non disponibile,non disponibile,
インバウンド/アウトバウンド,ja,1,bing_ja-JP,2,インバウンド ドライバー|インバウンド対応 ドライバー,generico,False,False,0,indefinito,4,0,non disponibile,non disponibile,non disponibile,
インバウンド2.0とは,ja,1,bing_ja-JP,2,インバウンド ドライバー|インバウンド対応 ドライバー,informativo,False,False,0,indefinito,4,0,non disponibile,non disponibile,non disponibile,
インバウンド、アウトバウンド,ja,1,bing_ja-JP,2,インバウンド ドライバー|インバウンド対応 ドライバー,generico,False,False,0,indefinito,4,0,non disponibile,non disponibile,non disponibile,
インバウンド、アウトバウンド 通信,ja,1,bing_ja-JP,2,インバウンド ドライバー|インバウンド対応 ドライバー,generico,False,False,0,indefinito,4,0,non disponibile,non disponibile,non disponibile,
インバウンド、アウトバウンドとは,ja,1,bing_ja-JP,2,インバウンド ドライバー|インバウンド対応 ドライバー,informativo,False,False,0,indefinito,4,0,non disponibile,non disponibile,non disponibile,
インバウンド、アウトバウンドとは it,ja,1,bing_ja-JP,2,インバウンド ドライバー|インバウンド対応 ドライバー,informativo,False,False,0,indefinito,4,0,non disponibile,non disponibile,non disponibile,
インバウンド、アウトバウンドとは 通信,ja,1,bing_ja-JP,2,インバウンド ドライバー|インバウンド対応 ドライバー,informativo,False,False,0,indefinito,4,0,non disponibile,non disponibile,non disponibile,
インバウンド・アウトバウンド,ja,1,bing_ja-JP,2,インバウンド ドライバー|インバウンド対応 ドライバー,generico,False,False,0,indefinito,4,0,non disponibile,non disponibile,non disponibile,
インバウンド・バズ,ja,1,bing_ja-JP,2,インバウンド ドライバー|インバウンド対応 ドライバー,generico,False,False,0,indefinito,4,0,non disponibile,non disponibile,non disponibile,
インバーター ld/nd,ja,1,bing_ja-JP,2,インバウンド ドライバー|インバウンド対応 ドライバー,generico,False,False,0,indefinito,4,0,non disponibile,non disponibile,non disponibile,
インパクトドライバー +ドライバー,ja,1,bing_ja-JP,2,インバウンド ドライバー|インバウンド対応 ドライバー,generico,False,False,0,indefinito,4,0,non disponibile,non disponibile,non disponibile,
インパクトドライバー 200n・m以上,ja,1,bing_ja-JP,2,インバウンド ドライバー|インバウンド対応 ドライバー,generico,False,False,0,indefinito,4,0,non disponibile,non disponibile,non disponibile,
エア-ドライヤー,ja,1,bing_ja-JP,2,ハイヤー ドライバー|ハイヤー ドライバー 紹介,generico,False,False,0,indefinito,4,0,non disponibile,non disponibile,non disponibile,
カー&ドライバー,ja,1,bing_ja-JP,2,ドライバー 紹介|英語 ドライバー,generico,False,False,0,indefinito,4,0,non disponibile,non disponibile,non disponibile,
キャロウェイ パラダイム ドライバー トリプルダイヤ,ja,1,bing_ja-JP,2,ハイヤー ドライバー|ハイヤー ドライバー 紹介,generico,False,False,0,indefinito,4,0,non disponibile,non disponibile,non disponibile,
ザ・ドライバー,ja,1,bing_ja-JP,2,ドライバー 紹介|外国語 ドライバー,generico,False,False,0,indefinito,4,0,non disponibile,non disponibile,non disponibile,
スーパードライb'z,ja,1,bing_ja-JP,2,ドライバー 紹介|英語 ドライバー,generico,False,False,0,indefinito,4,0,non disponibile,non disponibile,non disponibile,
トライ&エラーを日本語で,ja,1,bing_ja-JP,2,外国語 ドライバー|外国語 ドライバー 不足,generico,False,False,0,indefinito,4,0,non disponibile,non disponibile,non disponibile,
トライ+ 料金,ja,1,bing_ja-JP,2,ドライバー 紹介|英語 ドライバー,acquisto_servizio,False,False,0,turista,4,0,non disponibile,non disponibile,non disponibile,
トルクドライバー n・m,ja,1,bing_ja-JP,2,ドライバー 紹介|外国語 ドライバー,generico,False,False,0,indefinito,4,0,non disponibile,non disponibile,non disponibile,
ドライバ ドライバー どっち it,ja,1,bing_ja-JP,2,ドライバー 紹介|英語 ドライバー,generico,False,False,0,indefinito,4,0,non disponibile,non disponibile,non disponibile,
ドライバ― 転職,ja,1,bing_ja-JP,2,登録ドライバー ハイヤー|英語 ドライバー,assunzione,False,False,0,autista,4,0,non disponibile,non disponibile,non disponibile,
ドライバー #2とは,ja,1,bing_ja-JP,2,ハイヤー ドライバー|多言語 ドライバー,informativo,False,False,0,indefinito,4,0,non disponibile,non disponibile,non disponibile,
ドライバー +1,ja,1,bing_ja-JP,2,多言語 ドライバー|英語 ドライバー,generico,False,False,0,indefinito,4,0,non disponibile,non disponibile,non disponibile,
ドライバー +2とは,ja,1,bing_ja-JP,2,多言語 ドライバー|英語 ドライバー,informativo,False,False,0,indefinito,4,0,non disponibile,non disponibile,non disponibile,
ドライバー no.2,ja,1,bing_ja-JP,2,ドライバー 紹介|登録ドライバー ハイヤー,generico,False,False,0,indefinito,4,0,non disponibile,non disponibile,non disponibile,
ドライバービット a タイプ b タイプ,ja,1,bing_ja-JP,2,ドライバー 紹介|ハイヤー ドライバー,generico,False,False,0,indefinito,4,0,non disponibile,non disponibile,non disponibile,
ドライブ・バイ・ワイヤ,ja,1,bing_ja-JP,2,ハイヤー ドライバー|ハイヤー ドライバー 紹介,generico,False,False,0,indefinito,4,0,non disponibile,non disponibile,non disponibile,
ドライヤー eh-ne2k,ja,1,bing_ja-JP,2,ハイヤー ドライバー|ハイヤー ドライバー 紹介,generico,False,False,0,indefinito,4,0,non disponibile,non disponibile,non disponibile,
ドライヤー p-up,ja,1,bing_ja-JP,2,ハイヤー ドライバー|ハイヤー ドライバー 紹介,generico,False,False,0,indefinito,4,0,non disponibile,non disponibile,non disponibile,
ドライヤー 激安 送料無料 1000円以下,ja,1,bing_ja-JP,2,ハイヤー ドライバー|ハイヤー ドライバー 紹介,generico,False,False,0,indefinito,4,0,non disponibile,non disponibile,non disponibile,
ドライヤー.com,ja,1,bing_ja-JP,2,ハイヤー ドライバー|ハイヤー ドライバー 紹介,generico,False,False,0,indefinito,4,0,non disponibile,non disponibile,non disponibile,
ハイパー-ダイヤ,ja,1,bing_ja-JP,2,ハイヤー ドライバー|ハイヤー ドライバー 紹介,generico,False,False,0,indefinito,4,0,non disponibile,non disponibile,non disponibile,
ハイ・フライヤー,ja,1,bing_ja-JP,2,ハイヤー ドライバー|ハイヤー ドライバー 紹介,generico,False,False,0,indefinito,4,0,non disponibile,non disponibile,non disponibile,
バス・タクシー,ja,1,bing_ja-JP,2,タクシー 英語 求人|英語 タクシー,generico,False,False,0,indefinito,4,0,non disponibile,non disponibile,non disponibile,
フライ・バイ・ワイヤー,ja,1,bing_ja-JP,2,ハイヤー ドライバー|ハイヤー ドライバー 紹介,generico,False,False,0,indefinito,4,0,non disponibile,non disponibile,non disponibile,
レイザー コア x ドライバー,ja,1,bing_ja-JP,2,ハイヤー ドライバー|ハイヤー ドライバー 紹介,generico,False,False,0,indefinito,4,0,non disponibile,non disponibile,non disponibile,
ロマロ ray type r ドライバー 評価,ja,1,bing_ja-JP,2,ハイヤー ドライバー|ハイヤー ドライバー 紹介,generico,False,False,0,indefinito,4,0,non disponibile,non disponibile,non disponibile,
一種免許 二種免許 違い 教員,ja,1,bing_ja-JP,2,二種免許|二種免許 英語,informativo,False,False,0,indefinito,4,0,non disponibile,non disponibile,non disponibile,
中国語 日本語 翻訳 おすすめ,ja,1,bing_ja-JP,2,外国語 ドライバー|外国語 ドライバー 不足,generico,False,False,0,indefinito,4,0,non disponibile,non disponibile,non disponibile,
中国語 日本語 翻訳サイト おすすめ,ja,1,bing_ja-JP,2,外国語 ドライバー|外国語 ドライバー 不足,generico,False,False,0,indefinito,4,0,non disponibile,non disponibile,non disponibile,
中国語 翻訳 手書き パソコン,ja,1,bing_ja-JP,2,外国語 ドライバー|英語 ドライバー,generico,False,False,0,indefinito,4,0,non disponibile,non disponibile,non disponibile,
中国語検定2級 受 から ない,ja,1,bing_ja-JP,2,二種免許|二種免許 外国人,generico,False,False,0,indefinito,4,0,non disponibile,non disponibile,non disponibile,
中型自動車免許 一種 二種 違い,ja,1,bing_ja-JP,2,二種免許 外国人|二種免許 英語,informativo,False,False,0,indefinito,4,0,non disponibile,non disponibile,non disponibile,
仙台市 バー ドライバー 求人,ja,1,bing_ja-JP,2,ハイヤー ドライバー|ハイヤー ドライバー 紹介,assunzione,False,False,0,autista,4,0,non disponibile,non disponibile,non disponibile,
価格.com ドライヤー,ja,1,bing_ja-JP,2,ハイヤー ドライバー|ハイヤー ドライバー 紹介,acquisto_servizio,False,False,0,indefinito,4,0,non disponibile,non disponibile,non disponibile,
価格.com ドライヤー パナソニック,ja,1,bing_ja-JP,2,ハイヤー ドライバー|ハイヤー ドライバー 紹介,acquisto_servizio,False,False,0,indefinito,4,0,non disponibile,non disponibile,non disponibile,
外国免許 10問 テスト 中国語,ja,1,bing_ja-JP,2,二種免許|二種免許 外国人,generico,False,False,0,indefinito,4,0,non disponibile,non disponibile,non disponibile,
外国免許 切り替え 練習 東京,ja,1,bing_ja-JP,2,二種免許 外国人|二種免許 英語,generico,False,False,0,indefinito,4,0,non disponibile,non disponibile,non disponibile,
大型二種免許 どのくらい で 取れる,ja,1,bing_ja-JP,2,二種免許|二種免許 外国人,generico,False,False,0,indefinito,4,0,non disponibile,non disponibile,non disponibile,
大型二種免許 一発で 取る コツ,ja,1,bing_ja-JP,2,二種免許|二種免許 外国人,generico,False,False,0,indefinito,4,0,non disponibile,non disponibile,non disponibile,
大型免許 第一種 第二種 違い,ja,1,bing_ja-JP,2,二種免許 外国人|二種免許 英語,informativo,False,False,0,indefinito,4,0,non disponibile,non disponibile,non disponibile,
大型特殊第一種・第二種免許 違い,ja,1,bing_ja-JP,2,二種免許 外国人|二種免許 英語,informativo,False,False,0,indefinito,4,0,non disponibile,non disponibile,non disponibile,
客室乗務員 採用 2023 既卒,ja,1,bing_ja-JP,2,ハイヤー 乗務員|乗務員 兼業,assunzione,False,False,0,operatore,4,0,non disponibile,non disponibile,non disponibile,
客室乗務員、祐華,ja,1,bing_ja-JP,2,ハイヤー 乗務員|外国語対応 乗務員,generico,False,False,0,indefinito,4,0,non disponibile,non disponibile,non disponibile,
日本語 - 中国語翻訳,ja,1,bing_ja-JP,2,外国語 ドライバー 不足|英語 ドライバー,generico,False,False,0,indefinito,4,0,non disponibile,non disponibile,non disponibile,
普通 1 種と 2 種の違い免許証,ja,1,bing_ja-JP,2,二種免許 外国人|二種免許 英語,informativo,False,False,0,indefinito,4,0,non disponibile,non disponibile,non disponibile,
普通免許 1 種と 2 種の違い,ja,1,bing_ja-JP,2,二種免許 外国人|二種免許 英語,informativo,False,False,0,indefinito,4,0,non disponibile,non disponibile,non disponibile,
普通自動車免許 1種 2種 違い,ja,1,bing_ja-JP,2,二種免許 外国人|二種免許 英語,informativo,False,False,0,indefinito,4,0,non disponibile,non disponibile,non disponibile,
株式会社インバウンド・バズ,ja,1,bing_ja-JP,2,インバウンド ドライバー|インバウンド対応 ドライバー,generico,False,False,0,operatore,4,0,non disponibile,non disponibile,non disponibile,
私は運転しませんが、母は毎日運転します 英語,ja,1,bing_ja-JP,2,英語 運転手|英語が話せる 運転手,generico,False,False,0,indefinito,4,0,non disponibile,non disponibile,non disponibile,
翻訳 日本語 中国語多言語 対応会社,ja,1,bing_ja-JP,2,多言語 ドライバー|多言語 ドライバー 東京,generico,False,False,0,operatore,4,0,non disponibile,non disponibile,non disponibile,
自動車免許 1 種 2 種違い,ja,1,bing_ja-JP,2,二種免許 外国人|二種免許 英語,informativo,False,False,0,indefinito,4,0,non disponibile,non disponibile,non disponibile,
自転車 に乗る 中国語 コピペ,ja,1,bing_ja-JP,2,英語 運転手|英語が話せる 運転手,generico,False,False,0,indefinito,4,0,non disponibile,non disponibile,non disponibile,
英語 運動、動き,ja,1,bing_ja-JP,2,英語 運転手|英語が話せる 運転手,generico,False,False,0,indefinito,4,0,non disponibile,non disponibile,non disponibile,
英語で運動、動き,ja,1,bing_ja-JP,2,英語 運転手|英語が話せる 運転手,generico,False,False,0,indefinito,4,0,non disponibile,non disponibile,non disponibile,
英語転職.com,ja,1,bing_ja-JP,2,英語 運転手|英語が話せる 運転手,assunzione,False,False,0,autista,4,0,non disponibile,non disponibile,non disponibile,
運動、動き、英語,ja,1,bing_ja-JP,2,英語 運転手|英語が話せる 運転手,generico,False,False,0,indefinito,4,0,non disponibile,non disponibile,non disponibile,
運動、動き英語,ja,1,bing_ja-JP,2,英語 運転手|英語が話せる 運転手,generico,False,False,0,indefinito,4,0,non disponibile,non disponibile,non disponibile,
運動、動き英語で,ja,1,bing_ja-JP,2,英語 運転手|英語が話せる 運転手,generico,False,False,0,indefinito,4,0,non disponibile,non disponibile,non disponibile,
1種免許 2種免許 違い 教員,ja,1,bing_ja-JP,1,二種免許 英語,informativo,False,False,0,indefinito,3,0,non disponibile,non disponibile,non disponibile,
2018 アメリカ gp ドライバー紹介,ja,1,bing_ja-JP,1,ドライバー 紹介,acquisto_servizio,False,False,0,operatore,3,0,non disponibile,non disponibile,non disponibile,
2jcie-bu ドライバ,ja,1,bing_ja-JP,1,ドライバー 紹介,generico,False,False,0,indefinito,3,0,non disponibile,non disponibile,non disponibile,
a ドライブ b ドライブ c ドライブ,ja,1,bing_ja-JP,1,ドライバー 紹介,generico,False,False,0,indefinito,3,0,non disponibile,non disponibile,non disponibile,
a&d ドライバ,ja,1,bing_ja-JP,1,ドライバー 紹介,generico,False,False,0,indefinito,3,0,non disponibile,non disponibile,non disponibile,
a&d ドライバー,ja,1,bing_ja-JP,1,ドライバー 紹介,generico,False,False,0,indefinito,3,0,non disponibile,non disponibile,non disponibile,
ab&company ドライヤー,ja,1,bing_ja-JP,1,ハイヤー ドライバー 紹介,generico,False,False,0,indefinito,3,0,non disponibile,non disponibile,non disponibile,
b-limited 415 ドライバー,ja,1,bing_ja-JP,1,ドライバー 紹介,generico,False,False,0,indefinito,3,0,non disponibile,non disponibile,non disponibile,
b-lv4-t ドライバ,ja,1,bing_ja-JP,1,ドライバー 紹介,generico,False,False,0,indefinito,3,0,non disponibile,non disponibile,non disponibile,
b-ray プレイヤー,ja,1,bing_ja-JP,1,ハイヤー ドライバー 紹介,generico,False,False,0,indefinito,3,0,non disponibile,non disponibile,non disponibile,
b.vip优惠券,ja,1,bing_ja-JP,1,VIP 送迎,generico,False,False,0,indefinito,3,0,non disponibile,non disponibile,non disponibile,
b.vip会员,ja,1,bing_ja-JP,1,VIP 送迎,generico,False,False,0,indefinito,3,0,non disponibile,non disponibile,non disponibile,
b.vip商城,ja,1,bing_ja-JP,1,VIP 送迎,generico,False,False,0,indefinito,3,0,non disponibile,non disponibile,non disponibile,
b.vip客服,ja,1,bing_ja-JP,1,VIP 送迎,generico,False,False,0,indefinito,3,0,non disponibile,non disponibile,non disponibile,
b.vip活动,ja,1,bing_ja-JP,1,VIP 送迎,generico,False,False,0,indefinito,3,0,non disponibile,non disponibile,non disponibile,
b.vip登录,ja,1,bing_ja-JP,1,VIP 送迎,generico,False,False,0,indefinito,3,0,non disponibile,non disponibile,non disponibile,
b821-t ドライバー,ja,1,bing_ja-JP,1,ドライバー 紹介,generico,False,False,0,indefinito,3,0,non disponibile,non disponibile,non disponibile,
box.vip,ja,1,bing_ja-JP,1,VIP 送迎,generico,False,False,0,indefinito,3,0,non disponibile,non disponibile,non disponibile,
c ドライブ d ドライブ f ドライブ,ja,1,bing_ja-JP,1,ドライバー 紹介,generico,False,False,0,indefinito,3,0,non disponibile,non disponibile,non disponibile,
cd-r ドライバ,ja,1,bing_ja-JP,1,ドライバー 紹介,generico,False,False,0,indefinito,3,0,non disponibile,non disponibile,non disponibile,
cd-r ドライバー,ja,1,bing_ja-JP,1,ドライバー 紹介,generico,False,False,0,indefinito,3,0,non disponibile,non disponibile,non disponibile,
com-1 usb h ドライバー,ja,1,bing_ja-JP,1,ドライバー 紹介,generico,False,False,0,indefinito,3,0,non disponibile,non disponibile,non disponibile,
com-k ドライバ,ja,1,bing_ja-JP,1,ドライバー 紹介,generico,False,False,0,indefinito,3,0,non disponibile,non disponibile,non disponibile,
com-k2-1 ドライバ,ja,1,bing_ja-JP,1,ドライバー 紹介,generico,False,False,0,indefinito,3,0,non disponibile,non disponibile,non disponibile,
cp+ vip入場証,ja,1,bing_ja-JP,1,VIP 送迎,generico,False,False,0,indefinito,3,0,non disponibile,non disponibile,non disponibile,
d ドライブ e ドライブ違い,ja,1,bing_ja-JP,1,英語 ドライバー,informativo,False,False,0,indefinito,3,0,non disponibile,non disponibile,non disponibile,
d-driveとは,ja,1,bing_ja-JP,1,英語 ドライバー,informativo,False,False,0,indefinito,3,0,non disponibile,non disponibile,non disponibile,
d-str レイヤー 意味,ja,1,bing_ja-JP,1,ハイヤー 英語,informativo,False,False,0,indefinito,3,0,non disponibile,non disponibile,non disponibile,
d/d ワイヤ,ja,1,bing_ja-JP,1,ハイヤー 英語,generico,False,False,0,indefinito,3,0,non disponibile,non disponibile,non disponibile,
dq-cabn ドライバー,ja,1,bing_ja-JP,1,ドライバー 紹介,generico,False,False,0,indefinito,3,0,non disponibile,non disponibile,non disponibile,
dr. ドライバー,ja,1,bing_ja-JP,1,ドライバー 紹介,generico,False,False,0,indefinito,3,0,non disponibile,non disponibile,non disponibile,
dr.driveとは,ja,1,bing_ja-JP,1,英語 ドライバー,informativo,False,False,0,indefinito,3,0,non disponibile,non disponibile,non disponibile,
dx-001 ドライバー,ja,1,bing_ja-JP,1,ドライバー 紹介,generico,False,False,0,indefinito,3,0,non disponibile,non disponibile,non disponibile,
e better ドライバ ダウンロード,ja,1,bing_ja-JP,1,ハイヤー ドライバー,generico,False,False,0,indefinito,3,0,non disponibile,non disponibile,non disponibile,
e-drive ドライブレコーダー,ja,1,bing_ja-JP,1,ドライバー 紹介,generico,False,False,0,indefinito,3,0,non disponibile,non disponibile,non disponibile,
e-driveとは,ja,1,bing_ja-JP,1,英語 ドライバー,informativo,False,False,0,indefinito,3,0,non disponibile,non disponibile,non disponibile,
ep-978a3 ドライバー,ja,1,bing_ja-JP,1,ドライバー 紹介,generico,False,False,0,indefinito,3,0,non disponibile,non disponibile,non disponibile,
ex-g ドライバ,ja,1,bing_ja-JP,1,英語 ドライバー,generico,False,False,0,indefinito,3,0,non disponibile,non disponibile,non disponibile,
ex-g ドライバー,ja,1,bing_ja-JP,1,ドライバー 紹介,generico,False,False,0,indefinito,3,0,non disponibile,non disponibile,non disponibile,
e☆イヤホン 求人,ja,1,bing_ja-JP,1,ハイヤー 求人,assunzione,False,False,0,autista,3,0,non disponibile,non disponibile,non disponibile,
f-50-d フライヤー,ja,1,bing_ja-JP,1,ハイヤー ドライバー 紹介,generico,False,False,0,indefinito,3,0,non disponibile,non disponibile,non disponibile,
f-ドラ ドライバーポータル ログイン,ja,1,bing_ja-JP,1,ドライバー 紹介,generico,False,False,0,indefinito,3,0,non disponibile,non disponibile,non disponibile,
f-ドラ ドライバーポータルサイト,ja,1,bing_ja-JP,1,ドライバー 紹介,generico,False,False,0,indefinito,3,0,non disponibile,non disponibile,non disponibile,
f1 2026 ドライバー 英語,ja,1,google_ja_jp,1,英語 ドライバー,generico,False,False,0,indefinito,3,0,non disponibile,non disponibile,non disponibile,
f1 ドライバー 紹介,ja,1,google_ja_jp,1,ドライバー 紹介,acquisto_servizio,False,False,0,operatore,3,0,non disponibile,non disponibile,non disponibile,
f1 ドライバー 紹介 曲,ja,1,google_ja_jp,1,ドライバー 紹介,acquisto_servizio,False,False,0,operatore,3,0,non disponibile,non disponibile,non disponibile,
f1 ドライバー 英語,ja,1,google_ja_jp,1,英語 ドライバー,generico,False,False,0,indefinito,3,0,non disponibile,non disponibile,non disponibile,
f1 ドライバー 英語 力,ja,1,google_ja_jp,1,英語 ドライバー,generico,False,False,0,indefinito,3,0,non disponibile,non disponibile,non disponibile,
f1 ドライバー 英語 名,ja,1,google_ja_jp,1,英語 ドライバー,generico,False,False,0,indefinito,3,0,non disponibile,non disponibile,non disponibile,
f1 ドライバー 英語 表記,ja,1,google_ja_jp,1,英語 ドライバー,generico,False,False,0,indefinito,3,0,non disponibile,non disponibile,non disponibile,
f1 ドライバー紹介,ja,1,bing_ja-JP,1,ドライバー 紹介,acquisto_servizio,False,False,0,operatore,3,0,non disponibile,non disponibile,non disponibile,
f1 歴代日本人ドライバー紹介,ja,1,bing_ja-JP,1,ドライバー 紹介,acquisto_servizio,False,False,0,operatore,3,0,non disponibile,non disponibile,non disponibile,
f1ドライバー紹介動画,ja,1,google_ja_jp,1,ドライバー 紹介,acquisto_servizio,False,False,0,operatore,3,0,non disponibile,non disponibile,non disponibile,
g pro wireless ドライバー,ja,1,bing_ja-JP,1,ドライバー 紹介,generico,False,False,0,indefinito,3,0,non disponibile,non disponibile,non disponibile,
g-driveとは,ja,1,bing_ja-JP,1,英語 ドライバー,informativo,False,False,0,indefinito,3,0,non disponibile,non disponibile,non disponibile,
g83/my ドライバー,ja,1,bing_ja-JP,1,ドライバー 紹介,generico,False,False,0,indefinito,3,0,non disponibile,non disponibile,non disponibile,
g:共有ドライブ,ja,1,bing_ja-JP,1,ドライバー 紹介,generico,False,False,0,indefinito,3,0,non disponibile,non disponibile,non disponibile,
http mail yytyyt vip,ja,1,bing_ja-JP,1,VIP 送迎,generico,False,False,0,indefinito,3,0,non disponibile,non disponibile,non disponibile,
http://k-box.vip,ja,1,bing_ja-JP,1,VIP 送迎,generico,False,False,0,indefinito,3,0,non disponibile,non disponibile,non disponibile,
http://n.vip,ja,1,bing_ja-JP,1,VIP 送迎,generico,False,False,0,indefinito,3,0,non disponibile,non disponibile,non disponibile,
http://www.vip.com,ja,1,bing_ja-JP,1,VIP 送迎,generico,False,False,0,indefinito,3,0,non disponibile,non disponibile,non disponibile,
http://xyou.vip,ja,1,bing_ja-JP,1,VIP 送迎,generico,False,False,0,indefinito,3,0,non disponibile,non disponibile,non disponibile,
https://e-drive.jp,ja,1,bing_ja-JP,1,ドライバー 紹介,generico,False,False,0,indefinito,3,0,non disponibile,non disponibile,non disponibile,
https://e.vip.com/index.html,ja,1,bing_ja-JP,1,VIP 送迎,generico,False,False,0,indefinito,3,0,non disponibile,non disponibile,non disponibile,
https://ff-menu.vip,ja,1,bing_ja-JP,1,VIP 送迎,generico,False,False,0,indefinito,3,0,non disponibile,non disponibile,non disponibile,
https://u-p.vip/s/k8kzug,ja,1,bing_ja-JP,1,VIP 送迎,generico,False,False,0,indefinito,3,0,non disponibile,non disponibile,non disponibile,
https://vip.com,ja,1,bing_ja-JP,1,VIP 送迎,generico,False,False,0,indefinito,3,0,non disponibile,non disponibile,non disponibile,
https://vip.yy.com/p0/box/index.html,ja,1,bing_ja-JP,1,VIP 送迎,generico,False,False,0,indefinito,3,0,non disponibile,non disponibile,non disponibile,
https://w.vip,ja,1,bing_ja-JP,1,VIP 送迎,generico,False,False,0,indefinito,3,0,non disponibile,non disponibile,non disponibile,
https://www.jugege.vip,ja,1,bing_ja-JP,1,VIP 送迎,generico,False,False,0,indefinito,3,0,non disponibile,non disponibile,non disponibile,
https://www.vip.com/index.php,ja,1,bing_ja-JP,1,VIP 送迎,generico,False,False,0,indefinito,3,0,non disponibile,non disponibile,non disponibile,
hyper-v ドライバー,ja,1,bing_ja-JP,1,ハイヤー ドライバー,generico,False,False,0,indefinito,3,0,non disponibile,non disponibile,non disponibile,
i-vipコミー,ja,1,bing_ja-JP,1,VIP 送迎,generico,False,False,0,indefinito,3,0,non disponibile,non disponibile,non disponibile,
im c2500 jpn ドライバ,ja,1,bing_ja-JP,1,インバウンド ドライバー,generico,False,False,0,indefinito,3,0,non disponibile,non disponibile,non disponibile,
j&t vip,ja,1,bing_ja-JP,1,VIP 送迎,generico,False,False,0,indefinito,3,0,non disponibile,non disponibile,non disponibile,
j'sドライバー,ja,1,bing_ja-JP,1,外国語 ドライバー,generico,False,False,0,indefinito,3,0,non disponibile,non disponibile,non disponibile,
j-air 客室乗務員 採用,ja,1,bing_ja-JP,1,ハイヤー 乗務員,assunzione,False,False,0,operatore,3,0,non disponibile,non disponibile,non disponibile,
j-link ドライバ,ja,1,bing_ja-JP,1,ドライバー 紹介,generico,False,False,0,indefinito,3,0,non disponibile,non disponibile,non disponibile,
jaf 外国人 運転免許 切り替え,ja,1,bing_ja-JP,1,二種免許 外国人,generico,False,False,0,indefinito,3,0,non disponibile,non disponibile,non disponibile,
james&co バイヤー,ja,1,bing_ja-JP,1,ハイヤー 求人,generico,False,False,0,indefinito,3,0,non disponibile,non disponibile,non disponibile,
jb ハイウェイ サービス 求人,ja,1,bing_ja-JP,1,ハイヤー 求人,assunzione,False,False,0,autista,3,0,non disponibile,non disponibile,non disponibile,
job.vip,ja,1,bing_ja-JP,1,VIP 送迎,assunzione,False,False,0,autista,3,0,non disponibile,non disponibile,non disponibile,
jp-vipshop,ja,1,bing_ja-JP,1,VIP 送迎,generico,False,False,0,indefinito,3,0,non disponibile,non disponibile,non disponibile,
jp-vipshop 代引き,ja,1,bing_ja-JP,1,VIP 送迎,generico,False,False,0,indefinito,3,0,non disponibile,non disponibile,non disponibile,
jra 短期免許 外国人 予定,ja,1,bing_ja-JP,1,二種免許 外国人,generico,False,False,0,indefinito,3,0,non disponibile,non disponibile,non disponibile,
k-150 ドライバー,ja,1,bing_ja-JP,1,ドライバー 紹介,generico,False,False,0,indefinito,3,0,non disponibile,non disponibile,non disponibile,
k-drive株式会社,ja,1,bing_ja-JP,1,ドライバー 紹介,generico,False,False,0,operatore,3,0,non disponibile,non disponibile,non disponibile,
k-vips ログイン,ja,1,bing_ja-JP,1,VIP 送迎,generico,False,False,0,indefinito,3,0,non disponibile,non disponibile,non disponibile,
k-vips+とは,ja,1,bing_ja-JP,1,VIP 送迎,informativo,False,False,0,indefinito,3,0,non disponibile,non disponibile,non disponibile,
k-vipsとは,ja,1,bing_ja-JP,1,VIP 送迎,informativo,False,False,0,indefinito,3,0,non disponibile,non disponibile,non disponibile,
kakaku.com ドライバー,ja,1,bing_ja-JP,1,ドライバー 紹介,generico,False,False,0,indefinito,3,0,non disponibile,non disponibile,non disponibile,
kl-g1 ドライバー,ja,1,bing_ja-JP,1,ドライバー 紹介,generico,False,False,0,indefinito,3,0,non disponibile,non disponibile,non disponibile,
k・キーアマイヤー,ja,1,bing_ja-JP,1,ハイヤー ドライバー 紹介,generico,False,False,0,indefinito,3,0,non disponibile,non disponibile,non disponibile,
l-8 ドライバー,ja,1,bing_ja-JP,1,ドライバー 紹介,generico,False,False,0,indefinito,3,0,non disponibile,non disponibile,non disponibile,
lifebook u series ドライバー,ja,1,bing_ja-JP,1,ドライバー 紹介,acquisto_servizio,False,False,0,indefinito,3,0,non disponibile,non disponibile,non disponibile,
lud-u3-au101 ドライバ,ja,1,bing_ja-JP,1,ドライバー 紹介,generico,False,False,0,indefinito,3,0,non disponibile,non disponibile,non disponibile,
m audio m track solo ドライバー,ja,1,bing_ja-JP,1,ドライバー 紹介,generico,False,False,0,indefinito,3,0,non disponibile,non disponibile,non disponibile,
m audio ドライバ ダウンロード,ja,1,bing_ja-JP,1,ドライバー 紹介,generico,False,False,0,indefinito,3,0,non disponibile,non disponibile,non disponibile,
m-disc ドライブ,ja,1,bing_ja-JP,1,ドライバー 紹介,generico,False,False,0,indefinito,3,0,non disponibile,non disponibile,non disponibile,
m-g01ur ドライバ,ja,1,bing_ja-JP,1,外国語 ドライバー,generico,False,False,0,indefinito,3,0,non disponibile,non disponibile,non disponibile,
microsoft 言語パック ダウンロード 中国語,ja,1,bing_ja-JP,1,多言語 ドライバー,generico,False,False,0,indefinito,3,0,non disponibile,non disponibile,non disponibile,
mk 英語 ドライバー,ja,1,google_ja_jp,1,英語 ドライバー,generico,False,False,0,indefinito,3,0,non disponibile,non disponibile,non disponibile,
mp type-1 ドライバー,ja,1,bing_ja-JP,1,ハイヤー ドライバー 紹介,generico,False,False,0,indefinito,3,0,non disponibile,non disponibile,non disponibile,
n-ub ドライバ,ja,1,bing_ja-JP,1,外国語 ドライバー,generico,False,False,0,indefinito,3,0,non disponibile,non disponibile,non disponibile,
n-van 乗車定員,ja,1,bing_ja-JP,1,乗務員 兼業,generico,False,False,0,indefinito,3,0,non disponibile,non disponibile,non disponibile,
ndrive.co.jp,ja,1,bing_ja-JP,1,ドライバー 紹介,generico,False,False,0,indefinito,3,0,non disponibile,non disponibile,non disponibile,
no.1 ドライバー,ja,1,bing_ja-JP,1,ドライバー 紹介,generico,False,False,0,indefinito,3,0,non disponibile,non disponibile,non disponibile,
p-touch ドライバー,ja,1,bing_ja-JP,1,ドライバー 紹介,generico,False,False,0,indefinito,3,0,non disponibile,non disponibile,non disponibile,
pc ドライバー英語,ja,1,bing_ja-JP,1,英語 ドライバー,generico,False,False,0,indefinito,3,0,non disponibile,non disponibile,non disponibile,
pd-2 ドライバー,ja,1,bing_ja-JP,1,ドライバー 紹介,generico,False,False,0,indefinito,3,0,non disponibile,non disponibile,non disponibile,
pf-71 ドライバー,ja,1,bing_ja-JP,1,ドライバー 紹介,generico,False,False,0,indefinito,3,0,non disponibile,non disponibile,non disponibile,
ppzz.vip客服,ja,1,bing_ja-JP,1,VIP 送迎,generico,False,False,0,indefinito,3,0,non disponibile,non disponibile,non disponibile,
q vip lounge ltd,ja,1,bing_ja-JP,1,VIP 送迎,generico,False,False,0,indefinito,3,0,non disponibile,non disponibile,non disponibile,
q739/ab ドライバー,ja,1,bing_ja-JP,1,ドライバー 紹介,generico,False,False,0,indefinito,3,0,non disponibile,non disponibile,non disponibile,
qi max lite ドライバー,ja,1,bing_ja-JP,1,ドライバー 紹介,generico,False,False,0,indefinito,3,0,non disponibile,non disponibile,non disponibile,
qi10 max ドライバー ウエイト,ja,1,bing_ja-JP,1,ドライバー 紹介,generico,False,False,0,indefinito,3,0,non disponibile,non disponibile,non disponibile,
ql-700 ドライバー,ja,1,bing_ja-JP,1,ドライバー 紹介,generico,False,False,0,indefinito,3,0,non disponibile,non disponibile,non disponibile,
qp-l ドライケム,ja,1,bing_ja-JP,1,ドライバー 紹介,generico,False,False,0,indefinito,3,0,non disponibile,non disponibile,non disponibile,
r ドライバ ダウンロード mac,ja,1,bing_ja-JP,1,ドライバー 紹介,generico,False,False,0,indefinito,3,0,non disponibile,non disponibile,non disponibile,
r ドライバ ダウンロード エラー,ja,1,bing_ja-JP,1,ドライバー 紹介,generico,False,False,0,indefinito,3,0,non disponibile,non disponibile,non disponibile,
r-type バイド,ja,1,bing_ja-JP,1,ハイヤー 乗務員,generico,False,False,0,indefinito,3,0,non disponibile,non disponibile,non disponibile,
r/tタイヤとは,ja,1,bing_ja-JP,1,ハイヤー 英語,informativo,False,False,0,indefinito,3,0,non disponibile,non disponibile,non disponibile,
rs-e ドライバー,ja,1,bing_ja-JP,1,ドライバー 紹介,generico,False,False,0,indefinito,3,0,non disponibile,non disponibile,non disponibile,
s-vipとは,ja,1,bing_ja-JP,1,VIP 送迎,informativo,False,False,0,indefinito,3,0,non disponibile,non disponibile,non disponibile,
s-yard ドライバー,ja,1,bing_ja-JP,1,ドライバー 紹介,generico,False,False,0,indefinito,3,0,non disponibile,non disponibile,non disponibile,
shopping + ドライヤー,ja,1,bing_ja-JP,1,ハイヤー ドライバー,generico,False,False,0,indefinito,3,0,non disponibile,non disponibile,non disponibile,
system product name ドライバー,ja,1,bing_ja-JP,1,ドライバー 紹介,generico,False,False,0,indefinito,3,0,non disponibile,non disponibile,non disponibile,
t-10 ドライバー,ja,1,bing_ja-JP,1,ドライバー 紹介,generico,False,False,0,indefinito,3,0,non disponibile,non disponibile,non disponibile,
t-830 ドライバー,ja,1,bing_ja-JP,1,ドライバー 紹介,generico,False,False,0,indefinito,3,0,non disponibile,non disponibile,non disponibile,
t-8ドライバー,ja,1,bing_ja-JP,1,ドライバー 紹介,generico,False,False,0,indefinito,3,0,non disponibile,non disponibile,non disponibile,
trip.com vipラウンジ,ja,1,bing_ja-JP,1,VIP 送迎,generico,False,False,0,indefinito,3,0,non disponibile,non disponibile,non disponibile,
ttt.vip,ja,1,bing_ja-JP,1,VIP 送迎,generico,False,False,0,indefinito,3,0,non disponibile,non disponibile,non disponibile,
twa-001 ドライバー,ja,1,bing_ja-JP,1,ドライバー 紹介,generico,False,False,0,indefinito,3,0,non disponibile,non disponibile,non disponibile,
u-05 ドライバ,ja,1,bing_ja-JP,1,ドライバー 紹介,generico,False,False,0,indefinito,3,0,non disponibile,non disponibile,non disponibile,
u-44 ドライバー,ja,1,bing_ja-JP,1,ドライバー 紹介,generico,False,False,0,indefinito,3,0,non disponibile,non disponibile,non disponibile,
u-wave ドライバー,ja,1,bing_ja-JP,1,ドライバー 紹介,generico,False,False,0,indefinito,3,0,non disponibile,non disponibile,non disponibile,
u7310/d ドライバー,ja,1,bing_ja-JP,1,ドライバー 紹介,generico,False,False,0,indefinito,3,0,non disponibile,non disponibile,non disponibile,
u9310/d ドライバー,ja,1,bing_ja-JP,1,ドライバー 紹介,generico,False,False,0,indefinito,3,0,non disponibile,non disponibile,non disponibile,
uber eats ドライバー 紹介,ja,1,google_ja_jp,1,ドライバー 紹介,acquisto_servizio,False,False,0,operatore,3,0,non disponibile,non disponibile,non disponibile,
uber eats ドライバー 紹介 キャンペーン,ja,1,google_ja_jp,1,ドライバー 紹介,acquisto_servizio,False,False,0,operatore,3,0,non disponibile,non disponibile,non disponibile,
uber eats ドライバー 紹介 コード,ja,1,google_ja_jp,1,ドライバー 紹介,acquisto_servizio,False,False,0,operatore,3,0,non disponibile,non disponibile,non disponibile,
uber ドライバー 紹介,ja,1,google_ja_jp,1,ドライバー 紹介,acquisto_servizio,False,False,0,operatore,3,0,non disponibile,non disponibile,non disponibile,
uber ドライバー 紹介 キャンペーン,ja,1,google_ja_jp,1,ドライバー 紹介,acquisto_servizio,False,False,0,operatore,3,0,non disponibile,non disponibile,non disponibile,
uber ドライバー 紹介 コード どこ,ja,1,google_ja_jp,1,ドライバー 紹介,acquisto_servizio,False,False,0,operatore,3,0,non disponibile,non disponibile,non disponibile,
uber ドライバー 紹介 料,ja,1,google_ja_jp,1,ドライバー 紹介,acquisto_servizio,False,False,0,operatore,3,0,non disponibile,non disponibile,non disponibile,
uber ドライバー 紹介 方法,ja,1,google_ja_jp,1,ドライバー 紹介,acquisto_servizio,False,False,0,operatore,3,0,non disponibile,non disponibile,non disponibile,
uber ドライバー 紹介 条件,ja,1,google_ja_jp,1,ドライバー 紹介,acquisto_servizio,False,False,0,operatore,3,0,non disponibile,non disponibile,non disponibile,
uber ドライバー 英語,ja,1,google_ja_jp,1,英語 ドライバー,generico,False,False,0,indefinito,3,0,non disponibile,non disponibile,non disponibile,
uber 友達 紹介 ドライバー,ja,1,google_ja_jp,1,ドライバー 紹介,acquisto_servizio,False,False,0,operatore,3,0,non disponibile,non disponibile,non disponibile,
ur-c ドライバー,ja,1,bing_ja-JP,1,ドライバー 紹介,generico,False,False,0,indefinito,3,0,non disponibile,non disponibile,non disponibile,
usb type b ドライバ,ja,1,bing_ja-JP,1,ドライバー 紹介,generico,False,False,0,indefinito,3,0,non disponibile,non disponibile,non disponibile,
usb type c ドライバ,ja,1,bing_ja-JP,1,外国語 ドライバー,generico,False,False,0,indefinito,3,0,non disponibile,non disponibile,non disponibile,
usb ドライブ d と e の違い,ja,1,bing_ja-JP,1,英語 ドライバー,informativo,False,False,0,indefinito,3,0,non disponibile,non disponibile,non disponibile,
usb ドライブ e と f の違い,ja,1,bing_ja-JP,1,英語 ドライバー,informativo,False,False,0,indefinito,3,0,non disponibile,non disponibile,non disponibile,
v83/ly ドライバー,ja,1,bing_ja-JP,1,ドライバー 紹介,generico,False,False,0,indefinito,3,0,non disponibile,non disponibile,non disponibile,
v83/my ドライバー,ja,1,bing_ja-JP,1,ドライバー 紹介,generico,False,False,0,indefinito,3,0,non disponibile,non disponibile,non disponibile,
vd/r ドライバー,ja,1,bing_ja-JP,1,ドライバー 紹介,generico,False,False,0,indefinito,3,0,non disponibile,non disponibile,non disponibile,
vip party k 池袋店,ja,1,bing_ja-JP,1,VIP 送迎,generico,False,False,0,indefinito,3,0,non disponibile,non disponibile,non disponibile,
vip qq.com,ja,1,bing_ja-JP,1,VIP 送迎,generico,False,False,0,indefinito,3,0,non disponibile,non disponibile,non disponibile,
vip reservations - home,ja,1,bing_ja-JP,1,VIP 送迎,generico,False,False,0,indefinito,3,0,non disponibile,non disponibile,non disponibile,
vip 한국형가치투자a-e,ja,1,bing_ja-JP,1,VIP 送迎,generico,False,False,0,indefinito,3,0,non disponibile,non disponibile,non disponibile,
vip-jpshop.com,ja,1,bing_ja-JP,1,VIP 送迎,generico,False,False,0,indefinito,3,0,non disponibile,non disponibile,non disponibile,
vip-ooi,ja,1,bing_ja-JP,1,VIP 送迎,generico,False,False,0,indefinito,3,0,non disponibile,non disponibile,non disponibile,
vip-rental,ja,1,bing_ja-JP,1,VIP 送迎,acquisto_servizio,False,False,0,turista,3,0,non disponibile,non disponibile,non disponibile,
vip-sendai,ja,1,bing_ja-JP,1,VIP 送迎,generico,False,False,0,indefinito,3,0,non disponibile,non disponibile,non disponibile,
vip.club,ja,1,bing_ja-JP,1,VIP 送迎,generico,False,False,0,indefinito,3,0,non disponibile,non disponibile,non disponibile,
vips.co.jp,ja,1,bing_ja-JP,1,VIP 送迎,generico,False,False,0,indefinito,3,0,non disponibile,non disponibile,non disponibile,
vips.ne.jp,ja,1,bing_ja-JP,1,VIP 送迎,generico,False,False,0,indefinito,3,0,non disponibile,non disponibile,non disponibile,
vips.ne.jp とは,ja,1,bing_ja-JP,1,VIP 送迎,informativo,False,False,0,indefinito,3,0,non disponibile,non disponibile,non disponibile,
vipw -s,ja,1,bing_ja-JP,1,VIP 送迎,generico,False,False,0,indefinito,3,0,non disponibile,non disponibile,non disponibile,
vip·com,ja,1,bing_ja-JP,1,VIP 送迎,generico,False,False,0,indefinito,3,0,non disponibile,non disponibile,non disponibile,
vip・topグループ,ja,1,bing_ja-JP,1,VIP 送迎,generico,False,False,0,indefinito,3,0,non disponibile,non disponibile,non disponibile,
vp-2000 ドライバー,ja,1,bing_ja-JP,1,ドライバー 紹介,generico,False,False,0,indefinito,3,0,non disponibile,non disponibile,non disponibile,
w.vip官网,ja,1,bing_ja-JP,1,VIP 送迎,generico,False,False,0,indefinito,3,0,non disponibile,non disponibile,non disponibile,
w/bタイヤとは,ja,1,bing_ja-JP,1,ハイヤー 英語,informativo,False,False,0,indefinito,3,0,non disponibile,non disponibile,non disponibile,
what is a h:drive,ja,1,bing_ja-JP,1,ドライバー 紹介,informativo,False,False,0,indefinito,3,0,non disponibile,non disponibile,non disponibile,
windows c d ドライブ,ja,1,bing_ja-JP,1,ドライバー 紹介,generico,False,False,0,indefinito,3,0,non disponibile,non disponibile,non disponibile,
windows c ドライブ d ドライブ,ja,1,bing_ja-JP,1,ドライバー 紹介,generico,False,False,0,indefinito,3,0,non disponibile,non disponibile,non disponibile,
windows11 の d ドライブとは何ですか,ja,1,bing_ja-JP,1,英語 ドライバー,informativo,False,False,0,indefinito,3,0,non disponibile,non disponibile,non disponibile,
woltドライバー紹介,ja,1,google_ja_jp,1,ドライバー 紹介,acquisto_servizio,False,False,0,operatore,3,0,non disponibile,non disponibile,non disponibile,
ww09.vip,ja,1,bing_ja-JP,1,VIP 送迎,generico,False,False,0,indefinito,3,0,non disponibile,non disponibile,non disponibile,
www.jp-vipshop.com,ja,1,bing_ja-JP,1,VIP 送迎,generico,False,False,0,indefinito,3,0,non disponibile,non disponibile,non disponibile,
www.tp-link.com ドライバー,ja,1,bing_ja-JP,1,ドライバー 紹介,generico,False,False,0,indefinito,3,0,non disponibile,non disponibile,non disponibile,
x hot pro ドライバー,ja,1,bing_ja-JP,1,ドライバー 紹介,generico,False,False,0,indefinito,3,0,non disponibile,non disponibile,non disponibile,
xdrive.jp,ja,1,bing_ja-JP,1,ドライバー 紹介,generico,False,False,0,indefinito,3,0,non disponibile,non disponibile,non disponibile,
xxio x ドライバー スペック,ja,1,bing_ja-JP,1,ドライバー 紹介,generico,False,False,0,indefinito,3,0,non disponibile,non disponibile,non disponibile,
y 字 ドライバー 英語,ja,1,google_ja_jp,1,英語 ドライバー,generico,False,False,0,indefinito,3,0,non disponibile,non disponibile,non disponibile,
y 字ドライバー 100 円ショップ,ja,1,bing_ja-JP,1,ドライバー 紹介,generico,False,False,0,indefinito,3,0,non disponibile,non disponibile,non disponibile,
y-r0025-o ドライバー,ja,1,bing_ja-JP,1,ドライバー 紹介,generico,False,False,0,indefinito,3,0,non disponibile,non disponibile,non disponibile,
ya-mann ドライヤー,ja,1,bing_ja-JP,1,ハイヤー ドライバー 紹介,generico,False,False,0,indefinito,3,0,non disponibile,non disponibile,non disponibile,
youtube ⛳ ドライバー,ja,1,bing_ja-JP,1,ドライバー 紹介,generico,False,False,0,indefinito,3,0,non disponibile,non disponibile,non disponibile,
yysy.vip,ja,1,bing_ja-JP,1,VIP 送迎,generico,False,False,0,indefinito,3,0,non disponibile,non disponibile,non disponibile,
yytyyt.vip,ja,1,bing_ja-JP,1,VIP 送迎,generico,False,False,0,indefinito,3,0,non disponibile,non disponibile,non disponibile,
y字ドライバー 0.6,ja,1,bing_ja-JP,1,ドライバー 紹介,generico,False,False,0,indefinito,3,0,non disponibile,non disponibile,non disponibile,
z-1 インドアゴルフ,ja,1,bing_ja-JP,1,インバウンド ドライバー,generico,False,False,0,indefinito,3,0,non disponibile,non disponibile,non disponibile,
z-drive,ja,1,bing_ja-JP,1,ドライバー 紹介,generico,False,False,0,indefinito,3,0,non disponibile,non disponibile,non disponibile,
zkzy.vip,ja,1,bing_ja-JP,1,VIP 送迎,generico,False,False,0,indefinito,3,0,non disponibile,non disponibile,non disponibile,
zz-bz-vip,ja,1,bing_ja-JP,1,VIP 送迎,generico,False,False,0,indefinito,3,0,non disponibile,non disponibile,non disponibile,
zzxz.vip,ja,1,bing_ja-JP,1,VIP 送迎,generico,False,False,0,indefinito,3,0,non disponibile,non disponibile,non disponibile,
zzyz.vip,ja,1,bing_ja-JP,1,VIP 送迎,generico,False,False,0,indefinito,3,0,non disponibile,non disponibile,non disponibile,
zzz.vip,ja,1,bing_ja-JP,1,VIP 送迎,generico,False,False,0,indefinito,3,0,non disponibile,non disponibile,non disponibile,
★型ドライバー,ja,1,bing_ja-JP,1,ドライバー 紹介,generico,False,False,0,indefinito,3,0,non disponibile,non disponibile,non disponibile,
☆型ドライバー,ja,1,bing_ja-JP,1,ドライバー 紹介,generico,False,False,0,indefinito,3,0,non disponibile,non disponibile,non disponibile,
お会いできてうれしいです。 中国語,ja,1,bing_ja-JP,1,外国人 送迎,generico,False,False,0,indefinito,3,0,non disponibile,non disponibile,non disponibile,
どらいばー 英語,ja,1,google_ja_jp,1,英語 ドライバー,generico,False,False,0,indefinito,3,0,non disponibile,non disponibile,non disponibile,
ねじ 回し ドライバー 英語,ja,1,google_ja_jp,1,英語 ドライバー,generico,False,False,0,indefinito,3,0,non disponibile,non disponibile,non disponibile,
アウトバウンド インバウンド 違い 営業,ja,1,bing_ja-JP,1,インバウンド対応 ドライバー,informativo,False,False,0,indefinito,3,0,non disponibile,non disponibile,non disponibile,
アウトバウンド インバウンド 違い 通信,ja,1,bing_ja-JP,1,インバウンド対応 ドライバー,informativo,False,False,0,indefinito,3,0,non disponibile,non disponibile,non disponibile,
イヤホン ドライバーユニット と は,ja,1,bing_ja-JP,1,インバウンド対応 ドライバー,generico,False,False,0,indefinito,3,0,non disponibile,non disponibile,non disponibile,
インテル r bluetooth ドライバー,ja,1,bing_ja-JP,1,インバウンド対応 ドライバー,generico,False,False,0,indefinito,3,0,non disponibile,non disponibile,non disponibile,
インテル r ワイヤレス bluetooth r ドライバーエラー,ja,1,bing_ja-JP,1,ハイヤー ドライバー 紹介,generico,False,False,0,indefinito,3,0,non disponibile,non disponibile,non disponibile,
インテル スマート サウンド テクノロジー ドライバー,ja,1,bing_ja-JP,1,インバウンド対応 ドライバー,generico,False,False,0,indefinito,3,0,non disponibile,non disponibile,non disponibile,
インバウンド アウトバウンド コールセンター 違い,ja,1,bing_ja-JP,1,インバウンド対応 ドライバー,informativo,False,False,0,indefinito,3,0,non disponibile,non disponibile,non disponibile,
インバウンド アウトバウンド 営業 違い,ja,1,bing_ja-JP,1,インバウンド対応 ドライバー,informativo,False,False,0,indefinito,3,0,non disponibile,non disponibile,non disponibile,
インバウンド ドライバー,ja,1,google_ja_jp,1,インバウンド ドライバー,generico,False,False,0,indefinito,3,0,non disponibile,non disponibile,non disponibile,
インバウンド ドライバー 募集,ja,1,google_ja_jp,1,インバウンド ドライバー,assunzione,False,False,0,autista,3,0,non disponibile,non disponibile,non disponibile,
インバウンド ドライバー 求人,ja,1,google_ja_jp,1,インバウンド ドライバー,assunzione,False,False,0,autista,3,0,non disponibile,non disponibile,non disponibile,
インバウンド ドライバーガイド,ja,1,bing_ja-JP,1,インバウンド ドライバー,generico,False,False,0,indefinito,3,0,non disponibile,non disponibile,non disponibile,
インバウンド ドライバー募集,ja,1,google_ja_jp,1,インバウンド ドライバー,assunzione,False,False,0,autista,3,0,non disponibile,non disponibile,non disponibile,
インバウンド バス ドライバー,ja,1,google_ja_jp,1,インバウンド ドライバー,generico,False,False,0,indefinito,3,0,non disponibile,non disponibile,non disponibile,
インバウンド バス ドライバー 求人,ja,1,google_ja_jp,1,インバウンド ドライバー,assunzione,False,False,0,autista,3,0,non disponibile,non disponibile,non disponibile,
インバウンド 向け ドライバー,ja,1,google_ja_jp,1,インバウンド ドライバー,generico,False,False,0,indefinito,3,0,non disponibile,non disponibile,non disponibile,
インバウンド 観光 ドライバー,ja,1,google_ja_jp,1,インバウンド ドライバー,generico,False,False,0,turista,3,0,non disponibile,non disponibile,non disponibile,
インバウンドドライバー,ja,1,bing_ja-JP,1,インバウンド ドライバー,generico,False,False,0,indefinito,3,0,non disponibile,non disponibile,non disponibile,
インバウンド消費の拡大・質向上,ja,1,bing_ja-JP,1,インバウンド対応 ドライバー,generico,False,False,0,indefinito,3,0,non disponibile,non disponibile,non disponibile,
インパクト ドライバー 先端 パーツ,ja,1,bing_ja-JP,1,インバウンド対応 ドライバー,generico,False,False,0,indefinito,3,0,non disponibile,non disponibile,non disponibile,
インパクトドライバー英語,ja,1,bing_ja-JP,1,英語 ドライバー,generico,False,False,0,indefinito,3,0,non disponibile,non disponibile,non disponibile,
イン・グラウンド株式会社,ja,1,bing_ja-JP,1,インバウンド ドライバー,generico,False,False,0,operatore,3,0,non disponibile,non disponibile,non disponibile,
ウーバー イーツ ドライバー 紹介 コード,ja,1,google_ja_jp,1,ドライバー 紹介,acquisto_servizio,False,False,0,operatore,3,0,non disponibile,non disponibile,non disponibile,
ウーバー イーツ ドライバー 紹介 コード どこ,ja,1,google_ja_jp,1,ドライバー 紹介,acquisto_servizio,False,False,0,operatore,3,0,non disponibile,non disponibile,non disponibile,
ウーバー イーツ ドライバー 紹介 料,ja,1,google_ja_jp,1,ドライバー 紹介,acquisto_servizio,False,False,0,operatore,3,0,non disponibile,non disponibile,non disponibile,
ウーバー イーツ ドライバー 紹介 特典,ja,1,google_ja_jp,1,ドライバー 紹介,acquisto_servizio,False,False,0,operatore,3,0,non disponibile,non disponibile,non disponibile,
ウーバー ドライバー 紹介,ja,1,google_ja_jp,1,ドライバー 紹介,acquisto_servizio,False,False,0,operatore,3,0,non disponibile,non disponibile,non disponibile,
ウーバー ドライバー 紹介 され た側,ja,1,google_ja_jp,1,ドライバー 紹介,acquisto_servizio,False,False,0,operatore,3,0,non disponibile,non disponibile,non disponibile,
ウーバー ドライバー 紹介 した 側,ja,1,google_ja_jp,1,ドライバー 紹介,acquisto_servizio,False,False,0,operatore,3,0,non disponibile,non disponibile,non disponibile,
ウーバー ドライバー 紹介 できない,ja,1,google_ja_jp,1,ドライバー 紹介,acquisto_servizio,False,False,0,operatore,3,0,non disponibile,non disponibile,non disponibile,
ウーバー ドライバー 紹介 やり方,ja,1,google_ja_jp,1,ドライバー 紹介,acquisto_servizio,False,False,0,operatore,3,0,non disponibile,non disponibile,non disponibile,
ウーバー ドライバー 紹介 コード,ja,1,google_ja_jp,1,ドライバー 紹介,acquisto_servizio,False,False,0,operatore,3,0,non disponibile,non disponibile,non disponibile,
ウーバー ドライバー 紹介 コード どこ,ja,1,google_ja_jp,1,ドライバー 紹介,acquisto_servizio,False,False,0,operatore,3,0,non disponibile,non disponibile,non disponibile,
ウーバー ドライバー 紹介 コード 自分,ja,1,google_ja_jp,1,ドライバー 紹介,acquisto_servizio,False,False,0,operatore,3,0,non disponibile,non disponibile,non disponibile,
ウーバー ドライバー 紹介 コード 見方,ja,1,google_ja_jp,1,ドライバー 紹介,acquisto_servizio,False,False,0,operatore,3,0,non disponibile,non disponibile,non disponibile,
ウーバー ドライバー 紹介 何人 まで,ja,1,google_ja_jp,1,ドライバー 紹介,acquisto_servizio,False,False,0,operatore,3,0,non disponibile,non disponibile,non disponibile,
ウーバー ドライバー 紹介 保留 中,ja,1,google_ja_jp,1,ドライバー 紹介,acquisto_servizio,False,False,0,operatore,3,0,non disponibile,non disponibile,non disponibile,
ウーバー ドライバー 紹介 反映 されない,ja,1,google_ja_jp,1,ドライバー 紹介,acquisto_servizio,False,False,0,operatore,3,0,non disponibile,non disponibile,non disponibile,
ウーバー ドライバー 紹介 報酬,ja,1,google_ja_jp,1,ドライバー 紹介,acquisto_servizio,False,False,0,operatore,3,0,non disponibile,non disponibile,non disponibile,
ウーバー ドライバー 紹介 料,ja,1,google_ja_jp,1,ドライバー 紹介,acquisto_servizio,False,False,0,operatore,3,0,non disponibile,non disponibile,non disponibile,
ウーバー ドライバー 紹介 料 いくら,ja,1,google_ja_jp,1,ドライバー 紹介,acquisto_servizio,False,False,0,operatore,3,0,non disponibile,non disponibile,non disponibile,
ウーバー ドライバー 紹介 料 期限,ja,1,google_ja_jp,1,ドライバー 紹介,acquisto_servizio,False,False,0,operatore,3,0,non disponibile,non disponibile,non disponibile,
ウーバー ドライバー 紹介 期限,ja,1,google_ja_jp,1,ドライバー 紹介,acquisto_servizio,False,False,0,operatore,3,0,non disponibile,non disponibile,non disponibile,
ウーバー ドライバー 紹介 条件,ja,1,google_ja_jp,1,ドライバー 紹介,acquisto_servizio,False,False,0,operatore,3,0,non disponibile,non disponibile,non disponibile,
ウーバー ドライバー 紹介 特典,ja,1,google_ja_jp,1,ドライバー 紹介,acquisto_servizio,False,False,0,operatore,3,0,non disponibile,non disponibile,non disponibile,
ウーバー ドライバー 紹介 続行 不可,ja,1,google_ja_jp,1,ドライバー 紹介,acquisto_servizio,False,False,0,operatore,3,0,non disponibile,non disponibile,non disponibile,
ウーバー ドライバー 紹介料,ja,1,google_ja_jp,1,ドライバー 紹介,acquisto_servizio,False,False,0,operatore,3,0,non disponibile,non disponibile,non disponibile,
ウーバーイーツ ドライバー 紹介,ja,1,google_ja_jp,1,ドライバー 紹介,acquisto_servizio,False,False,0,operatore,3,0,non disponibile,non disponibile,non disponibile,
エプソン。ドライバー,ja,1,bing_ja-JP,1,ドライバー 紹介,generico,False,False,0,indefinito,3,0,non disponibile,non disponibile,non disponibile,
エル・ドライバー,ja,1,bing_ja-JP,1,英語 ドライバー,generico,False,False,0,indefinito,3,0,non disponibile,non disponibile,non disponibile,
オン・イヤー オーバーイヤー,ja,1,bing_ja-JP,1,ハイヤー ドライバー 紹介,generico,False,False,0,indefinito,3,0,non disponibile,non disponibile,non disponibile,
オートスポーツ web ドライバー紹介,ja,1,bing_ja-JP,1,ドライバー 紹介,acquisto_servizio,False,False,0,operatore,3,0,non disponibile,non disponibile,non disponibile,
グラフィック ドライバー 英語,ja,1,google_ja_jp,1,英語 ドライバー,generico,False,False,0,indefinito,3,0,non disponibile,non disponibile,non disponibile,
ゲートドライバ 英語,ja,1,google_ja_jp,1,英語 ドライバー,generico,False,False,0,indefinito,3,0,non disponibile,non disponibile,non disponibile,
ゲーマ ドライバー 英語,ja,1,google_ja_jp,1,英語 ドライバー,generico,False,False,0,indefinito,3,0,non disponibile,non disponibile,non disponibile,
コ ドライバー 英語,ja,1,google_ja_jp,1,英語 ドライバー,generico,False,False,0,indefinito,3,0,non disponibile,non disponibile,non disponibile,
コ・ドライバー 用語,ja,1,bing_ja-JP,1,外国語 ドライバー,generico,False,False,0,indefinito,3,0,non disponibile,non disponibile,non disponibile,
ゴルフ クラブ ドライバー 英語,ja,1,google_ja_jp,1,英語 ドライバー,generico,False,False,0,indefinito,3,0,non disponibile,non disponibile,non disponibile,
ゴルフ ドライバー 英語,ja,1,google_ja_jp,1,英語 ドライバー,generico,False,False,0,indefinito,3,0,non disponibile,non disponibile,non disponibile,
ゴルフ ドライバー 英語 表記,ja,1,google_ja_jp,1,英語 ドライバー,generico,False,False,0,indefinito,3,0,non disponibile,non disponibile,non disponibile,
サウンド ブラスター z ドライバ,ja,1,bing_ja-JP,1,インバウンド対応 ドライバー,generico,False,False,0,indefinito,3,0,non disponibile,non disponibile,non disponibile,
サンデー ドライバー 英語,ja,1,google_ja_jp,1,英語 ドライバー,generico,False,False,0,indefinito,3,0,non disponibile,non disponibile,non disponibile,
スクリュー ドライバー 英語,ja,1,google_ja_jp,1,英語 ドライバー,generico,False,False,0,indefinito,3,0,non disponibile,non disponibile,non disponibile,
スクリュー ドライバー 英語 カクテル,ja,1,google_ja_jp,1,英語 ドライバー,generico,False,False,0,indefinito,3,0,non disponibile,non disponibile,non disponibile,
スクリュー パイル ドライバー 英語,ja,1,google_ja_jp,1,英語 ドライバー,generico,False,False,0,indefinito,3,0,non disponibile,non disponibile,non disponibile,
スクリュードライバー 英語で,ja,1,google_ja_jp,1,英語 ドライバー,generico,False,False,0,indefinito,3,0,non disponibile,non disponibile,non disponibile,
スーパー gt 2023 日程とドライバー紹介,ja,1,bing_ja-JP,1,ドライバー 紹介,acquisto_servizio,False,False,0,operatore,3,0,non disponibile,non disponibile,non disponibile,
スーパー gt 2026 ドライバー紹介,ja,1,bing_ja-JP,1,ドライバー 紹介,acquisto_servizio,False,False,0,operatore,3,0,non disponibile,non disponibile,non disponibile,
スーパー gt ドライバー 紹介,ja,1,google_ja_jp,1,ドライバー 紹介,acquisto_servizio,False,False,0,operatore,3,0,non disponibile,non disponibile,non disponibile,
スーパー フォーミュラ ドライバー 紹介,ja,1,google_ja_jp,1,ドライバー 紹介,acquisto_servizio,False,False,0,operatore,3,0,non disponibile,non disponibile,non disponibile,
ゼクシオ x eks ドライバー,ja,1,bing_ja-JP,1,ドライバー 紹介,generico,False,False,0,indefinito,3,0,non disponibile,non disponibile,non disponibile,
ゼクシオ x ドライバー 14,ja,1,bing_ja-JP,1,ドライバー 紹介,generico,False,False,0,indefinito,3,0,non disponibile,non disponibile,non disponibile,
ゼッツ ドライバー 英語,ja,1,google_ja_jp,1,英語 ドライバー,generico,False,False,0,indefinito,3,0,non disponibile,non disponibile,non disponibile,
ゼロワン ドライバー 英語,ja,1,google_ja_jp,1,英語 ドライバー,generico,False,False,0,indefinito,3,0,non disponibile,non disponibile,non disponibile,
タクシー を 英語 で,ja,1,google_ja_jp,1,英語 タクシー,generico,False,False,0,indefinito,3,0,non disponibile,non disponibile,non disponibile,
タクシー 乗り場 を 英語 で,ja,1,google_ja_jp,1,英語 タクシー,generico,False,False,0,indefinito,3,0,non disponibile,non disponibile,non disponibile,
タクシー 乗り場 英語 で,ja,1,google_ja_jp,1,英語 タクシー,generico,False,False,0,indefinito,3,0,non disponibile,non disponibile,non disponibile,
タクシー 料金 英語 で,ja,1,google_ja_jp,1,英語 タクシー,acquisto_servizio,False,False,0,turista,3,0,non disponibile,non disponibile,non disponibile,
タクシー 英語 で,ja,1,google_ja_jp,1,英語 タクシー,generico,False,False,0,indefinito,3,0,non disponibile,non disponibile,non disponibile,
タクシー 英語 スペル,ja,1,google_ja_jp,1,英語 タクシー,generico,False,False,0,indefinito,3,0,non disponibile,non disponibile,non disponibile,
タクシー 英語 発音,ja,1,google_ja_jp,1,英語 タクシー,generico,False,False,0,indefinito,3,0,non disponibile,non disponibile,non disponibile,
タクシーを英語で,ja,1,bing_ja-JP,1,英語 タクシー,generico,False,False,0,indefinito,3,0,non disponibile,non disponibile,non disponibile,
タクシー英語で,ja,1,bing_ja-JP,1,英語 タクシー,generico,False,False,0,indefinito,3,0,non disponibile,non disponibile,non disponibile,
タクシー英語スペル,ja,1,bing_ja-JP,1,英語 タクシー,generico,False,False,0,indefinito,3,0,non disponibile,non disponibile,non disponibile,
ダグ・ケイシー,ja,1,bing_ja-JP,1,タクシー 英語 求人,generico,False,False,0,indefinito,3,0,non disponibile,non disponibile,non disponibile,
ダーシー・ショウ,ja,1,bing_ja-JP,1,タクシー 英語 求人,generico,False,False,0,indefinito,3,0,non disponibile,non disponibile,non disponibile,
ツアーステージ x-drive ドライバー,ja,1,bing_ja-JP,1,ドライバー 紹介,generico,False,False,0,indefinito,3,0,non disponibile,non disponibile,non disponibile,
ツアーステージ ドライバー x drive,ja,1,bing_ja-JP,1,ドライバー 紹介,generico,False,False,0,indefinito,3,0,non disponibile,non disponibile,non disponibile,
トライ&エラー 日本語,ja,1,bing_ja-JP,1,外国語 ドライバー,generico,False,False,0,indefinito,3,0,non disponibile,non disponibile,non disponibile,
トライ・ハード 採用,ja,1,bing_ja-JP,1,英語 ドライバー,assunzione,False,False,0,operatore,3,0,non disponibile,non disponibile,non disponibile,
トラック ドライバー 紹介,ja,1,google_ja_jp,1,ドライバー 紹介,acquisto_servizio,False,False,0,operatore,3,0,non disponibile,non disponibile,non disponibile,
トラック ドライバー 英語,ja,1,google_ja_jp,1,英語 ドライバー,generico,False,False,0,indefinito,3,0,non disponibile,non disponibile,non disponibile,
トラック ドライバー 英語 で,ja,1,google_ja_jp,1,英語 ドライバー,generico,False,False,0,indefinito,3,0,non disponibile,non disponibile,non disponibile,
トラック 運転手 英語,ja,1,google_ja_jp,1,英語 運転手,generico,False,False,0,indefinito,3,0,non disponibile,non disponibile,non disponibile,
トラック運転手英語,ja,1,bing_ja-JP,1,英語 運転手,generico,False,False,0,indefinito,3,0,non disponibile,non disponibile,non disponibile,
トルク ドライバー 英語,ja,1,google_ja_jp,1,英語 ドライバー,generico,False,False,0,indefinito,3,0,non disponibile,non disponibile,non disponibile,
トルクス ドライバー 英語,ja,1,google_ja_jp,1,英語 ドライバー,generico,False,False,0,indefinito,3,0,non disponibile,non disponibile,non disponibile,
トルクドライバー cn/m,ja,1,bing_ja-JP,1,外国語 ドライバー,generico,False,False,0,indefinito,3,0,non disponibile,non disponibile,non disponibile,
ドライバ no.1,ja,1,bing_ja-JP,1,外国語 ドライバー,generico,False,False,0,indefinito,3,0,non disponibile,non disponibile,non disponibile,
ドライバ― シャフト,ja,1,bing_ja-JP,1,ドライバー 紹介,generico,False,False,0,indefinito,3,0,non disponibile,non disponibile,non disponibile,
ドライバ― スライス,ja,1,bing_ja-JP,1,ドライバー 紹介,generico,False,False,0,indefinito,3,0,non disponibile,non disponibile,non disponibile,
ドライバー #0,ja,1,bing_ja-JP,1,ドライバー 紹介,generico,False,False,0,indefinito,3,0,non disponibile,non disponibile,non disponibile,
ドライバー #00,ja,1,bing_ja-JP,1,ドライバー 紹介,generico,False,False,0,indefinito,3,0,non disponibile,non disponibile,non disponibile,
ドライバー #3,ja,1,bing_ja-JP,1,ドライバー 紹介,generico,False,False,0,indefinito,3,0,non disponibile,non disponibile,non disponibile,
ドライバー +2,ja,1,bing_ja-JP,1,多言語 ドライバー,generico,False,False,0,indefinito,3,0,non disponibile,non disponibile,non disponibile,
ドライバー +4,ja,1,bing_ja-JP,1,ドライバー 紹介,generico,False,False,0,indefinito,3,0,non disponibile,non disponibile,non disponibile,
ドライバー d1 d2 の違い,ja,1,bing_ja-JP,1,英語 ドライバー,informativo,False,False,0,indefinito,3,0,non disponibile,non disponibile,non disponibile,
ドライバー △,ja,1,bing_ja-JP,1,ドライバー 紹介,generico,False,False,0,indefinito,3,0,non disponibile,non disponibile,non disponibile,
ドライバー ♯1,ja,1,bing_ja-JP,1,ドライバー 紹介,generico,False,False,0,indefinito,3,0,non disponibile,non disponibile,non disponibile,
ドライバー に 渡す 英語,ja,1,google_ja_jp,1,英語 ドライバー,generico,False,False,0,indefinito,3,0,non disponibile,non disponibile,non disponibile,
ドライバー を 回す 英語,ja,1,google_ja_jp,1,英語 ドライバー,generico,False,False,0,indefinito,3,0,non disponibile,non disponibile,non disponibile,
ドライバー を 英語 で,ja,1,google_ja_jp,1,英語 ドライバー,generico,False,False,0,indefinito,3,0,non disponibile,non disponibile,non disponibile,
ドライバー ショット 英語,ja,1,google_ja_jp,1,英語 ドライバー,generico,False,False,0,indefinito,3,0,non disponibile,non disponibile,non disponibile,
ドライバー ズ ニット 英語,ja,1,google_ja_jp,1,英語 ドライバー,generico,False,False,0,indefinito,3,0,non disponibile,non disponibile,non disponibile,
ドライバー ズ ハイ 英語,ja,1,google_ja_jp,1,英語 ドライバー,generico,False,False,0,indefinito,3,0,non disponibile,non disponibile,non disponibile,
ドライバー ズ ライセンス 英語,ja,1,google_ja_jp,1,英語 ドライバー,generico,False,False,0,indefinito,3,0,non disponibile,non disponibile,non disponibile,
ドライバー ズ 英語,ja,1,google_ja_jp,1,英語 ドライバー,generico,False,False,0,indefinito,3,0,non disponibile,non disponibile,non disponibile,
ドライバー テクノロジーズ 人材 紹介,ja,1,google_ja_jp,1,ドライバー 紹介,acquisto_servizio,False,False,0,operatore,3,0,non disponibile,non disponibile,non disponibile,
ドライバー ビット 英語,ja,1,google_ja_jp,1,英語 ドライバー,generico,False,False,0,indefinito,3,0,non disponibile,non disponibile,non disponibile,
ドライバー ユニット 英語,ja,1,google_ja_jp,1,英語 ドライバー,generico,False,False,0,indefinito,3,0,non disponibile,non disponibile,non disponibile,
ドライバー ライセンス 英語,ja,1,google_ja_jp,1,英語 ドライバー,generico,False,False,0,indefinito,3,0,non disponibile,non disponibile,non disponibile,
ドライバー 不足 英語,ja,1,google_ja_jp,1,英語 ドライバー,generico,False,False,0,operatore,3,0,non disponibile,non disponibile,non disponibile,
ドライバー 人材 紹介,ja,1,google_ja_jp,1,ドライバー 紹介,acquisto_servizio,False,False,0,operatore,3,0,non disponibile,non disponibile,non disponibile,
ドライバー 人材 紹介 会社,ja,1,google_ja_jp,1,ドライバー 紹介,acquisto_servizio,False,False,0,operatore,3,0,non disponibile,non disponibile,non disponibile,
ドライバー 募集 英語,ja,1,google_ja_jp,1,英語 ドライバー,assunzione,False,False,0,autista,3,0,non disponibile,non disponibile,non disponibile,
ドライバー 和製 英語,ja,1,google_ja_jp,1,英語 ドライバー,generico,False,False,0,indefinito,3,0,non disponibile,non disponibile,non disponibile,
ドライバー 工具 英語 で,ja,1,google_ja_jp,1,英語 ドライバー,generico,False,False,0,indefinito,3,0,non disponibile,non disponibile,non disponibile,
ドライバー 求人 東京 35万円以上,ja,1,bing_ja-JP,1,ドライバー 紹介,assunzione,False,False,0,autista,3,0,non disponibile,non disponibile,non disponibile,
ドライバー 求人 紹介,ja,1,google_ja_jp,1,ドライバー 紹介,assunzione,False,False,0,operatore,3,0,non disponibile,non disponibile,non disponibile,
ドライバー 紹介 予定 派遣,ja,1,google_ja_jp,1,ドライバー 紹介,acquisto_servizio,True,False,0,operatore,3,0,non disponibile,non disponibile,non disponibile,
ドライバー 紹介 会社,ja,1,google_ja_jp,1,ドライバー 紹介,acquisto_servizio,False,False,0,operatore,3,0,non disponibile,non disponibile,non disponibile,
ドライバー 紹介 会社 ランキング,ja,1,google_ja_jp,1,ドライバー 紹介,acquisto_servizio,False,False,0,operatore,3,0,non disponibile,non disponibile,non disponibile,
ドライバー 紹介 制度,ja,1,google_ja_jp,1,ドライバー 紹介,acquisto_servizio,False,False,0,operatore,3,0,non disponibile,non disponibile,non disponibile,
ドライバー 紹介 料,ja,1,google_ja_jp,1,ドライバー 紹介,acquisto_servizio,False,False,0,operatore,3,0,non disponibile,non disponibile,non disponibile,
ドライバー 紹介予定派遣,ja,1,bing_ja-JP,1,ドライバー 紹介,acquisto_servizio,True,False,0,operatore,3,0,non disponibile,non disponibile,non disponibile,
ドライバー 英語 で,ja,1,google_ja_jp,1,英語 ドライバー,generico,False,False,0,indefinito,3,0,non disponibile,non disponibile,non disponibile,
ドライバー 英語 略,ja,1,google_ja_jp,1,英語 ドライバー,generico,False,False,0,indefinito,3,0,non disponibile,non disponibile,non disponibile,
ドライバー 英語 表記,ja,1,google_ja_jp,1,英語 ドライバー,generico,False,False,0,indefinito,3,0,non disponibile,non disponibile,non disponibile,
ドライバー 英語 運転,ja,1,google_ja_jp,1,英語 ドライバー,generico,False,False,0,indefinito,3,0,non disponibile,non disponibile,non disponibile,
ドライバー 運転 手 英語,ja,1,google_ja_jp,1,英語 ドライバー,generico,False,False,0,indefinito,3,0,non disponibile,non disponibile,non disponibile,
ドライバー#2,ja,1,bing_ja-JP,1,ドライバー 紹介,generico,False,False,0,indefinito,3,0,non disponibile,non disponibile,non disponibile,
ドライバー&ユーティリティ,ja,1,bing_ja-JP,1,ドライバー 紹介,generico,False,False,0,indefinito,3,0,non disponibile,non disponibile,non disponibile,
ドライバー/ソフトウェア,ja,1,bing_ja-JP,1,ドライバー 紹介,generico,False,False,0,indefinito,3,0,non disponibile,non disponibile,non disponibile,
ドライバー/ソフトウェア ダウンロード,ja,1,bing_ja-JP,1,ドライバー 紹介,generico,False,False,0,indefinito,3,0,non disponibile,non disponibile,non disponibile,
ドライバーさん 英語,ja,1,google_ja_jp,1,英語 ドライバー,generico,False,False,0,indefinito,3,0,non disponibile,non disponibile,non disponibile,
ドライバーに伝えてください 英語,ja,1,google_ja_jp,1,英語 ドライバー,generico,False,False,0,indefinito,3,0,non disponibile,non disponibile,non disponibile,
ドライバーに渡す 英語,ja,1,google_ja_jp,1,英語 ドライバー,generico,False,False,0,indefinito,3,0,non disponibile,non disponibile,non disponibile,
ドライバーを回す 英語,ja,1,google_ja_jp,1,英語 ドライバー,generico,False,False,0,indefinito,3,0,non disponibile,non disponibile,non disponibile,
ドライバーエース人材紹介,ja,1,bing_ja-JP,1,ドライバー 紹介,acquisto_servizio,False,False,0,operatore,3,0,non disponibile,non disponibile,non disponibile,
ドライバーセット 英語,ja,1,google_ja_jp,1,英語 ドライバー,generico,False,False,0,indefinito,3,0,non disponibile,non disponibile,non disponibile,
ドライバー・ソフトウェア,ja,1,bing_ja-JP,1,ドライバー 紹介,generico,False,False,0,indefinito,3,0,non disponibile,non disponibile,non disponibile,
ドライバー・ソフトウェアダウンロード,ja,1,bing_ja-JP,1,ドライバー 紹介,generico,False,False,0,indefinito,3,0,non disponibile,non disponibile,non disponibile,
ドライバー人材紹介,ja,1,bing_ja-JP,1,ドライバー 紹介,acquisto_servizio,False,False,0,operatore,3,0,non disponibile,non disponibile,non disponibile,
ドライバー付き レンタカー 英語,ja,1,google_ja_jp,1,英語 ドライバー,generico,False,False,0,indefinito,3,0,non disponibile,non disponibile,non disponibile,
ドライバー募集英語,ja,1,bing_ja-JP,1,英語 ドライバー,assunzione,False,False,0,autista,3,0,non disponibile,non disponibile,non disponibile,
ドライバー工具英語,ja,1,bing_ja-JP,1,英語 ドライバー,generico,False,False,0,indefinito,3,0,non disponibile,non disponibile,non disponibile,
ドライバー求人紹介,ja,1,bing_ja-JP,1,ドライバー 紹介,assunzione,False,False,0,operatore,3,0,non disponibile,non disponibile,non disponibile,
ドライバー紹介キャンペーン,ja,1,bing_ja-JP,1,ドライバー 紹介,acquisto_servizio,False,False,0,operatore,3,0,non disponibile,non disponibile,non disponibile,
ドライバー紹介制度,ja,1,bing_ja-JP,1,ドライバー 紹介,acquisto_servizio,False,False,0,operatore,3,0,non disponibile,non disponibile,non disponibile,
ドライバー英語工具,ja,1,bing_ja-JP,1,英語 ドライバー,generico,False,False,0,indefinito,3,0,non disponibile,non disponibile,non disponibile,
ドライバー英語求人,ja,1,bing_ja-JP,1,英語 ドライバー,assunzione,False,False,0,autista,3,0,non disponibile,non disponibile,non disponibile,
ドライブs.aj,ja,1,bing_ja-JP,1,ドライバー 紹介,generico,False,False,0,indefinito,3,0,non disponibile,non disponibile,non disponibile,
ドライヤー 人気 ランキング 安い,ja,1,bing_ja-JP,1,ハイヤー ドライバー,generico,False,False,0,indefinito,3,0,non disponibile,non disponibile,non disponibile,
ドライルーブ m-1,ja,1,bing_ja-JP,1,ドライバー 紹介,generico,False,False,0,indefinito,3,0,non disponibile,non disponibile,non disponibile,
ドリル ドライバー 英語,ja,1,google_ja_jp,1,英語 ドライバー,generico,False,False,0,indefinito,3,0,non disponibile,non disponibile,non disponibile,
ニュー ドライバー 紹介 割引,ja,1,google_ja_jp,1,ドライバー 紹介,acquisto_servizio,False,False,0,operatore,3,0,non disponibile,non disponibile,non disponibile,
ニュー ドライバー 紹介 料,ja,1,google_ja_jp,1,ドライバー 紹介,acquisto_servizio,False,False,0,operatore,3,0,non disponibile,non disponibile,non disponibile,
ハイパーt&t,ja,1,bing_ja-JP,1,ハイヤー ドライバー 紹介,generico,False,False,0,indefinito,3,0,non disponibile,non disponibile,non disponibile,
ハイマイヤー trv-d,ja,1,bing_ja-JP,1,ハイヤー ドライバー,generico,False,False,0,indefinito,3,0,non disponibile,non disponibile,non disponibile,
ハイヤー を 英語 で,ja,1,google_ja_jp,1,ハイヤー 英語,generico,False,False,0,indefinito,3,0,non disponibile,non disponibile,non disponibile,
ハイヤー を 英語 で 言う と,ja,1,google_ja_jp,1,ハイヤー 英語,generico,False,False,0,indefinito,3,0,non disponibile,non disponibile,non disponibile,
ハイヤー セルフ 英語 で,ja,1,google_ja_jp,1,ハイヤー 英語,generico,False,False,0,indefinito,3,0,non disponibile,non disponibile,non disponibile,
ハイヤー 掛け声 英語,ja,1,google_ja_jp,1,ハイヤー 英語,generico,False,False,0,indefinito,3,0,non disponibile,non disponibile,non disponibile,
ハイヤー 英語 で,ja,1,google_ja_jp,1,ハイヤー 英語,generico,False,False,0,indefinito,3,0,non disponibile,non disponibile,non disponibile,
ハイヤー 英語 では,ja,1,google_ja_jp,1,ハイヤー 英語,generico,False,False,0,indefinito,3,0,non disponibile,non disponibile,non disponibile,
ハイヤー 英語 スペル,ja,1,google_ja_jp,1,ハイヤー 英語,generico,False,False,0,indefinito,3,0,non disponibile,non disponibile,non disponibile,
ハイヤー 英語 意味,ja,1,google_ja_jp,1,ハイヤー 英語,informativo,False,False,0,indefinito,3,0,non disponibile,non disponibile,non disponibile,
ハイヤー 英語 挨拶,ja,1,google_ja_jp,1,ハイヤー 英語,generico,False,False,0,indefinito,3,0,non disponibile,non disponibile,non disponibile,
ハイヤー 英語 表記,ja,1,google_ja_jp,1,ハイヤー 英語,generico,False,False,0,indefinito,3,0,non disponibile,non disponibile,non disponibile,
ハイヤー 英語で,ja,1,bing_ja-JP,1,ハイヤー 英語,generico,False,False,0,indefinito,3,0,non disponibile,non disponibile,non disponibile,
ハイヤー 英語意味,ja,1,bing_ja-JP,1,ハイヤー 英語,informativo,False,False,0,indefinito,3,0,non disponibile,non disponibile,non disponibile,
ハイヤー 英語発音,ja,1,bing_ja-JP,1,ハイヤー 英語,generico,False,False,0,indefinito,3,0,non disponibile,non disponibile,non disponibile,
ハイヤー 英語翻訳,ja,1,bing_ja-JP,1,ハイヤー 英語,generico,False,False,0,indefinito,3,0,non disponibile,non disponibile,non disponibile,
ハイヤー 英語表現,ja,1,bing_ja-JP,1,ハイヤー 英語,generico,False,False,0,indefinito,3,0,non disponibile,non disponibile,non disponibile,
ハイヤー 英語表記,ja,1,bing_ja-JP,1,ハイヤー 英語,generico,False,False,0,indefinito,3,0,non disponibile,non disponibile,non disponibile,
ハイヤー 英語説明,ja,1,bing_ja-JP,1,ハイヤー 英語,generico,False,False,0,indefinito,3,0,non disponibile,non disponibile,non disponibile,
ハイヤーサービス 英語で,ja,1,google_ja_jp,1,ハイヤー 英語,generico,False,False,0,indefinito,3,0,non disponibile,non disponibile,non disponibile,
ハイヤーセルフ英語,ja,1,bing_ja-JP,1,ハイヤー 英語,generico,False,False,0,indefinito,3,0,non disponibile,non disponibile,non disponibile,
ハイヤー英語で,ja,1,bing_ja-JP,1,ハイヤー 英語,generico,False,False,0,indefinito,3,0,non disponibile,non disponibile,non disponibile,
ハイヤー英語意味,ja,1,bing_ja-JP,1,ハイヤー 英語,informativo,False,False,0,indefinito,3,0,non disponibile,non disponibile,non disponibile,
ハイヤー英語発音,ja,1,bing_ja-JP,1,ハイヤー 英語,generico,False,False,0,indefinito,3,0,non disponibile,non disponibile,non disponibile,
ハイヤー英語翻訳,ja,1,bing_ja-JP,1,ハイヤー 英語,generico,False,False,0,indefinito,3,0,non disponibile,non disponibile,non disponibile,
ハイヤー英語表現,ja,1,bing_ja-JP,1,ハイヤー 英語,generico,False,False,0,indefinito,3,0,non disponibile,non disponibile,non disponibile,
ハイヤー英語説明,ja,1,bing_ja-JP,1,ハイヤー 英語,generico,False,False,0,indefinito,3,0,non disponibile,non disponibile,non disponibile,
バイパーgts-r,ja,1,bing_ja-JP,1,ハイヤー ドライバー 紹介,generico,False,False,0,indefinito,3,0,non disponibile,non disponibile,non disponibile,
バイヤーズ.com,ja,1,bing_ja-JP,1,ハイヤー 求人,generico,False,False,0,indefinito,3,0,non disponibile,non disponibile,non disponibile,
バイヤーズ・ガイド,ja,1,bing_ja-JP,1,ハイヤー 英語,generico,False,False,0,indefinito,3,0,non disponibile,non disponibile,non disponibile,
バイ・プレイヤー 意味,ja,1,bing_ja-JP,1,ハイヤー 英語,informativo,False,False,0,indefinito,3,0,non disponibile,non disponibile,non disponibile,
バス ドライバー 紹介,ja,1,google_ja_jp,1,ドライバー 紹介,acquisto_servizio,False,False,0,operatore,3,0,non disponibile,non disponibile,non disponibile,
バス ドライバー 英語,ja,1,google_ja_jp,1,英語 ドライバー,generico,False,False,0,indefinito,3,0,non disponibile,non disponibile,non disponibile,
バス 二種免許いらない,ja,1,google_ja_jp,1,二種免許,generico,False,False,0,indefinito,3,0,non disponibile,non disponibile,non disponibile,
バス 二種免許費用,ja,1,google_ja_jp,1,二種免許,acquisto_servizio,False,False,0,autista,3,0,non disponibile,non disponibile,non disponibile,
バス 運転手 英語,ja,1,google_ja_jp,1,英語 運転手,generico,False,False,0,indefinito,3,0,non disponibile,non disponibile,non disponibile,
パイル ドライバー 英語,ja,1,google_ja_jp,1,英語 ドライバー,generico,False,False,0,indefinito,3,0,non disponibile,non disponibile,non disponibile,
パソコン c ドライブ d ドライブ使い分け,ja,1,bing_ja-JP,1,ドライバー 紹介,generico,False,False,0,indefinito,3,0,non disponibile,non disponibile,non disponibile,
パソコンの「ドライバー」って何,ja,1,bing_ja-JP,1,英語 ドライバー,generico,False,False,0,indefinito,3,0,non disponibile,non disponibile,non disponibile,
パナソニック ドライヤー 最新 いくら,ja,1,bing_ja-JP,1,ハイヤー ドライバー,generico,False,False,0,indefinito,3,0,non disponibile,non disponibile,non disponibile,
パナソニック ドライヤー 比較 価格,ja,1,bing_ja-JP,1,ハイヤー ドライバー,acquisto_servizio,False,False,0,indefinito,3,0,non disponibile,non disponibile,non disponibile,
ブラザー ql-700 ドライバー,ja,1,bing_ja-JP,1,ドライバー 紹介,generico,False,False,0,indefinito,3,0,non disponibile,non disponibile,non disponibile,
プラス ドライバー 英語,ja,1,google_ja_jp,1,英語 ドライバー,generico,False,False,0,indefinito,3,0,non disponibile,non disponibile,non disponibile,
プラス ドライバー 英語 で,ja,1,google_ja_jp,1,英語 ドライバー,generico,False,False,0,indefinito,3,0,non disponibile,non disponibile,non disponibile,
プラス ドライバー 英語 なぜ,ja,1,google_ja_jp,1,英語 ドライバー,generico,False,False,0,indefinito,3,0,non disponibile,non disponibile,non disponibile,
プラス マイナス ドライバー 英語,ja,1,google_ja_jp,1,英語 ドライバー,generico,False,False,0,indefinito,3,0,non disponibile,non disponibile,non disponibile,
プラスドライバー英語,ja,1,bing_ja-JP,1,英語 ドライバー,generico,False,False,0,indefinito,3,0,non disponibile,non disponibile,non disponibile,
プリンター ドライバー 英語,ja,1,google_ja_jp,1,英語 ドライバー,generico,False,False,0,indefinito,3,0,non disponibile,non disponibile,non disponibile,
プリンター ドライバー 英語 に なる,ja,1,google_ja_jp,1,英語 ドライバー,generico,False,False,0,indefinito,3,0,non disponibile,non disponibile,non disponibile,
プロ ドライバー 英語,ja,1,google_ja_jp,1,英語 ドライバー,generico,False,False,0,indefinito,3,0,non disponibile,non disponibile,non disponibile,
ベイビー ドライバー 英語,ja,1,google_ja_jp,1,英語 ドライバー,generico,False,False,0,indefinito,3,0,non disponibile,non disponibile,non disponibile,
ベテラン ドライバー 英語,ja,1,google_ja_jp,1,英語 ドライバー,generico,False,False,0,indefinito,3,0,non disponibile,non disponibile,non disponibile,
ペーパー ドライバー 英語,ja,1,google_ja_jp,1,英語 ドライバー,generico,False,False,0,indefinito,3,0,non disponibile,non disponibile,non disponibile,
ペーパー ドライバー 英語 で,ja,1,google_ja_jp,1,英語 ドライバー,generico,False,False,0,indefinito,3,0,non disponibile,non disponibile,non disponibile,
ペーパードライバー英語,ja,1,bing_ja-JP,1,英語 ドライバー,generico,False,False,0,indefinito,3,0,non disponibile,non disponibile,non disponibile,
ボックス ドライバー 英語,ja,1,google_ja_jp,1,英語 ドライバー,generico,False,False,0,indefinito,3,0,non disponibile,non disponibile,non disponibile,
マイクロバス 二種免許いる,ja,1,google_ja_jp,1,二種免許,generico,False,False,0,indefinito,3,0,non disponibile,non disponibile,non disponibile,
マイクロバス 二種免許は必要か,ja,1,google_ja_jp,1,二種免許,generico,False,False,0,indefinito,3,0,non disponibile,non disponibile,non disponibile,
マイクロバス 二種免許必要か,ja,1,google_ja_jp,1,二種免許,generico,False,False,0,indefinito,3,0,non disponibile,non disponibile,non disponibile,
マイナス ドライバー 英語,ja,1,google_ja_jp,1,英語 ドライバー,generico,False,False,0,indefinito,3,0,non disponibile,non disponibile,non disponibile,
マイナス ドライバー 英語 で,ja,1,google_ja_jp,1,英語 ドライバー,generico,False,False,0,indefinito,3,0,non disponibile,non disponibile,non disponibile,
マイナス ドライバー 英語 工具,ja,1,google_ja_jp,1,英語 ドライバー,generico,False,False,0,indefinito,3,0,non disponibile,non disponibile,non disponibile,
マイナスドライバー英語,ja,1,bing_ja-JP,1,英語 ドライバー,generico,False,False,0,indefinito,3,0,non disponibile,non disponibile,non disponibile,
マス ドライバー 英語,ja,1,google_ja_jp,1,英語 ドライバー,generico,False,False,0,indefinito,3,0,non disponibile,non disponibile,non disponibile,
メニュー ドライバー 紹介,ja,1,google_ja_jp,1,ドライバー 紹介,acquisto_servizio,False,False,0,operatore,3,0,non disponibile,non disponibile,non disponibile,
モーター ドライバー 英語,ja,1,google_ja_jp,1,英語 ドライバー,generico,False,False,0,indefinito,3,0,non disponibile,non disponibile,non disponibile,
ヤマト 運輸 ドライバー 紹介,ja,1,google_ja_jp,1,ドライバー 紹介,acquisto_servizio,False,False,0,operatore,3,0,non disponibile,non disponibile,non disponibile,
ライドシェア ドライバー 募集 東京,ja,1,bing_ja-JP,1,ドライバー 紹介,assunzione,False,False,0,autista,3,0,non disponibile,non disponibile,non disponibile,
ラチェット ドライバー 英語,ja,1,google_ja_jp,1,英語 ドライバー,generico,False,False,0,indefinito,3,0,non disponibile,non disponibile,non disponibile,
ラリー ドライバー 英語,ja,1,google_ja_jp,1,英語 ドライバー,generico,False,False,0,indefinito,3,0,non disponibile,non disponibile,non disponibile,
リザーブ ドライバー 英語,ja,1,google_ja_jp,1,英語 ドライバー,generico,False,False,0,indefinito,3,0,non disponibile,non disponibile,non disponibile,
リ・ドライバーズ東京,ja,1,bing_ja-JP,1,ドライバー 紹介,generico,False,False,0,indefinito,3,0,non disponibile,non disponibile,non disponibile,
レーシング ドライバー 英語,ja,1,google_ja_jp,1,英語 ドライバー,generico,False,False,0,indefinito,3,0,non disponibile,non disponibile,non disponibile,
レース ドライバー 英語,ja,1,google_ja_jp,1,英語 ドライバー,generico,False,False,0,indefinito,3,0,non disponibile,non disponibile,non disponibile,
ロケット ナウ ドライバー 紹介 コード,ja,1,google_ja_jp,1,ドライバー 紹介,acquisto_servizio,False,False,0,operatore,3,0,non disponibile,non disponibile,non disponibile,
ロケットなう ドライバー 紹介,ja,1,google_ja_jp,1,ドライバー 紹介,acquisto_servizio,False,False,0,operatore,3,0,non disponibile,non disponibile,non disponibile,
ロケットナウドライバー紹介料,ja,1,google_ja_jp,1,ドライバー 紹介,acquisto_servizio,False,False,0,operatore,3,0,non disponibile,non disponibile,non disponibile,
三菱 plc q シリーズ usb ドライバ,ja,1,bing_ja-JP,1,ドライバー 紹介,generico,False,False,0,indefinito,3,0,non disponibile,non disponibile,non disponibile,
中国語 北京語 広東語 上海語 台湾語,ja,1,bing_ja-JP,1,多言語 ドライバー 東京,generico,False,False,0,indefinito,3,0,non disponibile,non disponibile,non disponibile,
中国語 外国語 対訳辞書 明 清,ja,1,bing_ja-JP,1,外国語 ドライバー,generico,False,False,0,indefinito,3,0,non disponibile,non disponibile,non disponibile,
中国語 広東語 北京語 上海語,ja,1,bing_ja-JP,1,多言語 ドライバー 東京,generico,False,False,0,indefinito,3,0,non disponibile,non disponibile,non disponibile,
中国語 広東語 北京語 台湾語,ja,1,bing_ja-JP,1,多言語 ドライバー 東京,generico,False,False,0,indefinito,3,0,non disponibile,non disponibile,non disponibile,
中国語 日本語 翻訳 google,ja,1,bing_ja-JP,1,外国語 ドライバー,generico,False,False,0,indefinito,3,0,non disponibile,non disponibile,non disponibile,
中国語 翻訳 おすすめ サイト,ja,1,bing_ja-JP,1,外国語 ドライバー,generico,False,False,0,indefinito,3,0,non disponibile,non disponibile,non disponibile,
中国語 翻訳ソフト 無料 ダウンロード,ja,1,bing_ja-JP,1,外国語 ドライバー,generico,False,False,0,indefinito,3,0,non disponibile,non disponibile,non disponibile,
中国語 言語パック ダウンロード windows10,ja,1,bing_ja-JP,1,多言語 ドライバー,generico,False,False,0,indefinito,3,0,non disponibile,non disponibile,non disponibile,
中国語 言語パック ダウンロード windows11,ja,1,bing_ja-JP,1,多言語 ドライバー,generico,False,False,0,indefinito,3,0,non disponibile,non disponibile,non disponibile,
中国語の「了」に対応する日本語表現,ja,1,bing_ja-JP,1,外国語 ドライバー 不足,generico,False,False,0,indefinito,3,0,non disponibile,non disponibile,non disponibile,
中型 二種免許 東京,ja,1,google_ja_jp,1,二種免許,generico,False,False,0,indefinito,3,0,non disponibile,non disponibile,non disponibile,
中型二種免許東京,ja,1,bing_ja-JP,1,二種免許,generico,False,False,0,indefinito,3,0,non disponibile,non disponibile,non disponibile,
中型免許 1 種と 2 種の違い,ja,1,bing_ja-JP,1,二種免許 英語,informativo,False,False,0,indefinito,3,0,non disponibile,non disponibile,non disponibile,
中型自動車免許 1 種 2 種違い,ja,1,bing_ja-JP,1,二種免許 英語,informativo,False,False,0,indefinito,3,0,non disponibile,non disponibile,non disponibile,
中学校 2 種免許から 1 種免許をとる,ja,1,bing_ja-JP,1,二種免許 英語,generico,False,False,0,indefinito,3,0,non disponibile,non disponibile,non disponibile,
中学校 英語 二種免許,ja,1,google_ja_jp,1,二種免許 英語,generico,False,False,0,indefinito,3,0,non disponibile,non disponibile,non disponibile,
中学校 英語 二種免許 通信,ja,1,google_ja_jp,1,二種免許 英語,generico,False,False,0,indefinito,3,0,non disponibile,non disponibile,non disponibile,
中学校・高等学校教諭一種免許状 国語,ja,1,bing_ja-JP,1,二種免許,generico,False,False,0,indefinito,3,0,non disponibile,non disponibile,non disponibile,
二種免許 トラック,ja,1,bing_ja-JP,1,二種免許,generico,False,False,0,indefinito,3,0,non disponibile,non disponibile,non disponibile,
二種免許 マイクロバス,ja,1,bing_ja-JP,1,二種免許,generico,False,False,0,indefinito,3,0,non disponibile,non disponibile,non disponibile,
二種免許 中型,ja,1,google_ja_jp,1,二種免許,generico,False,False,0,indefinito,3,0,non disponibile,non disponibile,non disponibile,
二種免許 中型 違い,ja,1,google_ja_jp,1,二種免許,informativo,False,False,0,indefinito,3,0,non disponibile,non disponibile,non disponibile,
二種免許 幼稚園,ja,1,bing_ja-JP,1,二種免許,generico,False,False,0,indefinito,3,0,non disponibile,non disponibile,non disponibile,
二種免許 幼稚園バス,ja,1,google_ja_jp,1,二種免許,generico,False,False,0,indefinito,3,0,non disponibile,non disponibile,non disponibile,
二種免許 養護教諭,ja,1,bing_ja-JP,1,二種免許,generico,False,False,0,indefinito,3,0,non disponibile,non disponibile,non disponibile,
二種免許とは 教員,ja,1,google_ja_jp,1,二種免許,informativo,False,False,0,indefinito,3,0,non disponibile,non disponibile,non disponibile,
二種免許大型,ja,1,google_ja_jp,1,二種免許,generico,False,False,0,indefinito,3,0,non disponibile,non disponibile,non disponibile,
京都 インバウンド 動画 ユーチューブ,ja,1,bing_ja-JP,1,インバウンド ドライバー,generico,False,False,0,indefinito,3,0,non disponibile,non disponibile,non disponibile,
人材紹介ドライバー,ja,1,bing_ja-JP,1,ドライバー 紹介,acquisto_servizio,False,False,0,operatore,3,0,non disponibile,non disponibile,non disponibile,
佐川 急便 ドライバー 紹介,ja,1,google_ja_jp,1,ドライバー 紹介,acquisto_servizio,False,False,0,operatore,3,0,non disponibile,non disponibile,non disponibile,
優良 ドライバー 英語,ja,1,google_ja_jp,1,英語 ドライバー,generico,False,False,0,indefinito,3,0,non disponibile,non disponibile,non disponibile,
免許 外国人 切り替え 試験場は3つ,ja,1,bing_ja-JP,1,二種免許 外国人,informativo,False,False,0,autista,3,0,non disponibile,non disponibile,non disponibile,
免許更新 海外 期限切れ 東京,ja,1,bing_ja-JP,1,二種免許 外国人,generico,False,False,0,indefinito,3,0,non disponibile,non disponibile,non disponibile,
免許申請 e-gov,ja,1,bing_ja-JP,1,二種免許 英語,generico,False,False,0,indefinito,3,0,non disponibile,non disponibile,non disponibile,
公務員 兼業 q&a,ja,1,bing_ja-JP,1,乗務員 兼業,generico,False,False,0,autista,3,0,non disponibile,non disponibile,non disponibile,
六角 ドライバー 英語,ja,1,google_ja_jp,1,英語 ドライバー,generico,False,False,0,indefinito,3,0,non disponibile,non disponibile,non disponibile,
内閣府 運転業務 委託,ja,1,google_ja_jp,1,運転業務 委託,generico,False,False,0,operatore,3,0,non disponibile,non disponibile,non disponibile,
出前 館 ドライバー 紹介,ja,1,google_ja_jp,1,ドライバー 紹介,acquisto_servizio,False,False,0,operatore,3,0,non disponibile,non disponibile,non disponibile,
出前 館 ドライバー 紹介 キャンペーン,ja,1,google_ja_jp,1,ドライバー 紹介,acquisto_servizio,False,False,0,operatore,3,0,non disponibile,non disponibile,non disponibile,
出前 館 ドライバー 紹介 コード,ja,1,google_ja_jp,1,ドライバー 紹介,acquisto_servizio,False,False,0,operatore,3,0,non disponibile,non disponibile,non disponibile,
出前 館 ドライバー 紹介 料,ja,1,google_ja_jp,1,ドライバー 紹介,acquisto_servizio,False,False,0,operatore,3,0,non disponibile,non disponibile,non disponibile,
出前館 ドライバー 紹介,ja,1,google_ja_jp,1,ドライバー 紹介,acquisto_servizio,False,False,0,operatore,3,0,non disponibile,non disponibile,non disponibile,
列車 運転手 英語,ja,1,google_ja_jp,1,英語 運転手,generico,False,False,0,indefinito,3,0,non disponibile,non disponibile,non disponibile,
初心者 ドライバー 英語,ja,1,google_ja_jp,1,英語 ドライバー,generico,False,False,0,indefinito,3,0,non disponibile,non disponibile,non disponibile,
十字 ドライバー 英語,ja,1,google_ja_jp,1,英語 ドライバー,generico,False,False,0,indefinito,3,0,non disponibile,non disponibile,non disponibile,
千葉市 ドライバー 求人 正社員,ja,1,bing_ja-JP,1,ドライバー 紹介,assunzione,False,False,0,autista,3,0,non disponibile,non disponibile,non disponibile,
千葉県 求人 正社員 ドライバー,ja,1,bing_ja-JP,1,ドライバー 紹介,assunzione,False,False,0,autista,3,0,non disponibile,non disponibile,non disponibile,
回れ スクリュー ドライバー 英語,ja,1,google_ja_jp,1,英語 ドライバー,generico,False,False,0,indefinito,3,0,non disponibile,non disponibile,non disponibile,
外国 人 ドライバー 紹介,ja,1,google_ja_jp,1,ドライバー 紹介,acquisto_servizio,False,False,0,operatore,3,0,non disponibile,non disponibile,non disponibile,
外国人 免許 日本で運転 翻訳,ja,1,bing_ja-JP,1,二種免許 外国人,generico,False,False,0,indefinito,3,0,non disponibile,non disponibile,non disponibile,
外国人 接待 レストラン 東京,ja,1,bing_ja-JP,1,外国人 送迎,generico,False,False,0,indefinito,3,0,non disponibile,non disponibile,non disponibile,
外国人 求人 日本語不要 東京,ja,1,bing_ja-JP,1,外国語 ドライバー 不足,assunzione,False,False,0,autista,3,0,non disponibile,non disponibile,non disponibile,
外国人 観光案内 バイト 東京,ja,1,bing_ja-JP,1,外国人 送迎,generico,False,False,0,turista,3,0,non disponibile,non disponibile,non disponibile,
外国人 運転免許 切り替え ニュース,ja,1,bing_ja-JP,1,二種免許 外国人,generico,False,False,0,indefinito,3,0,non disponibile,non disponibile,non disponibile,
外国人 運転免許 切り替え 必要書類,ja,1,bing_ja-JP,1,二種免許 外国人,generico,False,False,0,indefinito,3,0,non disponibile,non disponibile,non disponibile,
外国人 運転免許 切り替え 試験,ja,1,bing_ja-JP,1,二種免許 外国人,informativo,False,False,0,autista,3,0,non disponibile,non disponibile,non disponibile,
外国人 運転免許 切り替え 試験 大阪,ja,1,bing_ja-JP,1,二種免許 外国人,informativo,False,False,0,autista,3,0,non disponibile,non disponibile,non disponibile,
外国人 運転免許 切り替え 試験問題,ja,1,bing_ja-JP,1,二種免許 外国人,informativo,False,False,0,autista,3,0,non disponibile,non disponibile,non disponibile,
外国人 運転免許 切り替え 試験問題 英語,ja,1,bing_ja-JP,1,二種免許 外国人,informativo,False,False,0,autista,3,0,non disponibile,non disponibile,non disponibile,
外国人 運転免許 切り替え 試験問題集,ja,1,bing_ja-JP,1,二種免許 外国人,informativo,False,False,0,autista,3,0,non disponibile,non disponibile,non disponibile,
外国人 運転免許試験問題 中国語 pdf,ja,1,bing_ja-JP,1,二種免許 外国人,informativo,False,False,0,autista,3,0,non disponibile,non disponibile,non disponibile,
外国人 運転免許試験問題 英語 pdf,ja,1,bing_ja-JP,1,二種免許 外国人,informativo,False,False,0,autista,3,0,non disponibile,non disponibile,non disponibile,
外国人向け 日本語教室 無料 東京,ja,1,bing_ja-JP,1,外国語 ドライバー,generico,False,False,0,indefinito,3,0,non disponibile,non disponibile,non disponibile,
外国人技能実習生 1 号と 2 号の違い,ja,1,bing_ja-JP,1,二種免許 外国人,informativo,False,False,0,indefinito,3,0,non disponibile,non disponibile,non disponibile,
外国人技能実習生 1号 2号 3号 違い,ja,1,bing_ja-JP,1,二種免許 外国人,informativo,False,False,0,indefinito,3,0,non disponibile,non disponibile,non disponibile,
外国人活躍中・留学生歓迎のホテル求人,ja,1,bing_ja-JP,1,外国人 送迎,assunzione,False,False,0,autista,3,0,non disponibile,non disponibile,non disponibile,
外国免許 10問 テスト 英語,ja,1,bing_ja-JP,1,二種免許 外国人,generico,False,False,0,indefinito,3,0,non disponibile,non disponibile,non disponibile,
外国免許 切り替え 試験 内容,ja,1,bing_ja-JP,1,二種免許 外国人,informativo,False,False,0,autista,3,0,non disponibile,non disponibile,non disponibile,
外国免許 切替 書類審査 難しい,ja,1,bing_ja-JP,1,二種免許 外国人,generico,False,False,0,indefinito,3,0,non disponibile,non disponibile,non disponibile,
多言語 uni-voice,ja,1,bing_ja-JP,1,多言語 ドライバー 東京,generico,False,False,0,indefinito,3,0,non disponibile,non disponibile,non disponibile,
大型 タクシー 英語,ja,1,google_ja_jp,1,英語 タクシー,generico,False,False,0,indefinito,3,0,non disponibile,non disponibile,non disponibile,
大型 トラック ドライバー 英語,ja,1,google_ja_jp,1,英語 ドライバー,generico,False,False,0,indefinito,3,0,non disponibile,non disponibile,non disponibile,
大型 ドライバー 英語,ja,1,google_ja_jp,1,英語 ドライバー,generico,False,False,0,indefinito,3,0,non disponibile,non disponibile,non disponibile,
大型 長距離 ドライバー 求人,ja,1,bing_ja-JP,1,ドライバー 紹介,assunzione,False,False,0,autista,3,0,non disponibile,non disponibile,non disponibile,
大型二種免許 x,ja,1,bing_ja-JP,1,二種免許,generico,False,False,0,indefinito,3,0,non disponibile,non disponibile,non disponibile,
大型二種免許 一発試験 合格 方法,ja,1,bing_ja-JP,1,二種免許,informativo,False,False,0,autista,3,0,non disponibile,non disponibile,non disponibile,
大型二種免許外国人,ja,1,bing_ja-JP,1,二種免許 外国人,generico,False,False,0,indefinito,3,0,non disponibile,non disponibile,non disponibile,
大型二種免許大型一種免許 x,ja,1,bing_ja-JP,1,二種免許,generico,False,False,0,indefinito,3,0,non disponibile,non disponibile,non disponibile,
大型二種免許教習所料金,ja,1,bing_ja-JP,1,二種免許,acquisto_servizio,False,False,0,autista,3,0,non disponibile,non disponibile,non disponibile,
大型二種免許教習所東京,ja,1,bing_ja-JP,1,二種免許,informativo,False,False,0,autista,3,0,non disponibile,non disponibile,non disponibile,
大型二種免許料金,ja,1,bing_ja-JP,1,二種免許,acquisto_servizio,False,False,0,turista,3,0,non disponibile,non disponibile,non disponibile,
大型二種免許東京,ja,1,bing_ja-JP,1,二種免許,generico,False,False,0,indefinito,3,0,non disponibile,non disponibile,non disponibile,
大型二種免許求人九州,ja,1,bing_ja-JP,1,二種免許,assunzione,False,False,0,autista,3,0,non disponibile,non disponibile,non disponibile,
大型二種合宿免許料金,ja,1,bing_ja-JP,1,二種免許,acquisto_servizio,False,False,0,turista,3,0,non disponibile,non disponibile,non disponibile,
大型免許 1 種と 2 種の違い,ja,1,bing_ja-JP,1,二種免許 英語,informativo,False,False,0,indefinito,3,0,non disponibile,non disponibile,non disponibile,
大型特殊免許 1 種 2 種違い,ja,1,bing_ja-JP,1,二種免許 外国人,informativo,False,False,0,indefinito,3,0,non disponibile,non disponibile,non disponibile,
大型特殊免許 一種 二種 違い,ja,1,bing_ja-JP,1,二種免許 外国人,informativo,False,False,0,indefinito,3,0,non disponibile,non disponibile,non disponibile,
大型自動車免許 1 種 2 種免許証,ja,1,bing_ja-JP,1,二種免許,generico,False,False,0,indefinito,3,0,non disponibile,non disponibile,non disponibile,
大型自動車免許 一種 二種 違い,ja,1,bing_ja-JP,1,二種免許 外国人,informativo,False,False,0,indefinito,3,0,non disponibile,non disponibile,non disponibile,
大阪 派遣 トラック運転手 ドライバー 求人,ja,1,bing_ja-JP,1,ドライバー 紹介,assunzione,True,False,0,operatore,3,0,non disponibile,non disponibile,non disponibile,
女性 ドライバー 英語,ja,1,google_ja_jp,1,英語 ドライバー,generico,False,False,0,indefinito,3,0,non disponibile,non disponibile,non disponibile,
子域名z.vip,ja,1,bing_ja-JP,1,VIP 送迎,generico,False,False,0,indefinito,3,0,non disponibile,non disponibile,non disponibile,
宅配 ドライバー 英語,ja,1,google_ja_jp,1,英語 ドライバー,generico,False,False,0,indefinito,3,0,non disponibile,non disponibile,non disponibile,
富士通 lifebook u series ドライバー,ja,1,bing_ja-JP,1,ドライバー 紹介,acquisto_servizio,False,False,0,indefinito,3,0,non disponibile,non disponibile,non disponibile,
専属 ドライバー 英語,ja,1,google_ja_jp,1,英語 ドライバー,generico,False,False,0,indefinito,3,0,non disponibile,non disponibile,non disponibile,
小学校 2 種免許から 1 種免許,ja,1,bing_ja-JP,1,二種免許 英語,generico,False,False,0,indefinito,3,0,non disponibile,non disponibile,non disponibile,
小学校 二種免許から一種免許,ja,1,google_ja_jp,1,二種免許,generico,False,False,0,indefinito,3,0,non disponibile,non disponibile,non disponibile,
小学校免許 1 種と 2 種の違い,ja,1,bing_ja-JP,1,二種免許 英語,informativo,False,False,0,indefinito,3,0,non disponibile,non disponibile,non disponibile,
小学校教諭 二種免許通信,ja,1,google_ja_jp,1,二種免許,generico,False,False,0,indefinito,3,0,non disponibile,non disponibile,non disponibile,
局外人 l'etranger,ja,1,bing_ja-JP,1,外国人 送迎,generico,False,False,0,indefinito,3,0,non disponibile,non disponibile,non disponibile,
工具 の ドライバー 英語,ja,1,google_ja_jp,1,英語 ドライバー,generico,False,False,0,indefinito,3,0,non disponibile,non disponibile,non disponibile,
平成 29 年 3 月以降に普通免許を取得した人は 2t 車,ja,1,bing_ja-JP,1,二種免許 外国人,informativo,False,False,0,autista,3,0,non disponibile,non disponibile,non disponibile,
幼稚園 二種免許更新,ja,1,google_ja_jp,1,二種免許,generico,False,False,0,indefinito,3,0,non disponibile,non disponibile,non disponibile,
幼稚園免許 1 種 2 種違い,ja,1,bing_ja-JP,1,二種免許 英語,informativo,False,False,0,indefinito,3,0,non disponibile,non disponibile,non disponibile,
幼稚園教諭 二種免許更新,ja,1,google_ja_jp,1,二種免許,generico,False,False,0,indefinito,3,0,non disponibile,non disponibile,non disponibile,
幼稚園教諭 二種免許更新忘れ,ja,1,google_ja_jp,1,二種免許,generico,False,False,0,indefinito,3,0,non disponibile,non disponibile,non disponibile,
成長 ドライバー 英語,ja,1,google_ja_jp,1,英語 ドライバー,generico,False,False,0,indefinito,3,0,non disponibile,non disponibile,non disponibile,
手動運転英語,ja,1,bing_ja-JP,1,英語 運転手,generico,False,False,0,indefinito,3,0,non disponibile,non disponibile,non disponibile,
技能実習在留資格を有する外国人材が就労する分野・業種と国籍,ja,1,bing_ja-JP,1,二種免許 外国人,generico,False,False,0,operatore,3,0,non disponibile,non disponibile,non disponibile,
技術・人文知識・国際業務 ドライバー,ja,1,bing_ja-JP,1,外国語 ドライバー,generico,False,False,0,indefinito,3,0,non disponibile,non disponibile,non disponibile,
担当ドライバー・担当直営店検索,ja,1,bing_ja-JP,1,ドライバー 紹介,generico,False,False,0,indefinito,3,0,non disponibile,non disponibile,non disponibile,
教員免許状 英語と外国語 英語 の違い,ja,1,bing_ja-JP,1,二種免許 外国人,informativo,False,False,0,indefinito,3,0,non disponibile,non disponibile,non disponibile,
新幹線 運転手 英語,ja,1,google_ja_jp,1,英語 運転手,generico,False,False,0,indefinito,3,0,non disponibile,non disponibile,non disponibile,
新語・流行語から探る中国,ja,1,bing_ja-JP,1,多言語 ドライバー,generico,False,False,0,indefinito,3,0,non disponibile,non disponibile,non disponibile,
日本 交通 英語 ドライバー,ja,1,google_ja_jp,1,英語 ドライバー,generico,False,False,0,indefinito,3,0,non disponibile,non disponibile,non disponibile,
日本の大学生が「中国語」として習う言語,ja,1,bing_ja-JP,1,多言語 ドライバー,generico,False,False,0,indefinito,3,0,non disponibile,non disponibile,non disponibile,
日本語 オンライン 講師 募集,ja,1,bing_ja-JP,1,外国語 ドライバー,assunzione,False,False,0,autista,3,0,non disponibile,non disponibile,non disponibile,
日本語教師 オンライン 求人 海外,ja,1,bing_ja-JP,1,外国語 ドライバー,assunzione,False,False,0,autista,3,0,non disponibile,non disponibile,non disponibile,
普通 自動車 免許 一種 二 種 違い,ja,1,bing_ja-JP,1,二種免許 英語,informativo,False,False,0,indefinito,3,0,non disponibile,non disponibile,non disponibile,
普通二輪免許 最安 通い 東京,ja,1,bing_ja-JP,1,二種免許 外国人,generico,False,False,0,indefinito,3,0,non disponibile,non disponibile,non disponibile,
普通運転免許証 1 種 2 種,ja,1,bing_ja-JP,1,二種免許,generico,False,False,0,indefinito,3,0,non disponibile,non disponibile,non disponibile,
東京までの電車は速いです。 英語,ja,1,bing_ja-JP,1,英語 運転手,generico,False,False,0,indefinito,3,0,non disponibile,non disponibile,non disponibile,
株式会社 tokyo vip collection,ja,1,bing_ja-JP,1,VIP 送迎,generico,False,False,0,operatore,3,0,non disponibile,non disponibile,non disponibile,
株式会社 vip transport enterprise,ja,1,bing_ja-JP,1,VIP 送迎,generico,False,False,0,operatore,3,0,non disponibile,non disponibile,non disponibile,
株式会社d-drive,ja,1,bing_ja-JP,1,ドライバー 紹介,generico,False,False,0,operatore,3,0,non disponibile,non disponibile,non disponibile,
株式会社トライグループ 東京本社 千代田区飯田橋 マイナビバイト,ja,1,bing_ja-JP,1,ドライバー 紹介,generico,False,False,0,operatore,3,0,non disponibile,non disponibile,non disponibile,
株式会社トライ・オート,ja,1,bing_ja-JP,1,ドライバー 紹介,generico,False,False,0,operatore,3,0,non disponibile,non disponibile,non disponibile,
株式会社バイヤーズ・ガイド,ja,1,bing_ja-JP,1,ハイヤー 求人,generico,False,False,0,operatore,3,0,non disponibile,non disponibile,non disponibile,
海外 運転免許 日本 切り替え,ja,1,bing_ja-JP,1,二種免許 外国人,generico,False,False,0,indefinito,3,0,non disponibile,non disponibile,non disponibile,
特定 技能 ドライバー 紹介,ja,1,google_ja_jp,1,ドライバー 紹介,acquisto_servizio,False,False,0,operatore,3,0,non disponibile,non disponibile,non disponibile,
百度 日本語 中国語 翻訳 無料,ja,1,bing_ja-JP,1,外国語 ドライバー,generico,False,False,0,indefinito,3,0,non disponibile,non disponibile,non disponibile,
神奈川 土日休み 大型ドライバー 求人,ja,1,bing_ja-JP,1,登録ドライバー ハイヤー,assunzione,False,False,0,autista,3,0,non disponibile,non disponibile,non disponibile,
第一種免許 第二種免許 違い 教員,ja,1,bing_ja-JP,1,二種免許 英語,informativo,False,False,0,indefinito,3,0,non disponibile,non disponibile,non disponibile,
精密 ドライバー 英語,ja,1,google_ja_jp,1,英語 ドライバー,generico,False,False,0,indefinito,3,0,non disponibile,non disponibile,non disponibile,
精密 ドライバー 英語 で,ja,1,google_ja_jp,1,英語 ドライバー,generico,False,False,0,indefinito,3,0,non disponibile,non disponibile,non disponibile,
精密ドライバー #1,ja,1,bing_ja-JP,1,ドライバー 紹介,generico,False,False,0,indefinito,3,0,non disponibile,non disponibile,non disponibile,
精密ドライバー +00,ja,1,bing_ja-JP,1,ドライバー 紹介,generico,False,False,0,indefinito,3,0,non disponibile,non disponibile,non disponibile,
精密ドライバー+,ja,1,bing_ja-JP,1,ドライバー 紹介,generico,False,False,0,indefinito,3,0,non disponibile,non disponibile,non disponibile,
精密ドライバー英語,ja,1,bing_ja-JP,1,英語 ドライバー,generico,False,False,0,indefinito,3,0,non disponibile,non disponibile,non disponibile,
絶縁 ドライバー 英語,ja,1,google_ja_jp,1,英語 ドライバー,generico,False,False,0,indefinito,3,0,non disponibile,non disponibile,non disponibile,
群馬県高崎市 求人 有限会社 ドライバー,ja,1,bing_ja-JP,1,ドライバー 紹介,assunzione,False,False,0,operatore,3,0,non disponibile,non disponibile,non disponibile,
翻訳 google 中国語 英語,ja,1,bing_ja-JP,1,英語 ドライバー,generico,False,False,0,indefinito,3,0,non disponibile,non disponibile,non disponibile,
翻訳 google 無料 日本語から 中国語,ja,1,bing_ja-JP,1,外国語 ドライバー,generico,False,False,0,indefinito,3,0,non disponibile,non disponibile,non disponibile,
自動車免許 1種 2種 見分け方,ja,1,bing_ja-JP,1,二種免許,generico,False,False,0,indefinito,3,0,non disponibile,non disponibile,non disponibile,
自転車」を意味する英単語,ja,1,bing_ja-JP,1,英語 運転手,informativo,False,False,0,indefinito,3,0,non disponibile,non disponibile,non disponibile,
英語 が 話せる ドライバー,ja,1,google_ja_jp,1,英語 ドライバー,generico,False,False,0,indefinito,3,0,non disponibile,non disponibile,non disponibile,
英語 ドライバー 工具,ja,1,google_ja_jp,1,英語 ドライバー,generico,False,False,0,indefinito,3,0,non disponibile,non disponibile,non disponibile,
英語 ドライバーの先端のネジ,ja,1,bing_ja-JP,1,英語 ドライバー,generico,False,False,0,indefinito,3,0,non disponibile,non disponibile,non disponibile,
英語 話せるように なるには 知恵袋,ja,1,bing_ja-JP,1,英語が話せる 運転手,informativo,False,False,0,autista,3,0,non disponibile,non disponibile,non disponibile,
英語ドライバー募集 六本木,ja,1,bing_ja-JP,1,英語 ドライバー,assunzione,False,False,0,autista,3,0,non disponibile,non disponibile,non disponibile,
認証ライバー さちsmile🌹🍀🌈,ja,1,bing_ja-JP,1,登録ドライバー ハイヤー,generico,False,False,0,indefinito,3,0,non disponibile,non disponibile,non disponibile,
貫通 ドライバー 英語,ja,1,google_ja_jp,1,英語 ドライバー,generico,False,False,0,indefinito,3,0,non disponibile,non disponibile,non disponibile,
運動、動き 英語,ja,1,bing_ja-JP,1,英語 運転手,generico,False,False,0,indefinito,3,0,non disponibile,non disponibile,non disponibile,
運転 講習 ペーパードライバー 東京,ja,1,bing_ja-JP,1,登録ドライバー ハイヤー,generico,False,False,0,indefinito,3,0,non disponibile,non disponibile,non disponibile,
運転免許 1 種 2 種違い免許証,ja,1,bing_ja-JP,1,二種免許 英語,informativo,False,False,0,indefinito,3,0,non disponibile,non disponibile,non disponibile,
運転免許 1 種と 2 種の違い,ja,1,bing_ja-JP,1,二種免許 英語,informativo,False,False,0,indefinito,3,0,non disponibile,non disponibile,non disponibile,
運転免許 海外赴任 特例更新 東京,ja,1,bing_ja-JP,1,二種免許 外国人,generico,False,False,0,indefinito,3,0,non disponibile,non disponibile,non disponibile,
運転免許証 英訳 テンプレート word,ja,1,bing_ja-JP,1,英語 運転手,generico,False,False,0,indefinito,3,0,non disponibile,non disponibile,non disponibile,
運転免許証 英訳 テンプレート ダウンロード,ja,1,bing_ja-JP,1,英語 運転手,generico,False,False,0,indefinito,3,0,non disponibile,non disponibile,non disponibile,
運転業務 委託,ja,1,google_ja_jp,1,運転業務 委託,generico,False,False,0,operatore,3,0,non disponibile,non disponibile,non disponibile,
運送 ドライバー 英語,ja,1,google_ja_jp,1,英語 ドライバー,generico,False,False,0,indefinito,3,0,non disponibile,non disponibile,non disponibile,
配送 ドライバー 英語,ja,1,google_ja_jp,1,英語 ドライバー,generico,False,False,0,indefinito,3,0,non disponibile,non disponibile,non disponibile,
配達 ドライバー 英語,ja,1,google_ja_jp,1,英語 ドライバー,generico,False,False,0,indefinito,3,0,non disponibile,non disponibile,non disponibile,
鉄道 運転手 英語,ja,1,google_ja_jp,1,英語 運転手,generico,False,False,0,indefinito,3,0,non disponibile,non disponibile,non disponibile,
長 距離 ドライバー 英語,ja,1,google_ja_jp,1,英語 ドライバー,generico,False,False,0,indefinito,3,0,non disponibile,non disponibile,non disponibile,
電動 ドライバー 英語,ja,1,google_ja_jp,1,英語 ドライバー,generico,False,False,0,indefinito,3,0,non disponibile,non disponibile,non disponibile,
電動+ドライバー,ja,1,bing_ja-JP,1,ドライバー 紹介,generico,False,False,0,indefinito,3,0,non disponibile,non disponibile,non disponibile,
電動ドライバー英語,ja,1,bing_ja-JP,1,英語 ドライバー,generico,False,False,0,indefinito,3,0,non disponibile,non disponibile,non disponibile,
電工ドライバー +,ja,1,bing_ja-JP,1,ドライバー 紹介,generico,False,False,0,indefinito,3,0,non disponibile,non disponibile,non disponibile,
電車 運転手 英語,ja,1,google_ja_jp,1,英語 運転手,generico,False,False,0,indefinito,3,0,non disponibile,non disponibile,non disponibile,
電車の運転手英語,ja,1,bing_ja-JP,1,英語 運転手,generico,False,False,0,indefinito,3,0,non disponibile,non disponibile,non disponibile,
静音 インパクト ドライバー 比較,ja,1,bing_ja-JP,1,インバウンド対応 ドライバー,generico,False,False,0,indefinito,3,0,non disponibile,non disponibile,non disponibile,
非通知 中国語 自動音声 出てしまった,ja,1,bing_ja-JP,1,外国語 ドライバー 不足,generico,False,False,0,indefinito,3,0,non disponibile,non disponibile,non disponibile,
音声翻訳 パソコン 無料 中国語,ja,1,bing_ja-JP,1,外国語 ドライバー,generico,False,False,0,indefinito,3,0,non disponibile,non disponibile,non disponibile,
高齢 者 ドライバー 英語,ja,1,google_ja_jp,1,英語 ドライバー,generico,False,False,0,indefinito,3,0,non disponibile,non disponibile,non disponibile,
피파 vip+,ja,1,bing_ja-JP,1,VIP 送迎,generico,False,False,0,indefinito,3,0,non disponibile,non disponibile,non disponibile,
하이픽셀 vip+,ja,1,bing_ja-JP,1,VIP 送迎,generico,False,False,0,indefinito,3,0,non disponibile,non disponibile,non disponibile,
하이픽셀 vip+ 가격,ja,1,bing_ja-JP,1,VIP 送迎,generico,False,False,0,indefinito,3,0,non disponibile,non disponibile,non disponibile,
하픽 vip+ 가격,ja,1,bing_ja-JP,1,VIP 送迎,generico,False,False,0,indefinito,3,0,non disponibile,non disponibile,non disponibile,
日本包车,zh,4,baidu|bing_zh-CN|google_zh-CN_cn|google_zh-CN_jp,4,日本 专车|日本 包车|日本 包车 公司 招司机|日本 包车 司机,acquisto_servizio,False,True,2,turista,12,24,0.0,0,0.0,
日本包车一天多少钱,zh,4,baidu|bing_zh-CN|google_zh-CN_cn|google_zh-CN_jp,4,日本 包车|日本 包车 公司 招司机|日本 包车 司机|日本 包车 司机 英语,acquisto_servizio,False,True,2,turista,12,24,non disponibile,non disponibile,non disponibile,
日本出租车司机招聘条件,zh,1,baidu,9,日本 专车|日本 专车司机 多语种|日本 包车 公司 招司机|日本 包车 司机,assunzione,False,True,2,autista,11,22,non disponibile,non disponibile,non disponibile,
日本包车公司,zh,4,baidu|bing_zh-CN|google_zh-CN_cn|google_zh-CN_jp,1,日本 包车,acquisto_servizio,False,True,2,turista,9,18,non disponibile,non disponibile,non disponibile,
日本包车旅游,zh,4,baidu|bing_zh-CN|google_zh-CN_cn|google_zh-CN_jp,1,日本 包车,acquisto_servizio,False,True,2,turista,9,18,non disponibile,non disponibile,non disponibile,
日本包车游,zh,3,baidu|google_zh-CN_cn|google_zh-CN_jp,2,日本 包车|日本 包车 司机 英语,acquisto_servizio,False,True,2,turista,8,16,non disponibile,non disponibile,non disponibile,
日本包车游哪个平台好,zh,2,baidu|bing_zh-CN,4,日本 包车|日本 包车 公司 招司机|日本 包车 司机|日本 包车 司机 英语,acquisto_servizio,False,True,2,turista,8,16,non disponibile,non disponibile,non disponibile,
日本旅游包车,zh,2,baidu|bing_zh-CN,4,日本 包车|日本 包车 公司 招司机|日本 包车 司机|日本 包车 司机 英语,acquisto_servizio,False,True,2,turista,8,16,non disponibile,non disponibile,non disponibile,
东京 包车 中文,zh,2,google_zh-CN_cn|google_zh-CN_jp,1,东京 包车,acquisto_servizio,False,True,3,turista,5,15,non disponibile,non disponibile,non disponibile,
日本 包车 中文,zh,2,google_zh-CN_cn|google_zh-CN_jp,1,日本 包车,acquisto_servizio,False,True,3,turista,5,15,non disponibile,non disponibile,non disponibile,
东京包车,zh,2,baidu|google_zh-CN_jp,3,东京 包车|东京 旅游 用车 司机 招聘|日本 专车,acquisto_servizio,False,True,2,turista,7,14,non disponibile,non disponibile,non disponibile,
东京包车服务,zh,3,bing_zh-CN|google_zh-CN_cn|google_zh-CN_jp,1,东京 包车,acquisto_servizio,False,True,2,turista,7,14,non disponibile,non disponibile,non disponibile,
日本东京包车价格,zh,1,baidu,5,东京 旅游 用车 司机 招聘|日本 专车|日本 包车 公司 招司机|日本 包车 司机,acquisto_servizio,False,True,2,turista,7,14,non disponibile,non disponibile,non disponibile,
日本包车价格,zh,2,baidu|bing_zh-CN,3,日本 专车|日本 包车|日本 包车 司机 英语,acquisto_servizio,False,True,2,turista,7,14,non disponibile,non disponibile,non disponibile,
日本包车推荐,zh,3,bing_zh-CN|google_zh-CN_cn|google_zh-CN_jp,1,日本 包车,acquisto_servizio,False,True,2,turista,7,14,non disponibile,non disponibile,non disponibile,
日本包车服务,zh,3,bing_zh-CN|google_zh-CN_cn|google_zh-CN_jp,1,日本 包车,acquisto_servizio,False,True,2,turista,7,14,non disponibile,non disponibile,non disponibile,
日本包车自由行,zh,3,bing_zh-CN|google_zh-CN_cn|google_zh-CN_jp,1,日本 包车,acquisto_servizio,False,True,2,turista,7,14,non disponibile,non disponibile,non disponibile,
日本包车车型,zh,3,baidu|google_zh-CN_cn|google_zh-CN_jp,1,日本 包车,acquisto_servizio,False,True,2,turista,7,14,non disponibile,non disponibile,non disponibile,
日本司机工资一般多少,zh,2,baidu|bing_zh-CN,9,日本 专车|日本 专车司机 多语种|日本 二种驾照 司机|日本 包车 公司 招司机,assunzione,False,True,1,autista,13,13,non disponibile,non disponibile,non disponibile,
在日本东京请一位全职司机多少钱,zh,1,baidu,10,东京 包车|东京 司机|东京 旅游 用车 司机 招聘|东京 英语司机,acquisto_servizio,False,True,1,autista,12,12,non disponibile,non disponibile,non disponibile,
日本劳务司机招聘网站,zh,1,baidu,10,日本 专车|日本 专车司机 多语种|日本 二种驾照 司机|日本 包车 公司 招司机,assunzione,True,True,1,operatore,12,12,non disponibile,non disponibile,non disponibile,
东京包车一天多少钱,zh,2,baidu|bing_zh-CN,2,东京 包车|日本 包车,acquisto_servizio,False,True,2,turista,6,12,non disponibile,non disponibile,non disponibile,
日本包车一天10小时多少钱啊,zh,1,baidu,4,日本 包车|日本 包车 公司 招司机|日本 包车 司机|日本 包车 司机 英语,acquisto_servizio,False,True,2,turista,6,12,non disponibile,non disponibile,non disponibile,
日本包车一般都是什么价格,zh,1,baidu,4,日本 包车|日本 包车 公司 招司机|日本 包车 司机|日本 包车 司机 英语,acquisto_servizio,False,True,2,turista,6,12,non disponibile,non disponibile,non disponibile,
日本包车司机,zh,2,google_zh-CN_cn|google_zh-CN_jp,2,日本 包车|日本 包车 司机,acquisto_servizio,False,True,2,turista,6,12,non disponibile,non disponibile,non disponibile,
日本包车司机小费,zh,2,google_zh-CN_cn|google_zh-CN_jp,2,日本 包车|日本 包车 司机,acquisto_servizio,False,True,2,turista,6,12,non disponibile,non disponibile,non disponibile,
日本包车平台,zh,1,baidu,4,日本 包车|日本 包车 公司 招司机|日本 包车 司机|日本 包车 司机 英语,acquisto_servizio,False,True,2,turista,6,12,non disponibile,non disponibile,non disponibile,
日本包车平台app,zh,1,baidu,4,日本 包车|日本 包车 公司 招司机|日本 包车 司机|日本 包车 司机 英语,acquisto_servizio,False,True,2,turista,6,12,non disponibile,non disponibile,non disponibile,
日本包车网站,zh,2,baidu|bing_zh-CN,2,日本 包车|日本 包车 司机,acquisto_servizio,False,True,2,turista,6,12,non disponibile,non disponibile,non disponibile,
日本包车联系方式,zh,1,baidu,4,日本 包车|日本 包车 公司 招司机|日本 包车 司机|日本 包车 司机 英语,acquisto_servizio,False,True,2,turista,6,12,non disponibile,non disponibile,non disponibile,
去日本做司机工资高吗,zh,1,baidu,9,日本 专车|日本 专车司机 多语种|日本 二种驾照 司机|日本 包车 公司 招司机,assunzione,False,True,1,autista,11,11,non disponibile,non disponibile,non disponibile,
日本司机工作时间,zh,3,baidu|google_zh-CN_cn|google_zh-CN_jp,5,日本 专车司机 多语种|日本 二种驾照 司机|日本 司机|日本 司机 招聘,generico,False,True,1,indefinito,11,11,non disponibile,non disponibile,non disponibile,
日本招中国司机要求,zh,1,baidu,8,日本 专车|日本 专车司机 多语种|日本 二种驾照 司机|日本 包车 公司 招司机,generico,False,True,1,indefinito,10,10,non disponibile,non disponibile,non disponibile,
kkday 东京 包车,zh,2,google_zh-CN_cn|google_zh-CN_jp,1,东京 包车,acquisto_servizio,False,True,2,turista,5,10,non disponibile,non disponibile,non disponibile,
kkday 东京包车一日游,zh,2,google_zh-CN_cn|google_zh-CN_jp,1,东京 包车,acquisto_servizio,False,True,2,turista,5,10,non disponibile,non disponibile,non disponibile,
kkday 日本 包车 ptt,zh,2,google_zh-CN_cn|google_zh-CN_jp,1,日本 包车,acquisto_servizio,False,True,2,turista,5,10,non disponibile,non disponibile,non disponibile,
kkday 日本包车一日游,zh,2,google_zh-CN_cn|google_zh-CN_jp,1,日本 包车,acquisto_servizio,False,True,2,turista,5,10,non disponibile,non disponibile,non disponibile,
klook 东京 包车,zh,2,google_zh-CN_cn|google_zh-CN_jp,1,东京 包车,acquisto_servizio,False,True,2,turista,5,10,non disponibile,non disponibile,non disponibile,
klook 日本 包车,zh,2,google_zh-CN_cn|google_zh-CN_jp,1,日本 包车,acquisto_servizio,False,True,2,turista,5,10,non disponibile,non disponibile,non disponibile,
klook 日本 包车 评价,zh,2,google_zh-CN_cn|google_zh-CN_jp,1,日本 包车,acquisto_servizio,False,True,2,turista,5,10,non disponibile,non disponibile,non disponibile,
东京 到 富士山 包车,zh,2,google_zh-CN_cn|google_zh-CN_jp,1,东京 包车,acquisto_servizio,False,True,2,turista,5,10,non disponibile,non disponibile,non disponibile,
东京 包车 一 日 游,zh,2,google_zh-CN_cn|google_zh-CN_jp,1,东京 包车,acquisto_servizio,False,True,2,turista,5,10,non disponibile,non disponibile,non disponibile,
东京 包车 一天 多少 钱,zh,2,google_zh-CN_cn|google_zh-CN_jp,1,东京 包车,acquisto_servizio,False,True,2,turista,5,10,non disponibile,non disponibile,non disponibile,
东京 包车 一日游,zh,2,google_zh-CN_cn|google_zh-CN_jp,1,东京 包车,acquisto_servizio,False,True,2,turista,5,10,non disponibile,non disponibile,non disponibile,
东京 包车 去 富士山,zh,2,google_zh-CN_cn|google_zh-CN_jp,1,东京 包车,acquisto_servizio,False,True,2,turista,5,10,non disponibile,non disponibile,non disponibile,
东京 包车 多少 钱,zh,2,google_zh-CN_cn|google_zh-CN_jp,1,东京 包车,acquisto_servizio,False,True,2,turista,5,10,non disponibile,non disponibile,non disponibile,
东京 包车 富士山,zh,2,google_zh-CN_cn|google_zh-CN_jp,1,东京 包车,acquisto_servizio,False,True,2,turista,5,10,non disponibile,non disponibile,non disponibile,
东京 包车 推荐,zh,2,google_zh-CN_cn|google_zh-CN_jp,1,东京 包车,acquisto_servizio,False,True,2,turista,5,10,non disponibile,non disponibile,non disponibile,
东京 包车 旅游,zh,2,google_zh-CN_cn|google_zh-CN_jp,1,东京 包车,acquisto_servizio,False,True,2,turista,5,10,non disponibile,non disponibile,non disponibile,
东京 包车 服务,zh,2,google_zh-CN_cn|google_zh-CN_jp,1,东京 包车,acquisto_servizio,False,True,2,turista,5,10,non disponibile,non disponibile,non disponibile,
东京 包车 机场,zh,2,google_zh-CN_cn|google_zh-CN_jp,1,东京 包车,acquisto_servizio,False,True,2,turista,5,10,non disponibile,non disponibile,non disponibile,
东京 包车 河口湖,zh,2,google_zh-CN_cn|google_zh-CN_jp,1,东京 包车,acquisto_servizio,False,True,2,turista,5,10,non disponibile,non disponibile,non disponibile,
东京 包车 行程,zh,2,google_zh-CN_cn|google_zh-CN_jp,1,东京 包车,acquisto_servizio,False,True,2,turista,5,10,non disponibile,non disponibile,non disponibile,
东京 包车 迪士尼,zh,2,google_zh-CN_cn|google_zh-CN_jp,1,东京 包车,acquisto_servizio,False,True,2,turista,5,10,non disponibile,non disponibile,non disponibile,
东京 包车 送机,zh,2,google_zh-CN_cn|google_zh-CN_jp,1,东京 包车,acquisto_servizio,False,True,2,turista,5,10,non disponibile,non disponibile,non disponibile,
东京 富士山 包车 费用,zh,2,google_zh-CN_cn|google_zh-CN_jp,1,东京 包车,acquisto_servizio,False,True,2,turista,5,10,non disponibile,non disponibile,non disponibile,
东京 小巴 包车,zh,2,google_zh-CN_cn|google_zh-CN_jp,1,东京 包车,acquisto_servizio,False,True,2,turista,5,10,non disponibile,non disponibile,non disponibile,
东京 市区 包车,zh,2,google_zh-CN_cn|google_zh-CN_jp,1,东京 包车,acquisto_servizio,False,True,2,turista,5,10,non disponibile,non disponibile,non disponibile,
东京 御殿场 包车,zh,2,google_zh-CN_cn|google_zh-CN_jp,1,东京 包车,acquisto_servizio,False,True,2,turista,5,10,non disponibile,non disponibile,non disponibile,
东京 机场接送 包车,zh,2,google_zh-CN_cn|google_zh-CN_jp,1,东京 包车,acquisto_servizio,False,True,2,turista,5,10,non disponibile,non disponibile,non disponibile,
东京 白马 包车,zh,2,google_zh-CN_cn|google_zh-CN_jp,1,东京 包车,acquisto_servizio,False,True,2,turista,5,10,non disponibile,non disponibile,non disponibile,
东京 箱根 包车,zh,2,google_zh-CN_cn|google_zh-CN_jp,1,东京 包车,acquisto_servizio,False,True,2,turista,5,10,non disponibile,non disponibile,non disponibile,
东京 自由行 包车,zh,2,google_zh-CN_cn|google_zh-CN_jp,1,东京 包车,acquisto_servizio,False,True,2,turista,5,10,non disponibile,non disponibile,non disponibile,
东京 越后汤泽 包车,zh,2,google_zh-CN_cn|google_zh-CN_jp,1,东京 包车,acquisto_servizio,False,True,2,turista,5,10,non disponibile,non disponibile,non disponibile,
东京 近郊 包车,zh,2,google_zh-CN_cn|google_zh-CN_jp,1,东京 包车,acquisto_servizio,False,True,2,turista,5,10,non disponibile,non disponibile,non disponibile,
东京出租车司机,zh,2,baidu|bing_zh-CN,1,东京 司机,acquisto_servizio,False,True,2,turista,5,10,non disponibile,non disponibile,non disponibile,
东京包车 价格,zh,2,google_zh-CN_cn|google_zh-CN_jp,1,东京 包车,acquisto_servizio,False,True,2,turista,5,10,non disponibile,non disponibile,non disponibile,
东京包车 推荐,zh,2,google_zh-CN_cn|google_zh-CN_jp,1,东京 包车,acquisto_servizio,False,True,2,turista,5,10,non disponibile,non disponibile,non disponibile,
东京包车 河口湖,zh,2,google_zh-CN_cn|google_zh-CN_jp,1,东京 包车,acquisto_servizio,False,True,2,turista,5,10,non disponibile,non disponibile,non disponibile,
东京包车dcard,zh,2,google_zh-CN_cn|google_zh-CN_jp,1,东京 包车,acquisto_servizio,False,True,2,turista,5,10,non disponibile,non disponibile,non disponibile,
东京包车ptt,zh,2,google_zh-CN_cn|google_zh-CN_jp,1,东京 包车,acquisto_servizio,False,True,2,turista,5,10,non disponibile,non disponibile,non disponibile,
东京包车一天,zh,2,google_zh-CN_cn|google_zh-CN_jp,1,东京 包车,acquisto_servizio,False,True,2,turista,5,10,non disponibile,non disponibile,non disponibile,
东京包车一天多少,zh,2,google_zh-CN_cn|google_zh-CN_jp,1,东京 包车,acquisto_servizio,False,True,2,turista,5,10,non disponibile,non disponibile,non disponibile,
东京包车一日,zh,2,google_zh-CN_cn|google_zh-CN_jp,1,东京 包车,acquisto_servizio,False,True,2,turista,5,10,non disponibile,non disponibile,non disponibile,
东京包车一日游 价格,zh,2,google_zh-CN_cn|google_zh-CN_jp,1,东京 包车,acquisto_servizio,False,True,2,turista,5,10,non disponibile,non disponibile,non disponibile,
东京包车一日游价格,zh,2,google_zh-CN_cn|google_zh-CN_jp,1,东京 包车,acquisto_servizio,False,True,2,turista,5,10,non disponibile,non disponibile,non disponibile,
东京包车一日游推荐,zh,2,google_zh-CN_cn|google_zh-CN_jp,1,东京 包车,acquisto_servizio,False,True,2,turista,5,10,non disponibile,non disponibile,non disponibile,
东京包车三天,zh,2,google_zh-CN_cn|google_zh-CN_jp,1,东京 包车,acquisto_servizio,False,True,2,turista,5,10,non disponibile,non disponibile,non disponibile,
东京包车二日,zh,2,google_zh-CN_cn|google_zh-CN_jp,1,东京 包车,acquisto_servizio,False,True,2,turista,5,10,non disponibile,non disponibile,non disponibile,
东京包车价钱,zh,2,google_zh-CN_cn|google_zh-CN_jp,1,东京 包车,acquisto_servizio,False,True,2,turista,5,10,non disponibile,non disponibile,non disponibile,
东京包车到机场,zh,2,google_zh-CN_cn|google_zh-CN_jp,1,东京 包车,acquisto_servizio,False,True,2,turista,5,10,non disponibile,non disponibile,non disponibile,
东京包车到河口湖,zh,2,google_zh-CN_cn|google_zh-CN_jp,1,东京 包车,acquisto_servizio,False,True,2,turista,5,10,non disponibile,non disponibile,non disponibile,
东京包车半日,zh,2,google_zh-CN_cn|google_zh-CN_jp,1,东京 包车,acquisto_servizio,False,True,2,turista,5,10,non disponibile,non disponibile,non disponibile,
东京包车去富士山,zh,2,google_zh-CN_cn|google_zh-CN_jp,1,东京 包车,acquisto_servizio,False,True,2,turista,5,10,non disponibile,non disponibile,non disponibile,
东京包车去富士山多少钱,zh,2,baidu|bing_zh-CN,1,东京 包车,acquisto_servizio,False,True,2,turista,5,10,non disponibile,non disponibile,non disponibile,
东京包车富士山,zh,2,google_zh-CN_cn|google_zh-CN_jp,1,东京 包车,acquisto_servizio,False,True,2,turista,5,10,non disponibile,non disponibile,non disponibile,
东京包车接送,zh,2,google_zh-CN_cn|google_zh-CN_jp,1,东京 包车,acquisto_servizio,False,True,2,turista,5,10,non disponibile,non disponibile,non disponibile,
东京包车推荐dcard,zh,2,google_zh-CN_cn|google_zh-CN_jp,1,东京 包车,acquisto_servizio,False,True,2,turista,5,10,non disponibile,non disponibile,non disponibile,
东京包车推荐ptt,zh,2,google_zh-CN_cn|google_zh-CN_jp,1,东京 包车,acquisto_servizio,False,True,2,turista,5,10,non disponibile,non disponibile,non disponibile,
东京包车旅游,zh,2,google_zh-CN_cn|google_zh-CN_jp,1,东京 包车,acquisto_servizio,False,True,2,turista,5,10,non disponibile,non disponibile,non disponibile,
东京包车旅游费用,zh,2,google_zh-CN_cn|google_zh-CN_jp,1,东京 包车,acquisto_servizio,False,True,2,turista,5,10,non disponibile,non disponibile,non disponibile,
东京包车机场,zh,2,google_zh-CN_cn|google_zh-CN_jp,1,东京 包车,acquisto_servizio,False,True,2,turista,5,10,non disponibile,non disponibile,non disponibile,
东京包车行程,zh,2,google_zh-CN_cn|google_zh-CN_jp,1,东京 包车,acquisto_servizio,False,True,2,turista,5,10,non disponibile,non disponibile,non disponibile,
东京包车费用,zh,2,baidu|google_zh-CN_cn,1,东京 包车,acquisto_servizio,False,True,2,turista,5,10,non disponibile,non disponibile,non disponibile,
宏大 日本 包车,zh,2,google_zh-CN_cn|google_zh-CN_jp,1,日本 包车,acquisto_servizio,False,True,2,turista,5,10,non disponibile,non disponibile,non disponibile,
宏大 日本 包车 评价,zh,2,google_zh-CN_cn|google_zh-CN_jp,1,日本 包车,acquisto_servizio,False,True,2,turista,5,10,non disponibile,non disponibile,non disponibile,
日本 专车,zh,2,google_zh-CN_cn|google_zh-CN_jp,1,日本 专车,generico,False,True,2,indefinito,5,10,non disponibile,non disponibile,non disponibile,
日本 专车 接送,zh,2,google_zh-CN_cn|google_zh-CN_jp,1,日本 专车,acquisto_servizio,False,True,2,turista,5,10,non disponibile,non disponibile,non disponibile,
日本 专车 旅游,zh,2,google_zh-CN_cn|google_zh-CN_jp,1,日本 专车,generico,False,True,2,indefinito,5,10,non disponibile,non disponibile,non disponibile,
日本 东京 包车 推荐,zh,2,google_zh-CN_cn|google_zh-CN_jp,1,日本 包车,acquisto_servizio,False,True,2,turista,5,10,non disponibile,non disponibile,non disponibile,
日本 东京 包车 费用,zh,2,google_zh-CN_cn|google_zh-CN_jp,1,日本 包车,acquisto_servizio,False,True,2,turista,5,10,non disponibile,non disponibile,non disponibile,
日本 京都 包车,zh,2,google_zh-CN_cn|google_zh-CN_jp,1,日本 包车,acquisto_servizio,False,True,2,turista,5,10,non disponibile,non disponibile,non disponibile,
日本 包车 一 日 游,zh,2,google_zh-CN_cn|google_zh-CN_jp,1,日本 包车,acquisto_servizio,False,True,2,turista,5,10,non disponibile,non disponibile,non disponibile,
日本 包车 一天,zh,2,google_zh-CN_cn|google_zh-CN_jp,1,日本 包车,acquisto_servizio,False,True,2,turista,5,10,non disponibile,non disponibile,non disponibile,
日本 包车 一天 多少 钱,zh,2,google_zh-CN_cn|google_zh-CN_jp,1,日本 包车,acquisto_servizio,False,True,2,turista,5,10,non disponibile,non disponibile,non disponibile,
日本 包车 一日,zh,2,google_zh-CN_cn|google_zh-CN_jp,1,日本 包车,acquisto_servizio,False,True,2,turista,5,10,non disponibile,non disponibile,non disponibile,
日本 包车 一日游,zh,2,google_zh-CN_cn|google_zh-CN_jp,1,日本 包车,acquisto_servizio,False,True,2,turista,5,10,non disponibile,non disponibile,non disponibile,
日本 包车 东京,zh,2,google_zh-CN_cn|google_zh-CN_jp,1,日本 包车,acquisto_servizio,False,True,2,turista,5,10,non disponibile,non disponibile,non disponibile,
日本 包车 九州,zh,2,google_zh-CN_cn|google_zh-CN_jp,1,日本 包车,acquisto_servizio,False,True,2,turista,5,10,non disponibile,non disponibile,non disponibile,
日本 包车 人数,zh,2,google_zh-CN_cn|google_zh-CN_jp,1,日本 包车,acquisto_servizio,False,True,2,turista,5,10,non disponibile,non disponibile,non disponibile,
日本 包车 价格,zh,2,google_zh-CN_cn|google_zh-CN_jp,1,日本 包车,acquisto_servizio,False,True,2,turista,5,10,non disponibile,non disponibile,non disponibile,
日本 包车 公司,zh,2,google_zh-CN_cn|google_zh-CN_jp,1,日本 包车,acquisto_servizio,False,True,2,turista,5,10,non disponibile,non disponibile,non disponibile,
日本 包车 北海道,zh,2,google_zh-CN_cn|google_zh-CN_jp,1,日本 包车,acquisto_servizio,False,True,2,turista,5,10,non disponibile,non disponibile,non disponibile,
日本 包车 司机,zh,2,google_zh-CN_cn|google_zh-CN_jp,1,日本 包车,acquisto_servizio,False,True,2,turista,5,10,non disponibile,non disponibile,non disponibile,
日本 包车 合法,zh,2,google_zh-CN_cn|google_zh-CN_jp,1,日本 包车,acquisto_servizio,False,True,2,turista,5,10,non disponibile,non disponibile,non disponibile,
日本 包车 大阪,zh,2,google_zh-CN_cn|google_zh-CN_jp,1,日本 包车,acquisto_servizio,False,True,2,turista,5,10,non disponibile,non disponibile,non disponibile,
日本 包车 安全座椅,zh,2,google_zh-CN_cn|google_zh-CN_jp,1,日本 包车,acquisto_servizio,False,True,2,turista,5,10,non disponibile,non disponibile,non disponibile,
日本 包车 富士山,zh,2,google_zh-CN_cn|google_zh-CN_jp,1,日本 包车,acquisto_servizio,False,True,2,turista,5,10,non disponibile,non disponibile,non disponibile,
日本 包车 小巴,zh,2,google_zh-CN_cn|google_zh-CN_jp,1,日本 包车,acquisto_servizio,False,True,2,turista,5,10,non disponibile,non disponibile,non disponibile,
日本 包车 小费,zh,2,google_zh-CN_cn|google_zh-CN_jp,1,日本 包车,acquisto_servizio,False,True,2,turista,5,10,non disponibile,non disponibile,non disponibile,
日本 包车 平台,zh,2,google_zh-CN_cn|google_zh-CN_jp,1,日本 包车,acquisto_servizio,False,True,2,turista,5,10,non disponibile,non disponibile,non disponibile,
日本 包车 接送,zh,2,google_zh-CN_cn|google_zh-CN_jp,1,日本 包车,acquisto_servizio,False,True,2,turista,5,10,non disponibile,non disponibile,non disponibile,
日本 包车 旅游,zh,2,google_zh-CN_cn|google_zh-CN_jp,1,日本 包车,acquisto_servizio,False,True,2,turista,5,10,non disponibile,non disponibile,non disponibile,
日本 包车 旅游 价格,zh,2,google_zh-CN_cn|google_zh-CN_jp,1,日本 包车,acquisto_servizio,False,True,2,turista,5,10,non disponibile,non disponibile,non disponibile,
日本 包车 旅游 推荐,zh,2,google_zh-CN_cn|google_zh-CN_jp,1,日本 包车,acquisto_servizio,False,True,2,turista,5,10,non disponibile,non disponibile,non disponibile,
日本 包车 旅行社,zh,2,google_zh-CN_cn|google_zh-CN_jp,1,日本 包车,acquisto_servizio,False,True,2,turista,5,10,non disponibile,non disponibile,non disponibile,
日本 包车 服务,zh,2,google_zh-CN_cn|google_zh-CN_jp,1,日本 包车,acquisto_servizio,False,True,2,turista,5,10,non disponibile,non disponibile,non disponibile,
日本 包车 机场,zh,2,google_zh-CN_cn|google_zh-CN_jp,1,日本 包车,acquisto_servizio,False,True,2,turista,5,10,non disponibile,non disponibile,non disponibile,
日本 包车 海狮,zh,2,google_zh-CN_cn|google_zh-CN_jp,1,日本 包车,acquisto_servizio,False,True,2,turista,5,10,non disponibile,non disponibile,non disponibile,
日本 包车 白牌,zh,2,google_zh-CN_cn|google_zh-CN_jp,1,日本 包车,acquisto_servizio,False,True,2,turista,5,10,non disponibile,non disponibile,non disponibile,
日本 包车 白牌 绿牌,zh,2,google_zh-CN_cn|google_zh-CN_jp,1,日本 包车,acquisto_servizio,False,True,2,turista,5,10,non disponibile,non disponibile,non disponibile,
日本 包车 神灯,zh,2,google_zh-CN_cn|google_zh-CN_jp,1,日本 包车,acquisto_servizio,False,True,2,turista,5,10,non disponibile,non disponibile,non disponibile,
日本 包车 福冈,zh,2,google_zh-CN_cn|google_zh-CN_jp,1,日本 包车,acquisto_servizio,False,True,2,turista,5,10,non disponibile,non disponibile,non disponibile,
日本 包车 自由 行,zh,2,google_zh-CN_cn|google_zh-CN_jp,1,日本 包车,acquisto_servizio,False,True,2,turista,5,10,non disponibile,non disponibile,non disponibile,
日本 包车 费用 ptt,zh,2,google_zh-CN_cn|google_zh-CN_jp,1,日本 包车,acquisto_servizio,False,True,2,turista,5,10,non disponibile,non disponibile,non disponibile,
日本 包车 青鸟,zh,2,google_zh-CN_cn|google_zh-CN_jp,1,日本 包车,acquisto_servizio,False,True,2,turista,5,10,non disponibile,non disponibile,non disponibile,
日本 包车费用,zh,2,google_zh-CN_cn|google_zh-CN_jp,1,日本 包车,acquisto_servizio,False,True,2,turista,5,10,non disponibile,non disponibile,non disponibile,
日本 大阪 包车 推荐,zh,2,google_zh-CN_cn|google_zh-CN_jp,1,日本 包车,acquisto_servizio,False,True,2,turista,5,10,non disponibile,non disponibile,non disponibile,
日本 大阪 包车 费用,zh,2,google_zh-CN_cn|google_zh-CN_jp,1,日本 包车,acquisto_servizio,False,True,2,turista,5,10,non disponibile,non disponibile,non disponibile,
日本 天皇 专车,zh,2,google_zh-CN_cn|google_zh-CN_jp,1,日本 专车,generico,False,True,2,indefinito,5,10,non disponibile,non disponibile,non disponibile,
日本 女性 专车,zh,2,google_zh-CN_cn|google_zh-CN_jp,1,日本 专车,generico,False,True,2,indefinito,5,10,non disponibile,non disponibile,non disponibile,
日本 旅行 包车,zh,2,google_zh-CN_cn|google_zh-CN_jp,1,日本 包车,acquisto_servizio,False,True,2,turista,5,10,non disponibile,non disponibile,non disponibile,
日本 机场 专车,zh,2,google_zh-CN_cn|google_zh-CN_jp,1,日本 专车,generico,False,True,2,turista,5,10,non disponibile,non disponibile,non disponibile,
日本 机场 专车 接送,zh,2,google_zh-CN_cn|google_zh-CN_jp,1,日本 专车,acquisto_servizio,False,True,2,turista,5,10,non disponibile,non disponibile,non disponibile,
日本 迪士尼 专车,zh,2,google_zh-CN_cn|google_zh-CN_jp,1,日本 专车,generico,False,True,2,indefinito,5,10,non disponibile,non disponibile,non disponibile,
日本 首相 专车,zh,2,google_zh-CN_cn|google_zh-CN_jp,1,日本 专车,generico,False,True,2,indefinito,5,10,non disponibile,non disponibile,non disponibile,
日本专车接送,zh,2,google_zh-CN_cn|google_zh-CN_jp,1,日本 专车,acquisto_servizio,False,True,2,turista,5,10,non disponibile,non disponibile,non disponibile,
日本包商务车的出租车公司有哪些,zh,1,baidu,3,日本 包车|日本 包车 公司 招司机|日本 包车 司机 英语,acquisto_servizio,False,True,2,turista,5,10,non disponibile,non disponibile,non disponibile,
日本包车 kkday,zh,2,google_zh-CN_cn|google_zh-CN_jp,1,日本 包车,acquisto_servizio,False,True,2,turista,5,10,non disponibile,non disponibile,non disponibile,
日本包车 ptt,zh,2,google_zh-CN_cn|google_zh-CN_jp,1,日本 包车,acquisto_servizio,False,True,2,turista,5,10,non disponibile,non disponibile,non disponibile,
日本包车 儿童座椅,zh,2,google_zh-CN_cn|google_zh-CN_jp,1,日本 包车,acquisto_servizio,False,True,2,turista,5,10,non disponibile,non disponibile,non disponibile,
日本包车 机场接送,zh,2,google_zh-CN_cn|google_zh-CN_jp,1,日本 包车,acquisto_servizio,False,True,2,turista,5,10,non disponibile,non disponibile,non disponibile,
日本包车 白牌,zh,2,google_zh-CN_cn|google_zh-CN_jp,1,日本 包车,acquisto_servizio,False,True,2,turista,5,10,non disponibile,non disponibile,non disponibile,
日本包车 绿牌,zh,2,google_zh-CN_cn|google_zh-CN_jp,1,日本 包车,acquisto_servizio,False,True,2,turista,5,10,non disponibile,non disponibile,non disponibile,
日本包车dcard,zh,2,google_zh-CN_cn|google_zh-CN_jp,1,日本 包车,acquisto_servizio,False,True,2,turista,5,10,non disponibile,non disponibile,non disponibile,
日本包车go japan,zh,2,google_zh-CN_cn|google_zh-CN_jp,1,日本 包车,acquisto_servizio,False,True,2,turista,5,10,non disponibile,non disponibile,non disponibile,
日本包车一天,zh,2,google_zh-CN_cn|google_zh-CN_jp,1,日本 包车,acquisto_servizio,False,True,2,turista,5,10,non disponibile,non disponibile,non disponibile,
日本包车一天 价格,zh,2,google_zh-CN_cn|google_zh-CN_jp,1,日本 包车,acquisto_servizio,False,True,2,turista,5,10,non disponibile,non disponibile,non disponibile,
日本包车一日,zh,2,google_zh-CN_cn|google_zh-CN_jp,1,日本 包车,acquisto_servizio,False,True,2,turista,5,10,non disponibile,non disponibile,non disponibile,
日本包车一日游,zh,2,google_zh-CN_cn|google_zh-CN_jp,1,日本 包车,acquisto_servizio,False,True,2,turista,5,10,non disponibile,non disponibile,non disponibile,
日本包车一日游 价格,zh,2,google_zh-CN_cn|google_zh-CN_jp,1,日本 包车,acquisto_servizio,False,True,2,turista,5,10,non disponibile,non disponibile,non disponibile,
日本包车一日游 推荐,zh,2,google_zh-CN_cn|google_zh-CN_jp,1,日本 包车,acquisto_servizio,False,True,2,turista,5,10,non disponibile,non disponibile,non disponibile,
日本包车一日游价格,zh,2,google_zh-CN_cn|google_zh-CN_jp,1,日本 包车,acquisto_servizio,False,True,2,turista,5,10,non disponibile,non disponibile,non disponibile,
日本包车一日费用,zh,2,google_zh-CN_cn|google_zh-CN_jp,1,日本 包车,acquisto_servizio,False,True,2,turista,5,10,non disponibile,non disponibile,non disponibile,
日本包车价位,zh,2,google_zh-CN_cn|google_zh-CN_jp,1,日本 包车,acquisto_servizio,False,True,2,turista,5,10,non disponibile,non disponibile,non disponibile,
日本包车价格 ptt,zh,2,google_zh-CN_cn|google_zh-CN_jp,1,日本 包车,acquisto_servizio,False,True,2,turista,5,10,non disponibile,non disponibile,non disponibile,
日本包车价格dcard,zh,2,google_zh-CN_cn|google_zh-CN_jp,1,日本 包车,acquisto_servizio,False,True,2,turista,5,10,non disponibile,non disponibile,non disponibile,
日本包车保险,zh,2,google_zh-CN_cn|google_zh-CN_jp,1,日本 包车,acquisto_servizio,False,True,2,turista,5,10,non disponibile,non disponibile,non disponibile,
日本包车儿童座椅规定,zh,2,google_zh-CN_cn|google_zh-CN_jp,1,日本 包车,acquisto_servizio,False,True,2,turista,5,10,non disponibile,non disponibile,non disponibile,
日本包车公司推荐,zh,2,google_zh-CN_cn|google_zh-CN_jp,1,日本 包车,acquisto_servizio,False,True,2,turista,5,10,non disponibile,non disponibile,non disponibile,
日本包车划算吗,zh,2,google_zh-CN_cn|google_zh-CN_jp,1,日本 包车,acquisto_servizio,False,True,2,turista,5,10,non disponibile,non disponibile,non disponibile,
日本包车单趟,zh,2,google_zh-CN_cn|google_zh-CN_jp,1,日本 包车,acquisto_servizio,False,True,2,turista,5,10,non disponibile,non disponibile,non disponibile,
日本包车可以吃东西吗,zh,2,google_zh-CN_cn|google_zh-CN_jp,1,日本 包车,acquisto_servizio,False,True,2,turista,5,10,non disponibile,non disponibile,non disponibile,
日本包车多少钱,zh,2,google_zh-CN_cn|google_zh-CN_jp,1,日本 包车,acquisto_servizio,False,True,2,turista,5,10,non disponibile,non disponibile,non disponibile,
日本包车大阪,zh,2,google_zh-CN_cn|google_zh-CN_jp,1,日本 包车,acquisto_servizio,False,True,2,turista,5,10,non disponibile,non disponibile,non disponibile,
日本包车富士山,zh,2,google_zh-CN_cn|google_zh-CN_jp,1,日本 包车,acquisto_servizio,False,True,2,turista,5,10,non disponibile,non disponibile,non disponibile,
日本包车导游,zh,2,google_zh-CN_cn|google_zh-CN_jp,1,日本 包车,acquisto_servizio,False,True,2,turista,5,10,non disponibile,non disponibile,non disponibile,
日本包车小团,zh,2,google_zh-CN_cn|google_zh-CN_jp,1,日本 包车,acquisto_servizio,False,True,2,turista,5,10,non disponibile,non disponibile,non disponibile,
日本包车小费,zh,2,google_zh-CN_cn|google_zh-CN_jp,1,日本 包车,acquisto_servizio,False,True,2,turista,5,10,non disponibile,non disponibile,non disponibile,
日本包车小费ptt,zh,2,google_zh-CN_cn|google_zh-CN_jp,1,日本 包车,acquisto_servizio,False,True,2,turista,5,10,non disponibile,non disponibile,non disponibile,
日本包车小费多少,zh,2,google_zh-CN_cn|google_zh-CN_jp,1,日本 包车,acquisto_servizio,False,True,2,turista,5,10,non disponibile,non disponibile,non disponibile,
日本包车很贵吗,zh,2,google_zh-CN_cn|google_zh-CN_jp,1,日本 包车,acquisto_servizio,False,True,2,turista,5,10,non disponibile,non disponibile,non disponibile,
日本包车怎么算,zh,2,google_zh-CN_cn|google_zh-CN_jp,1,日本 包车,acquisto_servizio,False,True,2,turista,5,10,non disponibile,non disponibile,non disponibile,
日本包车接送机,zh,2,google_zh-CN_cn|google_zh-CN_jp,1,日本 包车,acquisto_servizio,False,True,2,turista,5,10,non disponibile,non disponibile,non disponibile,
日本包车推荐2人,zh,2,google_zh-CN_cn|google_zh-CN_jp,1,日本 包车,acquisto_servizio,False,True,2,turista,5,10,non disponibile,non disponibile,non disponibile,
日本包车推荐dcard,zh,2,google_zh-CN_cn|google_zh-CN_jp,1,日本 包车,acquisto_servizio,False,True,2,turista,5,10,non disponibile,non disponibile,non disponibile,
日本包车推荐ptt,zh,2,google_zh-CN_cn|google_zh-CN_jp,1,日本 包车,acquisto_servizio,False,True,2,turista,5,10,non disponibile,non disponibile,non disponibile,
日本包车旅游 推荐,zh,2,google_zh-CN_cn|google_zh-CN_jp,1,日本 包车,acquisto_servizio,False,True,2,turista,5,10,non disponibile,non disponibile,non disponibile,
日本包车旅游dcard,zh,2,google_zh-CN_cn|google_zh-CN_jp,1,日本 包车,acquisto_servizio,False,True,2,turista,5,10,non disponibile,non disponibile,non disponibile,
日本包车旅游一天多少钱,zh,2,google_zh-CN_cn|google_zh-CN_jp,1,日本 包车,acquisto_servizio,False,True,2,turista,5,10,non disponibile,non disponibile,non disponibile,
日本包车旅游费用,zh,2,google_zh-CN_cn|google_zh-CN_jp,1,日本 包车,acquisto_servizio,False,True,2,turista,5,10,non disponibile,non disponibile,non disponibile,
日本包车旅行社,zh,2,google_zh-CN_cn|google_zh-CN_jp,1,日本 包车,acquisto_servizio,False,True,2,turista,5,10,non disponibile,non disponibile,non disponibile,
日本包车时间,zh,2,google_zh-CN_cn|google_zh-CN_jp,1,日本 包车,acquisto_servizio,False,True,2,turista,5,10,non disponibile,non disponibile,non disponibile,
日本包车绿牌推荐,zh,2,google_zh-CN_cn|google_zh-CN_jp,1,日本 包车,acquisto_servizio,False,True,2,turista,5,10,non disponibile,non disponibile,non disponibile,
日本包车绿牌白牌,zh,2,google_zh-CN_cn|google_zh-CN_jp,1,日本 包车,acquisto_servizio,False,True,2,turista,5,10,non disponibile,non disponibile,non disponibile,
日本包车行情,zh,2,google_zh-CN_cn|google_zh-CN_jp,1,日本 包车,acquisto_servizio,False,True,2,turista,5,10,non disponibile,non disponibile,non disponibile,
日本包车行程,zh,2,google_zh-CN_cn|google_zh-CN_jp,1,日本 包车,acquisto_servizio,False,True,2,turista,5,10,non disponibile,non disponibile,non disponibile,
日本包车要注意什么,zh,2,google_zh-CN_cn|google_zh-CN_jp,1,日本 包车,acquisto_servizio,False,True,2,turista,5,10,non disponibile,non disponibile,non disponibile,
日本包车要给小费吗,zh,2,google_zh-CN_cn|google_zh-CN_jp,1,日本 包车,acquisto_servizio,False,True,2,turista,5,10,non disponibile,non disponibile,non disponibile,
日本包车诈骗,zh,2,google_zh-CN_cn|google_zh-CN_jp,1,日本 包车,acquisto_servizio,False,True,2,turista,5,10,non disponibile,non disponibile,non disponibile,
日本包车贵吗,zh,2,google_zh-CN_cn|google_zh-CN_jp,1,日本 包车,acquisto_servizio,False,True,2,turista,5,10,non disponibile,non disponibile,non disponibile,
日本包车费用,zh,2,baidu|bing_zh-CN,1,日本 包车,acquisto_servizio,False,True,2,turista,5,10,non disponibile,non disponibile,non disponibile,
日本包车费用dcard,zh,2,google_zh-CN_cn|google_zh-CN_jp,1,日本 包车,acquisto_servizio,False,True,2,turista,5,10,non disponibile,non disponibile,non disponibile,
日本包车费用ptt,zh,2,google_zh-CN_cn|google_zh-CN_jp,1,日本 包车,acquisto_servizio,False,True,2,turista,5,10,non disponibile,non disponibile,non disponibile,
日本包车超时,zh,2,google_zh-CN_cn|google_zh-CN_jp,1,日本 包车,acquisto_servizio,False,True,2,turista,5,10,non disponibile,non disponibile,non disponibile,
日本包车超时费用,zh,2,google_zh-CN_cn|google_zh-CN_jp,1,日本 包车,acquisto_servizio,False,True,2,turista,5,10,non disponibile,non disponibile,non disponibile,
日本包车车款,zh,2,google_zh-CN_cn|google_zh-CN_jp,1,日本 包车,acquisto_servizio,False,True,2,turista,5,10,non disponibile,non disponibile,non disponibile,
日本包车需要给小费吗,zh,2,google_zh-CN_cn|google_zh-CN_jp,1,日本 包车,acquisto_servizio,False,True,2,turista,5,10,non disponibile,non disponibile,non disponibile,
日本包车马来西亚,zh,2,google_zh-CN_cn|google_zh-CN_jp,1,日本 包车,acquisto_servizio,False,True,2,turista,5,10,non disponibile,non disponibile,non disponibile,
日本黄包车收入,zh,1,baidu,3,日本 包车|日本 包车 公司 招司机|日本 包车 司机,acquisto_servizio,False,True,2,autista,5,10,non disponibile,non disponibile,non disponibile,
股癌 日本 包车,zh,2,google_zh-CN_cn|google_zh-CN_jp,1,日本 包车,acquisto_servizio,False,True,2,turista,5,10,non disponibile,non disponibile,non disponibile,
莱旅游 日本包车价格,zh,2,google_zh-CN_cn|google_zh-CN_jp,1,日本 包车,acquisto_servizio,False,True,2,turista,5,10,non disponibile,non disponibile,non disponibile,
雄狮 日本 包车,zh,2,google_zh-CN_cn|google_zh-CN_jp,1,日本 包车,acquisto_servizio,False,True,2,turista,5,10,non disponibile,non disponibile,non disponibile,
东京司机招聘,zh,1,baidu,7,东京 包车|东京 司机|东京 英语司机|日本 专车司机 多语种,assunzione,False,True,1,autista,9,9,0.0,0,0.0,
日本司机收入怎么样,zh,1,baidu,7,日本 专车司机 多语种|日本 包车 公司 招司机|日本 包车 司机|日本 包车 司机 英语,informativo,False,True,1,autista,9,9,non disponibile,non disponibile,non disponibile,
日本 包车 司机 英语 兼职怎么样,zh,1,baidu,1,日本 包车 司机 英语,acquisto_servizio,False,True,3,autista,3,9,non disponibile,non disponibile,non disponibile,
日本 包车 司机 英语 兼职招聘,zh,1,baidu,1,日本 包车 司机 英语,assunzione,False,True,3,autista,3,9,non disponibile,non disponibile,non disponibile,
日本 包车 司机 英语 招聘要求高吗,zh,1,baidu,1,日本 包车 司机 英语,assunzione,False,True,3,autista,3,9,non disponibile,non disponibile,non disponibile,
在日本当司机怎么样,zh,1,baidu,6,日本 专车司机 多语种|日本 二种驾照 司机|日本 司机|日本 司机 兼职,informativo,False,True,1,autista,8,8,non disponibile,non disponibile,non disponibile,
东京出租车公司,zh,1,baidu,2,东京 包车|东京 旅游 用车 司机 招聘,acquisto_servizio,False,True,2,turista,4,8,non disponibile,non disponibile,non disponibile,
东京出租车司机收入,zh,1,baidu,2,东京 司机|东京 旅游 用车 司机 招聘,acquisto_servizio,False,True,2,autista,4,8,non disponibile,non disponibile,non disponibile,
国旅 东京 包车,zh,1,baidu,2,东京 包车|东京 旅游 用车 司机 招聘,acquisto_servizio,False,True,2,turista,4,8,non disponibile,non disponibile,non disponibile,
日本东京包车,zh,1,bing_zh-CN,2,东京 包车|日本 包车,acquisto_servizio,False,True,2,turista,4,8,non disponibile,non disponibile,non disponibile,
日本出租车司机,zh,1,baidu,2,日本 包车 司机|日本 高端接送 司机,acquisto_servizio,False,True,2,turista,4,8,non disponibile,non disponibile,non disponibile,
日本出租车司机一个月收入,zh,1,baidu,2,日本 专车司机 多语种|日本 包车 司机 英语,acquisto_servizio,False,True,2,autista,4,8,non disponibile,non disponibile,non disponibile,
日本出租车司机对话日语,zh,1,baidu,2,日本 包车 司机 英语|日本 司机,acquisto_servizio,False,True,2,turista,4,8,non disponibile,non disponibile,non disponibile,
日本包车一日游的价格,zh,1,baidu,2,日本 包车|日本 包车 司机,acquisto_servizio,False,True,2,turista,4,8,non disponibile,non disponibile,non disponibile,
日本包车司机会和你一起用餐吗,zh,1,baidu,2,日本 包车|日本 包车 司机,acquisto_servizio,False,True,2,turista,4,8,non disponibile,non disponibile,non disponibile,
日本包车司机薪水,zh,1,google_zh-CN_cn,2,日本 包车|日本 包车 司机,assunzione,False,True,2,turista,4,8,non disponibile,non disponibile,non disponibile,
东京司机,zh,3,baidu|google_zh-CN_cn|google_zh-CN_jp,1,东京 司机,generico,False,True,1,indefinito,7,7,non disponibile,non disponibile,non disponibile,
司机在东京,zh,1,baidu,5,东京 司机|东京 旅游 用车 司机 招聘|东京 英语司机|日本 专车司机 多语种,generico,False,True,1,indefinito,7,7,non disponibile,non disponibile,non disponibile,
日本司机怎么称呼,zh,3,baidu|google_zh-CN_cn|google_zh-CN_jp,1,日本 司机,informativo,False,True,1,indefinito,7,7,non disponibile,non disponibile,non disponibile,
日本司机特定技能,zh,3,bing_zh-CN|google_zh-CN_cn|google_zh-CN_jp,1,日本 司机,generico,False,True,1,indefinito,7,7,non disponibile,non disponibile,non disponibile,
去日本做司机,zh,1,baidu,4,日本 专车司机 多语种|日本 二种驾照 司机|日本 司机 兼职|日本 司机 招聘,generico,False,True,1,autista,6,6,non disponibile,non disponibile,non disponibile,
日本各类司机收入,zh,1,baidu,4,日本 专车司机 多语种|日本 司机|日本 司机 招聘|日本 高端接送 司机,generico,False,True,1,autista,6,6,non disponibile,non disponibile,non disponibile,
日本的私人司机工资多少,zh,1,baidu,4,日本 专车司机 多语种|日本 司机|日本 司机 兼职|日本 高端接送 司机,assunzione,False,True,1,autista,6,6,non disponibile,non disponibile,non disponibile,
日本计程车司机收入,zh,1,baidu,4,日本 专车司机 多语种|日本 包车 司机 英语|日本 司机|日本 高端接送 司机,generico,False,True,1,autista,6,6,non disponibile,non disponibile,non disponibile,
东京 包车,zh,1,google_zh-CN_cn,1,东京 包车,acquisto_servizio,False,True,2,turista,3,6,non disponibile,non disponibile,non disponibile,
东京 包车 介绍图片,zh,1,baidu,1,东京 包车,acquisto_servizio,False,True,2,turista,3,6,non disponibile,non disponibile,non disponibile,
东京 包车 介绍文案,zh,1,baidu,1,东京 包车,acquisto_servizio,False,True,2,turista,3,6,non disponibile,non disponibile,non disponibile,
东京 包车 价格多少,zh,1,baidu,1,东京 包车,acquisto_servizio,False,True,2,turista,3,6,non disponibile,non disponibile,non disponibile,
东京 包车 价格多少钱,zh,1,baidu,1,东京 包车,acquisto_servizio,False,True,2,turista,3,6,non disponibile,non disponibile,non disponibile,
东京 包车 价格查询,zh,1,baidu,1,东京 包车,acquisto_servizio,False,True,2,turista,3,6,non disponibile,non disponibile,non disponibile,
东京 包车 公司排名,zh,1,baidu,1,东京 包车,acquisto_servizio,False,True,2,turista,3,6,non disponibile,non disponibile,non disponibile,
东京 包车 公司有哪些,zh,1,baidu,1,东京 包车,acquisto_servizio,False,True,2,turista,3,6,non disponibile,non disponibile,non disponibile,
东京 包车 公司电话,zh,1,baidu,1,东京 包车,acquisto_servizio,False,True,2,turista,3,6,non disponibile,non disponibile,non disponibile,
东京 包车 兼职平台,zh,1,baidu,1,东京 包车,acquisto_servizio,False,True,2,autista,3,6,non disponibile,non disponibile,non disponibile,
东京 包车 兼职怎么样,zh,1,baidu,1,东京 包车,acquisto_servizio,False,True,2,autista,3,6,non disponibile,non disponibile,non disponibile,
东京 包车 兼职招聘,zh,1,baidu,1,东京 包车,assunzione,False,True,2,autista,3,6,non disponibile,non disponibile,non disponibile,
东京 包车 招聘信息,zh,1,baidu,1,东京 包车,assunzione,False,True,2,autista,3,6,non disponibile,non disponibile,non disponibile,
东京 包车 招聘信息最新,zh,1,baidu,1,东京 包车,assunzione,False,True,2,autista,3,6,non disponibile,non disponibile,non disponibile,
东京 包车 招聘司机信息,zh,1,baidu,1,东京 包车,assunzione,False,True,2,autista,3,6,non disponibile,non disponibile,non disponibile,
东京 旅游 用车 司机 招聘 英语要求,zh,1,baidu,1,东京 旅游 用车 司机 招聘,assunzione,False,True,2,autista,3,6,non disponibile,non disponibile,non disponibile,
东京 英语司机 兼职工资,zh,1,baidu,1,东京 英语司机,assunzione,False,True,2,autista,3,6,non disponibile,non disponibile,non disponibile,
东京 英语司机 兼职怎么样,zh,1,baidu,1,东京 英语司机,informativo,False,True,2,autista,3,6,non disponibile,non disponibile,non disponibile,
东京 英语司机 兼职招聘,zh,1,baidu,1,东京 英语司机,assunzione,False,True,2,autista,3,6,non disponibile,non disponibile,non disponibile,
东京 英语司机 招聘信息,zh,1,baidu,1,东京 英语司机,assunzione,False,True,2,autista,3,6,non disponibile,non disponibile,non disponibile,
东京 英语司机 招聘官网,zh,1,baidu,1,东京 英语司机,assunzione,False,True,2,autista,3,6,non disponibile,non disponibile,non disponibile,
东京 英语司机人才招聘,zh,1,baidu,1,东京 英语司机,assunzione,False,True,2,operatore,3,6,non disponibile,non disponibile,non disponibile,
东京 英语司机工资高吗,zh,1,baidu,1,东京 英语司机,assunzione,False,True,2,autista,3,6,non disponibile,non disponibile,non disponibile,
东京 英语司机招聘信息,zh,1,baidu,1,东京 英语司机,assunzione,False,True,2,autista,3,6,non disponibile,non disponibile,non disponibile,
东京 英语司机难考吗,zh,1,baidu,1,东京 英语司机,generico,False,True,2,indefinito,3,6,non disponibile,non disponibile,non disponibile,
东京出租车介绍,zh,1,baidu,1,东京 旅游 用车 司机 招聘,acquisto_servizio,False,True,2,turista,3,6,non disponibile,non disponibile,non disponibile,
东京出租车公司电话,zh,1,baidu,1,东京 包车,acquisto_servizio,False,True,2,turista,3,6,non disponibile,non disponibile,non disponibile,
东京出租车司机在线观看,zh,1,bing_zh-CN,1,东京 司机,acquisto_servizio,False,True,2,turista,3,6,non disponibile,non disponibile,non disponibile,
东京出租车司机结局,zh,1,baidu,1,东京 司机,acquisto_servizio,False,True,2,turista,3,6,non disponibile,non disponibile,non disponibile,
东京出租车百度百科,zh,1,baidu,1,东京 司机,acquisto_servizio,False,True,2,turista,3,6,non disponibile,non disponibile,non disponibile,
东京包车10小时1500元划算么,zh,1,baidu,1,东京 包车,acquisto_servizio,False,True,2,turista,3,6,non disponibile,non disponibile,non disponibile,
东京包车一日游,zh,1,google_zh-CN_cn,1,东京 包车,acquisto_servizio,False,True,2,turista,3,6,non disponibile,non disponibile,non disponibile,
东京包车一日游行程,zh,1,google_zh-CN_jp,1,东京 包车,acquisto_servizio,False,True,2,turista,3,6,non disponibile,non disponibile,non disponibile,
东京包车价格,zh,1,baidu,1,东京 包车,acquisto_servizio,False,True,2,turista,3,6,non disponibile,non disponibile,non disponibile,
东京包车到富士山多少钱,zh,1,baidu,1,东京 包车,acquisto_servizio,False,True,2,turista,3,6,non disponibile,non disponibile,non disponibile,
东京包车去outlet,zh,1,baidu,1,东京 包车,acquisto_servizio,False,True,2,turista,3,6,non disponibile,non disponibile,non disponibile,
东京包车阿尔法一天多少钱啊,zh,1,baidu,1,东京 包车,acquisto_servizio,False,True,2,turista,3,6,non disponibile,non disponibile,non disponibile,
去日本旅游包车一天多少钱,zh,1,baidu,1,日本 包车,acquisto_servizio,False,True,2,turista,3,6,non disponibile,non disponibile,non disponibile,
在日本东京拉黄包车一小时多少钱,zh,1,baidu,1,日本 包车 司机,acquisto_servizio,False,True,2,turista,3,6,non disponibile,non disponibile,non disponibile,
在日本坐黄包车多少钱,zh,1,baidu,1,日本 包车,acquisto_servizio,False,True,2,turista,3,6,non disponibile,non disponibile,non disponibile,
日本 专车 介绍ppt,zh,1,baidu,1,日本 专车,generico,False,True,2,indefinito,3,6,non disponibile,non disponibile,non disponibile,
日本 专车 公司排名,zh,1,baidu,1,日本 专车,generico,False,True,2,indefinito,3,6,non disponibile,non disponibile,non disponibile,
日本 专车 公司排行榜,zh,1,baidu,1,日本 专车,generico,False,True,2,indefinito,3,6,non disponibile,non disponibile,non disponibile,
日本 专车 公司有哪些,zh,1,baidu,1,日本 专车,generico,False,True,2,indefinito,3,6,non disponibile,non disponibile,non disponibile,
日本 专车 兼职工资多少,zh,1,baidu,1,日本 专车,assunzione,False,True,2,autista,3,6,non disponibile,non disponibile,non disponibile,
日本 专车 兼职怎么样,zh,1,baidu,1,日本 专车,informativo,False,True,2,autista,3,6,non disponibile,non disponibile,non disponibile,
日本 包车,zh,1,baidu,1,日本 包车,acquisto_servizio,False,True,2,turista,3,6,non disponibile,non disponibile,non disponibile,
日本 包车 东京价格多少,zh,1,baidu,1,日本 包车,acquisto_servizio,False,True,2,turista,3,6,non disponibile,non disponibile,non disponibile,
日本 包车 东京多少钱?,zh,1,baidu,1,日本 包车,acquisto_servizio,False,True,2,turista,3,6,non disponibile,non disponibile,non disponibile,
日本 包车 介绍ppt,zh,1,baidu,1,日本 包车,acquisto_servizio,False,True,2,turista,3,6,non disponibile,non disponibile,non disponibile,
日本 包车 介绍图片,zh,1,baidu,1,日本 包车,acquisto_servizio,False,True,2,turista,3,6,non disponibile,non disponibile,non disponibile,
日本 包车 价格多少,zh,1,baidu,1,日本 包车,acquisto_servizio,False,True,2,turista,3,6,non disponibile,non disponibile,non disponibile,
日本 包车 价格多少钱,zh,1,baidu,1,日本 包车,acquisto_servizio,False,True,2,turista,3,6,non disponibile,non disponibile,non disponibile,
日本 包车 价格查询,zh,1,baidu,1,日本 包车,acquisto_servizio,False,True,2,turista,3,6,non disponibile,non disponibile,non disponibile,
日本 包车 公司 招司机 东京工作,zh,1,baidu,1,日本 包车 公司 招司机,acquisto_servizio,False,True,2,operatore,3,6,non disponibile,non disponibile,non disponibile,
日本 包车 公司 招司机 介绍信,zh,1,baidu,1,日本 包车 公司 招司机,acquisto_servizio,False,True,2,operatore,3,6,non disponibile,non disponibile,non disponibile,
日本 包车 公司 招司机 价格多少,zh,1,baidu,1,日本 包车 公司 招司机,acquisto_servizio,False,True,2,operatore,3,6,non disponibile,non disponibile,non disponibile,
日本 包车 公司 招司机 价格高吗,zh,1,baidu,1,日本 包车 公司 招司机,acquisto_servizio,False,True,2,operatore,3,6,non disponibile,non disponibile,non disponibile,
日本 包车 公司 招司机 公司员工吗,zh,1,baidu,1,日本 包车 公司 招司机,acquisto_servizio,False,True,2,operatore,3,6,non disponibile,non disponibile,non disponibile,
日本 包车 公司 招司机 公司怎么样,zh,1,baidu,1,日本 包车 公司 招司机,acquisto_servizio,False,True,2,operatore,3,6,non disponibile,non disponibile,non disponibile,
日本 包车 公司 招司机 兼职可靠吗,zh,1,baidu,1,日本 包车 公司 招司机,acquisto_servizio,False,True,2,operatore,3,6,non disponibile,non disponibile,non disponibile,
日本 包车 公司 招司机 兼职吗,zh,1,baidu,1,日本 包车 公司 招司机,acquisto_servizio,False,True,2,operatore,3,6,non disponibile,non disponibile,non disponibile,
日本 包车 公司 招司机 招聘信息,zh,1,baidu,1,日本 包车 公司 招司机,assunzione,False,True,2,operatore,3,6,non disponibile,non disponibile,non disponibile,
日本 包车 公司 招司机 招聘要求,zh,1,baidu,1,日本 包车 公司 招司机,assunzione,False,True,2,operatore,3,6,non disponibile,non disponibile,non disponibile,
日本 包车 公司 招司机不给工资,zh,1,baidu,1,日本 包车 公司 招司机,assunzione,False,True,2,operatore,3,6,non disponibile,non disponibile,non disponibile,
日本 包车 公司 招司机人吗,zh,1,baidu,1,日本 包车 公司 招司机,acquisto_servizio,False,True,2,operatore,3,6,non disponibile,non disponibile,non disponibile,
日本 包车 公司 招司机兼职吗,zh,1,baidu,1,日本 包车 公司 招司机,acquisto_servizio,False,True,2,operatore,3,6,non disponibile,non disponibile,non disponibile,
日本 包车 公司 招司机合法吗?,zh,1,baidu,1,日本 包车 公司 招司机,acquisto_servizio,False,True,2,operatore,3,6,non disponibile,non disponibile,non disponibile,
日本 包车 公司 招司机吗,zh,1,baidu,1,日本 包车 公司 招司机,acquisto_servizio,False,True,2,operatore,3,6,non disponibile,non disponibile,non disponibile,
日本 包车 公司 招司机多少岁,zh,1,baidu,1,日本 包车 公司 招司机,acquisto_servizio,False,True,2,operatore,3,6,non disponibile,non disponibile,non disponibile,
日本 包车 公司 招司机安全员吗,zh,1,baidu,1,日本 包车 公司 招司机,acquisto_servizio,False,True,2,operatore,3,6,non disponibile,non disponibile,non disponibile,
日本 包车 公司 招司机年龄要求,zh,1,baidu,1,日本 包车 公司 招司机,acquisto_servizio,False,True,2,operatore,3,6,non disponibile,non disponibile,non disponibile,
日本 包车 公司 招司机提成多少,zh,1,baidu,1,日本 包车 公司 招司机,acquisto_servizio,False,True,2,operatore,3,6,non disponibile,non disponibile,non disponibile,
日本 包车 公司 招司机有提成吗,zh,1,baidu,1,日本 包车 公司 招司机,acquisto_servizio,False,True,2,operatore,3,6,non disponibile,non disponibile,non disponibile,
日本 包车 公司 招司机服务员吗,zh,1,baidu,1,日本 包车 公司 招司机,acquisto_servizio,False,True,2,operatore,3,6,non disponibile,non disponibile,non disponibile,
日本 包车 公司 招司机殴打乘客,zh,1,baidu,1,日本 包车 公司 招司机,acquisto_servizio,False,True,2,operatore,3,6,non disponibile,non disponibile,non disponibile,
日本 包车 公司 招司机求职,zh,1,baidu,1,日本 包车 公司 招司机,assunzione,False,True,2,operatore,3,6,non disponibile,non disponibile,non disponibile,
日本 包车 公司 招司机累吗,zh,1,baidu,1,日本 包车 公司 招司机,acquisto_servizio,False,True,2,operatore,3,6,non disponibile,non disponibile,non disponibile,
日本 包车 公司 招司机要求,zh,1,baidu,1,日本 包车 公司 招司机,acquisto_servizio,False,True,2,operatore,3,6,non disponibile,non disponibile,non disponibile,
日本 包车 公司 招司机赚钱吗,zh,1,baidu,1,日本 包车 公司 招司机,acquisto_servizio,False,True,2,operatore,3,6,non disponibile,non disponibile,non disponibile,
日本 包车 公司 招司机违法吗,zh,1,baidu,1,日本 包车 公司 招司机,acquisto_servizio,False,True,2,operatore,3,6,non disponibile,non disponibile,non disponibile,
日本 包车 公司 招司机需要多久,zh,1,baidu,1,日本 包车 公司 招司机,acquisto_servizio,False,True,2,operatore,3,6,non disponibile,non disponibile,non disponibile,
日本 包车 公司 招司机骗局套路,zh,1,baidu,1,日本 包车 公司 招司机,acquisto_servizio,False,True,2,operatore,3,6,non disponibile,non disponibile,non disponibile,
日本 包车 公司排名,zh,1,baidu,1,日本 包车,acquisto_servizio,False,True,2,turista,3,6,non disponibile,non disponibile,non disponibile,
日本 包车 公司排行榜,zh,1,baidu,1,日本 包车,acquisto_servizio,False,True,2,turista,3,6,non disponibile,non disponibile,non disponibile,
日本 包车 公司有哪些,zh,1,baidu,1,日本 包车,acquisto_servizio,False,True,2,turista,3,6,non disponibile,non disponibile,non disponibile,
日本 包车 兼职多少钱,zh,1,baidu,1,日本 包车,acquisto_servizio,False,True,2,autista,3,6,non disponibile,non disponibile,non disponibile,
日本 包车 兼职平台,zh,1,baidu,1,日本 包车,acquisto_servizio,False,True,2,autista,3,6,non disponibile,non disponibile,non disponibile,
日本 包车 兼职怎么样,zh,1,baidu,1,日本 包车,acquisto_servizio,False,True,2,autista,3,6,non disponibile,non disponibile,non disponibile,
日本 包车 司机 东京招聘,zh,1,baidu,1,日本 包车 司机,assunzione,False,True,2,autista,3,6,non disponibile,non disponibile,non disponibile,
日本 包车 司机 介绍词,zh,1,baidu,1,日本 包车 司机,acquisto_servizio,False,True,2,turista,3,6,non disponibile,non disponibile,non disponibile,
日本 包车 司机 价格一般多少,zh,1,baidu,1,日本 包车 司机,acquisto_servizio,False,True,2,turista,3,6,non disponibile,non disponibile,non disponibile,
日本 包车 司机 价格多少,zh,1,baidu,1,日本 包车 司机,acquisto_servizio,False,True,2,turista,3,6,non disponibile,non disponibile,non disponibile,
日本 包车 司机 价格表,zh,1,baidu,1,日本 包车 司机,acquisto_servizio,False,True,2,turista,3,6,non disponibile,non disponibile,non disponibile,
日本 包车 司机 公司叫什么,zh,1,baidu,1,日本 包车 司机,acquisto_servizio,False,True,2,turista,3,6,non disponibile,non disponibile,non disponibile,
日本 包车 司机 公司排名,zh,1,baidu,1,日本 包车 司机,acquisto_servizio,False,True,2,turista,3,6,non disponibile,non disponibile,non disponibile,
日本 包车 司机 公司有哪些,zh,1,baidu,1,日本 包车 司机,acquisto_servizio,False,True,2,turista,3,6,non disponibile,non disponibile,non disponibile,
日本 包车 司机 兼职平台,zh,1,baidu,1,日本 包车 司机,acquisto_servizio,False,True,2,autista,3,6,non disponibile,non disponibile,non disponibile,
日本 包车 司机 兼职怎么样,zh,1,baidu,1,日本 包车 司机,acquisto_servizio,False,True,2,autista,3,6,non disponibile,non disponibile,non disponibile,
日本 包车 司机 兼职招聘,zh,1,baidu,1,日本 包车 司机,assunzione,False,True,2,autista,3,6,non disponibile,non disponibile,non disponibile,
日本 包车 司机 招聘,zh,1,baidu,1,日本 包车 司机,assunzione,False,True,2,autista,3,6,non disponibile,non disponibile,non disponibile,
日本 包车 司机 招聘信息,zh,1,baidu,1,日本 包车 司机,assunzione,False,True,2,autista,3,6,non disponibile,non disponibile,non disponibile,
日本 包车 司机 招聘网站,zh,1,baidu,1,日本 包车 司机,assunzione,False,True,2,autista,3,6,non disponibile,non disponibile,non disponibile,
日本 包车 司机几点上班,zh,1,baidu,1,日本 包车 司机,acquisto_servizio,False,True,2,turista,3,6,non disponibile,non disponibile,non disponibile,
日本 包车 司机安全吗,zh,1,baidu,1,日本 包车 司机,acquisto_servizio,False,True,2,turista,3,6,non disponibile,non disponibile,non disponibile,
日本 包车 司机工资多少,zh,1,baidu,1,日本 包车 司机,assunzione,False,True,2,autista,3,6,non disponibile,non disponibile,non disponibile,
日本 包车 司机工资高吗,zh,1,baidu,1,日本 包车 司机,assunzione,False,True,2,autista,3,6,non disponibile,non disponibile,non disponibile,
日本 包车 司机开车视频,zh,1,baidu,1,日本 包车 司机,acquisto_servizio,False,True,2,turista,3,6,non disponibile,non disponibile,non disponibile,
日本 包车 司机恶搞视频,zh,1,baidu,1,日本 包车 司机,acquisto_servizio,False,True,2,turista,3,6,non disponibile,non disponibile,non disponibile,
日本 包车 司机招聘,zh,1,baidu,1,日本 包车 司机,assunzione,False,True,2,autista,3,6,non disponibile,non disponibile,non disponibile,
日本 包车 司机招聘网站,zh,1,baidu,1,日本 包车 司机,assunzione,False,True,2,autista,3,6,non disponibile,non disponibile,non disponibile,
日本 包车 司机排名,zh,1,baidu,1,日本 包车 司机,acquisto_servizio,False,True,2,turista,3,6,non disponibile,non disponibile,non disponibile,
日本 包车 司机收入多少,zh,1,baidu,1,日本 包车 司机,acquisto_servizio,False,True,2,autista,3,6,non disponibile,non disponibile,non disponibile,
日本 包车 司机有工资吗,zh,1,baidu,1,日本 包车 司机,assunzione,False,True,2,autista,3,6,non disponibile,non disponibile,non disponibile,
日本 包车 司机服装图片,zh,1,baidu,1,日本 包车 司机,acquisto_servizio,False,True,2,turista,3,6,non disponibile,non disponibile,non disponibile,
日本 包车 司机欧美视频,zh,1,baidu,1,日本 包车 司机,acquisto_servizio,False,True,2,turista,3,6,non disponibile,non disponibile,non disponibile,
日本 包车 司机累不累,zh,1,baidu,1,日本 包车 司机,acquisto_servizio,False,True,2,turista,3,6,non disponibile,non disponibile,non disponibile,
日本 包车 司机赚钱吗,zh,1,baidu,1,日本 包车 司机,acquisto_servizio,False,True,2,turista,3,6,non disponibile,non disponibile,non disponibile,
日本 包车 司机软件下载,zh,1,baidu,1,日本 包车 司机,acquisto_servizio,False,True,2,turista,3,6,non disponibile,non disponibile,non disponibile,
日本 包车 招聘信息,zh,1,baidu,1,日本 包车,assunzione,False,True,2,autista,3,6,non disponibile,non disponibile,non disponibile,
日本 包车 招聘信息网,zh,1,baidu,1,日本 包车,assunzione,False,True,2,autista,3,6,non disponibile,non disponibile,non disponibile,
日本 包车 招聘网站,zh,1,baidu,1,日本 包车,assunzione,False,True,2,autista,3,6,non disponibile,non disponibile,non disponibile,
日本 私人 包车,zh,1,google_zh-CN_jp,1,日本 包车,acquisto_servizio,False,True,2,turista,3,6,non disponibile,non disponibile,non disponibile,
日本 联系包车,zh,1,baidu,1,日本 包车 司机 英语,acquisto_servizio,False,True,2,turista,3,6,non disponibile,non disponibile,non disponibile,
日本专车,zh,1,baidu,1,日本 专车,generico,False,True,2,indefinito,3,6,non disponibile,non disponibile,non disponibile,
日本专车公司日报,zh,1,baidu,1,日本 专车,generico,False,True,2,indefinito,3,6,non disponibile,non disponibile,non disponibile,
日本专车司机工资多少,zh,1,baidu,1,日本 专车,assunzione,False,True,2,autista,3,6,non disponibile,non disponibile,non disponibile,
日本专车报电子版,zh,1,baidu,1,日本 专车,generico,False,True,2,indefinito,3,6,non disponibile,non disponibile,non disponibile,
日本专车服务,zh,1,baidu,1,日本 专车,generico,False,True,2,indefinito,3,6,non disponibile,non disponibile,non disponibile,
日本专车母乳片段,zh,1,baidu,1,日本 专车,generico,False,True,2,indefinito,3,6,non disponibile,non disponibile,non disponibile,
日本全境接送机包车,zh,1,baidu,1,日本 高端接送 司机,acquisto_servizio,False,True,2,turista,3,6,non disponibile,non disponibile,non disponibile,
日本出租车司机平均收入,zh,1,bing_zh-CN,1,日本 司机,acquisto_servizio,False,True,2,autista,3,6,non disponibile,non disponibile,non disponibile,
日本出租车司机收入,zh,1,bing_zh-CN,1,日本 司机,acquisto_servizio,False,True,2,autista,3,6,non disponibile,non disponibile,non disponibile,
日本出租车司机收入和白领相比,zh,1,baidu,1,日本 专车司机 多语种,acquisto_servizio,False,True,2,autista,3,6,non disponibile,non disponibile,non disponibile,
日本出租车司机要求,zh,1,baidu,1,日本 专车司机 多语种,acquisto_servizio,False,True,2,turista,3,6,non disponibile,non disponibile,non disponibile,
日本包车10大忠告,zh,1,baidu,1,日本 包车,acquisto_servizio,False,True,2,turista,3,6,non disponibile,non disponibile,non disponibile,
日本包车一天多少费用?,zh,1,baidu,1,日本 包车,acquisto_servizio,False,True,2,turista,3,6,non disponibile,non disponibile,non disponibile,
日本包车一天多少钱人民币,zh,1,baidu,1,日本 包车,acquisto_servizio,False,True,2,turista,3,6,non disponibile,non disponibile,non disponibile,
日本包车东京至箱根费用是多少钱,zh,1,baidu,1,日本 包车,acquisto_servizio,False,True,2,turista,3,6,non disponibile,non disponibile,non disponibile,
日本包车主图,zh,1,baidu,1,日本 包车,acquisto_servizio,False,True,2,turista,3,6,non disponibile,non disponibile,non disponibile,
日本包车价钱,zh,1,google_zh-CN_cn,1,日本 包车,acquisto_servizio,False,True,2,turista,3,6,non disponibile,non disponibile,non disponibile,
日本包车儿童要安全座椅吗,zh,1,baidu,1,日本 包车,acquisto_servizio,False,True,2,turista,3,6,non disponibile,non disponibile,non disponibile,
日本包车名片,zh,1,baidu,1,日本 包车,acquisto_servizio,False,True,2,turista,3,6,non disponibile,non disponibile,non disponibile,
日本包车图片,zh,1,baidu,1,日本 包车,acquisto_servizio,False,True,2,turista,3,6,non disponibile,non disponibile,non disponibile,
日本包车多少钱一天,zh,1,baidu,1,日本 包车,acquisto_servizio,False,True,2,turista,3,6,non disponibile,non disponibile,non disponibile,
日本包车大巴,zh,1,baidu,1,日本 包车,acquisto_servizio,False,True,2,turista,3,6,non disponibile,non disponibile,non disponibile,
日本包车接送,zh,1,google_zh-CN_cn,1,日本 包车,acquisto_servizio,False,True,2,turista,3,6,non disponibile,non disponibile,non disponibile,
日本包车摩托,zh,1,baidu,1,日本 包车,acquisto_servizio,False,True,2,turista,3,6,non disponibile,non disponibile,non disponibile,
日本包车攻略,zh,1,bing_zh-CN,1,日本 包车,acquisto_servizio,False,True,2,turista,3,6,non disponibile,non disponibile,non disponibile,
日本包车文案,zh,1,baidu,1,日本 包车,acquisto_servizio,False,True,2,turista,3,6,non disponibile,non disponibile,non disponibile,
日本包车文案怎么写,zh,1,baidu,1,日本 包车,acquisto_servizio,False,True,2,turista,3,6,non disponibile,non disponibile,non disponibile,
日本包车文案高级简短,zh,1,baidu,1,日本 包车,acquisto_servizio,False,True,2,turista,3,6,non disponibile,non disponibile,non disponibile,
日本包车服务软件,zh,1,baidu,1,日本 包车,acquisto_servizio,False,True,2,turista,3,6,non disponibile,non disponibile,non disponibile,
日本包车注意事项,zh,1,bing_zh-CN,1,日本 包车,acquisto_servizio,False,True,2,turista,3,6,non disponibile,non disponibile,non disponibile,
日本包车游一天多少钱,zh,1,baidu,1,日本 包车,acquisto_servizio,False,True,2,turista,3,6,non disponibile,non disponibile,non disponibile,
日本包车游平台推荐,zh,1,baidu,1,日本 包车,acquisto_servizio,False,True,2,turista,3,6,non disponibile,non disponibile,non disponibile,
日本包车游记,zh,1,bing_zh-CN,1,日本 包车,acquisto_servizio,False,True,2,turista,3,6,non disponibile,non disponibile,non disponibile,
日本包车游费用大约,zh,1,baidu,1,日本 包车,acquisto_servizio,False,True,2,turista,3,6,non disponibile,non disponibile,non disponibile,
日本包车白牌和绿牌的区别价格差多少,zh,1,baidu,1,日本 包车,acquisto_servizio,False,True,2,turista,3,6,non disponibile,non disponibile,non disponibile,
日本包车白牌有风险吗,zh,1,baidu,1,日本 包车,acquisto_servizio,False,True,2,turista,3,6,non disponibile,non disponibile,non disponibile,
日本包车白牌绿牌,zh,1,baidu,1,日本 包车,acquisto_servizio,False,True,2,turista,3,6,non disponibile,non disponibile,non disponibile,
日本包车绿牌白牌区别,zh,1,baidu,1,日本 包车,acquisto_servizio,False,True,2,turista,3,6,non disponibile,non disponibile,non disponibile,
日本包车评价,zh,1,google_zh-CN_cn,1,日本 包车,acquisto_servizio,False,True,2,turista,3,6,non disponibile,non disponibile,non disponibile,
日本包车费用明细,zh,1,baidu,1,日本 包车,acquisto_servizio,False,True,2,turista,3,6,non disponibile,non disponibile,non disponibile,
日本包车车牌,zh,1,baidu,1,日本 包车,acquisto_servizio,False,True,2,turista,3,6,non disponibile,non disponibile,non disponibile,
日本包车软件,zh,1,baidu,1,日本 包车,acquisto_servizio,False,True,2,turista,3,6,non disponibile,non disponibile,non disponibile,
日本大阪包车费用,zh,1,baidu,1,日本 包车,acquisto_servizio,False,True,2,turista,3,6,non disponibile,non disponibile,non disponibile,
日本天皇专车,zh,1,bing_zh-CN,1,日本 专车,generico,False,True,2,indefinito,3,6,non disponibile,non disponibile,non disponibile,
日本市中心包车,zh,1,bing_zh-CN,1,日本 包车,acquisto_servizio,False,True,2,turista,3,6,non disponibile,non disponibile,non disponibile,
日本自由行包车攻略,zh,1,baidu,1,日本 包车,acquisto_servizio,False,True,2,turista,3,6,non disponibile,non disponibile,non disponibile,
日本首相专车,zh,1,bing_zh-CN,1,日本 专车,generico,False,True,2,indefinito,3,6,non disponibile,non disponibile,non disponibile,
电影 东京出租车司机,zh,1,baidu,1,东京 司机,acquisto_servizio,False,True,2,turista,3,6,non disponibile,non disponibile,non disponibile,
东京 出租 司机,zh,2,google_zh-CN_cn|google_zh-CN_jp,1,东京 司机,generico,False,True,1,indefinito,5,5,non disponibile,non disponibile,non disponibile,
东京 出租 车 司机,zh,2,google_zh-CN_cn|google_zh-CN_jp,1,东京 司机,generico,False,True,1,indefinito,5,5,non disponibile,non disponibile,non disponibile,
东京 出租 车 司机 收入,zh,2,google_zh-CN_cn|google_zh-CN_jp,1,东京 司机,generico,False,True,1,autista,5,5,non disponibile,non disponibile,non disponibile,
东京 出租 车 司机 电影,zh,2,google_zh-CN_cn|google_zh-CN_jp,1,东京 司机,generico,False,True,1,indefinito,5,5,non disponibile,non disponibile,non disponibile,
东京 包 车 司机,zh,2,google_zh-CN_cn|google_zh-CN_jp,1,东京 司机,generico,False,True,1,indefinito,5,5,non disponibile,non disponibile,non disponibile,
东京 司机 木村,zh,2,google_zh-CN_cn|google_zh-CN_jp,1,东京 司机,generico,False,True,1,indefinito,5,5,non disponibile,non disponibile,non disponibile,
东京 司机 木村 拓哉,zh,2,google_zh-CN_cn|google_zh-CN_jp,1,东京 司机,generico,False,True,1,indefinito,5,5,non disponibile,non disponibile,non disponibile,
东京 的 士 司机 收入,zh,2,google_zh-CN_cn|google_zh-CN_jp,1,东京 司机,generico,False,True,1,autista,5,5,non disponibile,non disponibile,non disponibile,
东京 的 士 司机 木村 拓哉,zh,2,google_zh-CN_cn|google_zh-CN_jp,1,东京 司机,generico,False,True,1,indefinito,5,5,non disponibile,non disponibile,non disponibile,
东京 的 士 司机 线上 看,zh,2,google_zh-CN_cn|google_zh-CN_jp,1,东京 司机,generico,False,True,1,indefinito,5,5,non disponibile,non disponibile,non disponibile,
东京 的 计程车 司机,zh,2,google_zh-CN_cn|google_zh-CN_jp,1,东京 司机,generico,False,True,1,indefinito,5,5,non disponibile,non disponibile,non disponibile,
东京 租车 连 司机,zh,2,google_zh-CN_cn|google_zh-CN_jp,1,东京 司机,acquisto_servizio,False,True,1,turista,5,5,non disponibile,non disponibile,non disponibile,
东京 计程车 司机 线上 看,zh,2,google_zh-CN_cn|google_zh-CN_jp,1,东京 司机,generico,False,True,1,indefinito,5,5,non disponibile,non disponibile,non disponibile,
东京司机 木村拓哉,zh,2,google_zh-CN_cn|google_zh-CN_jp,1,东京 司机,generico,False,True,1,indefinito,5,5,non disponibile,non disponibile,non disponibile,
东京司机 电影,zh,2,google_zh-CN_cn|google_zh-CN_jp,1,东京 司机,generico,False,True,1,indefinito,5,5,non disponibile,non disponibile,non disponibile,
司机 有 落 日本,zh,2,google_zh-CN_cn|google_zh-CN_jp,1,日本 司机,generico,False,True,1,indefinito,5,5,non disponibile,non disponibile,non disponibile,
司机才知道日本最强隐藏美食 东京,zh,2,google_zh-CN_cn|google_zh-CN_jp,1,东京 司机,generico,False,True,1,indefinito,5,5,non disponibile,non disponibile,non disponibile,
放鸟 日本 司机,zh,2,google_zh-CN_cn|google_zh-CN_jp,1,日本 司机,generico,False,True,1,indefinito,5,5,non disponibile,non disponibile,non disponibile,
日本 jr 司机,zh,2,google_zh-CN_cn|google_zh-CN_jp,1,日本 司机,generico,False,True,1,indefinito,5,5,non disponibile,non disponibile,non disponibile,
日本 jr 司机 薪水,zh,2,google_zh-CN_cn|google_zh-CN_jp,1,日本 司机,assunzione,False,True,1,indefinito,5,5,non disponibile,non disponibile,non disponibile,
日本 uber 司机,zh,2,google_zh-CN_cn|google_zh-CN_jp,1,日本 司机,generico,False,True,1,indefinito,5,5,non disponibile,non disponibile,non disponibile,
日本 uber 司机 收入,zh,2,google_zh-CN_cn|google_zh-CN_jp,1,日本 司机,generico,False,True,1,autista,5,5,non disponibile,non disponibile,non disponibile,
日本 一 日 司机,zh,2,google_zh-CN_cn|google_zh-CN_jp,1,日本 司机,generico,False,True,1,indefinito,5,5,non disponibile,non disponibile,non disponibile,
日本 东京 租车 连 司机,zh,2,google_zh-CN_cn|google_zh-CN_jp,1,日本 司机,acquisto_servizio,False,True,1,turista,5,5,non disponibile,non disponibile,non disponibile,
日本 公车 司机 山路,zh,2,google_zh-CN_cn|google_zh-CN_jp,1,日本 司机,generico,False,True,1,indefinito,5,5,non disponibile,non disponibile,non disponibile,
日本 公车 司机 说 什么,zh,2,google_zh-CN_cn|google_zh-CN_jp,1,日本 司机,informativo,False,True,1,indefinito,5,5,non disponibile,non disponibile,non disponibile,
日本 出租 车 司机 工资,zh,2,google_zh-CN_cn|google_zh-CN_jp,1,日本 司机,assunzione,False,True,1,autista,5,5,non disponibile,non disponibile,non disponibile,
日本 出租 车 司机 平均 年龄,zh,2,google_zh-CN_cn|google_zh-CN_jp,1,日本 司机,generico,False,True,1,indefinito,5,5,non disponibile,non disponibile,non disponibile,
日本 出租 车 司机 收入,zh,2,google_zh-CN_cn|google_zh-CN_jp,1,日本 司机,generico,False,True,1,autista,5,5,non disponibile,non disponibile,non disponibile,
日本 出租 车 司机 月 收入,zh,2,google_zh-CN_cn|google_zh-CN_jp,1,日本 司机,generico,False,True,1,autista,5,5,non disponibile,non disponibile,non disponibile,
日本 列车 司机,zh,2,google_zh-CN_cn|google_zh-CN_jp,1,日本 司机,generico,False,True,1,indefinito,5,5,non disponibile,non disponibile,non disponibile,
日本 包 车 司机 住宿,zh,2,google_zh-CN_cn|google_zh-CN_jp,1,日本 司机,generico,False,True,1,indefinito,5,5,non disponibile,non disponibile,non disponibile,
日本 北海道 司机,zh,2,google_zh-CN_cn|google_zh-CN_jp,1,日本 司机,generico,False,True,1,indefinito,5,5,non disponibile,non disponibile,non disponibile,
日本 司机 上班 时间,zh,2,google_zh-CN_cn|google_zh-CN_jp,1,日本 司机,generico,False,True,1,indefinito,5,5,non disponibile,non disponibile,non disponibile,
日本 司机 下班 时间,zh,2,google_zh-CN_cn|google_zh-CN_jp,1,日本 司机,generico,False,True,1,indefinito,5,5,non disponibile,non disponibile,non disponibile,
日本 司机 休息,zh,2,google_zh-CN_cn|google_zh-CN_jp,1,日本 司机,generico,False,True,1,indefinito,5,5,non disponibile,non disponibile,non disponibile,
日本 司机 制服,zh,2,google_zh-CN_cn|google_zh-CN_jp,1,日本 司机,generico,False,True,1,indefinito,5,5,non disponibile,non disponibile,non disponibile,
日本 司机 包 车,zh,2,google_zh-CN_cn|google_zh-CN_jp,1,日本 司机,generico,False,True,1,indefinito,5,5,non disponibile,non disponibile,non disponibile,
日本 司机 外国 人,zh,2,google_zh-CN_cn|google_zh-CN_jp,1,日本 司机,generico,False,True,1,indefinito,5,5,non disponibile,non disponibile,non disponibile,
日本 司机 小费 要 给 多少,zh,2,google_zh-CN_cn|google_zh-CN_jp,1,日本 司机,generico,False,True,1,indefinito,5,5,non disponibile,non disponibile,non disponibile,
日本 司机 工 时,zh,2,google_zh-CN_cn|google_zh-CN_jp,1,日本 司机,generico,False,True,1,indefinito,5,5,non disponibile,non disponibile,non disponibile,
日本 司机 工作,zh,2,google_zh-CN_cn|google_zh-CN_jp,1,日本 司机,generico,False,True,1,indefinito,5,5,non disponibile,non disponibile,non disponibile,
日本 司机 工作 时 数,zh,2,google_zh-CN_cn|google_zh-CN_jp,1,日本 司机,generico,False,True,1,indefinito,5,5,non disponibile,non disponibile,non disponibile,
日本 司机 工作 时间,zh,2,google_zh-CN_cn|google_zh-CN_jp,1,日本 司机,generico,False,True,1,indefinito,5,5,non disponibile,non disponibile,non disponibile,
日本 司机 工资,zh,2,google_zh-CN_cn|google_zh-CN_jp,1,日本 司机,assunzione,False,True,1,autista,5,5,non disponibile,non disponibile,non disponibile,
日本 司机 左右,zh,2,google_zh-CN_cn|google_zh-CN_jp,1,日本 司机,generico,False,True,1,indefinito,5,5,non disponibile,non disponibile,non disponibile,
日本 司机 帽,zh,2,google_zh-CN_cn|google_zh-CN_jp,1,日本 司机,generico,False,True,1,indefinito,5,5,non disponibile,non disponibile,non disponibile,
日本 司机 年龄,zh,2,google_zh-CN_cn|google_zh-CN_jp,1,日本 司机,generico,False,True,1,indefinito,5,5,non disponibile,non disponibile,non disponibile,
日本 司机 手套,zh,2,google_zh-CN_cn|google_zh-CN_jp,1,日本 司机,generico,False,True,1,indefinito,5,5,non disponibile,non disponibile,non disponibile,
日本 司机 招聘,zh,2,google_zh-CN_cn|google_zh-CN_jp,1,日本 司机,assunzione,False,True,1,autista,5,5,non disponibile,non disponibile,non disponibile,
日本 司机 接送,zh,2,google_zh-CN_cn|google_zh-CN_jp,1,日本 司机,acquisto_servizio,False,True,1,turista,5,5,non disponibile,non disponibile,non disponibile,
日本 司机 收入,zh,2,google_zh-CN_cn|google_zh-CN_jp,1,日本 司机,generico,False,True,1,autista,5,5,non disponibile,non disponibile,non disponibile,
日本 司机 月薪,zh,2,google_zh-CN_cn|google_zh-CN_jp,1,日本 司机,assunzione,False,True,1,indefinito,5,5,non disponibile,non disponibile,non disponibile,
日本 司机 服装,zh,2,google_zh-CN_cn|google_zh-CN_jp,1,日本 司机,generico,False,True,1,indefinito,5,5,non disponibile,non disponibile,non disponibile,
日本 司机 激 推 隐藏 美食,zh,2,google_zh-CN_cn|google_zh-CN_jp,1,日本 司机,generico,False,True,1,indefinito,5,5,non disponibile,non disponibile,non disponibile,
日本 司机 激 推 隐藏 美食 福冈,zh,2,google_zh-CN_cn|google_zh-CN_jp,1,日本 司机,generico,False,True,1,indefinito,5,5,non disponibile,non disponibile,non disponibile,
日本 司机 特定 技能,zh,2,google_zh-CN_cn|google_zh-CN_jp,1,日本 司机,generico,False,True,1,indefinito,5,5,non disponibile,non disponibile,non disponibile,
日本 司机 特定 技能 考试,zh,2,google_zh-CN_cn|google_zh-CN_jp,1,日本 司机,generico,False,True,1,indefinito,5,5,non disponibile,non disponibile,non disponibile,
日本 司机 白 手套,zh,2,google_zh-CN_cn|google_zh-CN_jp,1,日本 司机,generico,False,True,1,indefinito,5,5,non disponibile,non disponibile,non disponibile,
日本 司机 称呼,zh,2,google_zh-CN_cn|google_zh-CN_jp,1,日本 司机,generico,False,True,1,indefinito,5,5,non disponibile,non disponibile,non disponibile,
日本 司机 薪水,zh,2,google_zh-CN_cn|google_zh-CN_jp,1,日本 司机,assunzione,False,True,1,indefinito,5,5,non disponibile,non disponibile,non disponibile,
日本 司机 要 给 小费 吗,zh,2,google_zh-CN_cn|google_zh-CN_jp,1,日本 司机,generico,False,True,1,indefinito,5,5,non disponibile,non disponibile,non disponibile,
日本 司机 超 时,zh,2,google_zh-CN_cn|google_zh-CN_jp,1,日本 司机,generico,False,True,1,indefinito,5,5,non disponibile,non disponibile,non disponibile,
日本 司机 麻疹,zh,2,google_zh-CN_cn|google_zh-CN_jp,1,日本 司机,generico,False,True,1,indefinito,5,5,non disponibile,non disponibile,non disponibile,
日本 地陷 司机,zh,2,google_zh-CN_cn|google_zh-CN_jp,1,日本 司机,generico,False,True,1,indefinito,5,5,non disponibile,non disponibile,non disponibile,
日本 外籍 公车 司机,zh,2,google_zh-CN_cn|google_zh-CN_jp,1,日本 司机,generico,False,True,1,indefinito,5,5,non disponibile,non disponibile,non disponibile,
日本 巴士 司机 人工,zh,2,google_zh-CN_cn|google_zh-CN_jp,1,日本 司机,generico,False,True,1,indefinito,5,5,non disponibile,non disponibile,non disponibile,
日本 巴士 司机 工资,zh,2,google_zh-CN_cn|google_zh-CN_jp,1,日本 司机,assunzione,False,True,1,autista,5,5,non disponibile,non disponibile,non disponibile,
日本 当 司机,zh,2,google_zh-CN_cn|google_zh-CN_jp,1,日本 司机,generico,False,True,1,indefinito,5,5,non disponibile,non disponibile,non disponibile,
日本 旅游 巴 司机 人工,zh,2,google_zh-CN_cn|google_zh-CN_jp,1,日本 司机,generico,False,True,1,indefinito,5,5,non disponibile,non disponibile,non disponibile,
日本 旅行 司机,zh,2,google_zh-CN_cn|google_zh-CN_jp,1,日本 司机,generico,False,True,1,indefinito,5,5,non disponibile,non disponibile,non disponibile,
日本 旅行 团 司机 小费,zh,2,google_zh-CN_cn|google_zh-CN_jp,1,日本 司机,generico,False,True,1,indefinito,5,5,non disponibile,non disponibile,non disponibile,
日本 游览 车 司机,zh,2,google_zh-CN_cn|google_zh-CN_jp,1,日本 司机,generico,False,True,1,indefinito,5,5,non disponibile,non disponibile,non disponibile,
日本 游览 车 司机 小费,zh,2,google_zh-CN_cn|google_zh-CN_jp,1,日本 司机,generico,False,True,1,indefinito,5,5,non disponibile,non disponibile,non disponibile,
日本 游览 车 司机 工 时,zh,2,google_zh-CN_cn|google_zh-CN_jp,1,日本 司机,generico,False,True,1,indefinito,5,5,non disponibile,non disponibile,non disponibile,
日本 游览 车 司机 工作 时间,zh,2,google_zh-CN_cn|google_zh-CN_jp,1,日本 司机,generico,False,True,1,indefinito,5,5,non disponibile,non disponibile,non disponibile,
日本 游览 车 司机 薪水,zh,2,google_zh-CN_cn|google_zh-CN_jp,1,日本 司机,assunzione,False,True,1,indefinito,5,5,non disponibile,non disponibile,non disponibile,
日本 游览 车 司机 规定,zh,2,google_zh-CN_cn|google_zh-CN_jp,1,日本 司机,generico,False,True,1,indefinito,5,5,non disponibile,non disponibile,non disponibile,
日本 火车 司机,zh,2,google_zh-CN_cn|google_zh-CN_jp,1,日本 司机,generico,False,True,1,indefinito,5,5,non disponibile,non disponibile,non disponibile,
日本 火车 司机 薪水,zh,2,google_zh-CN_cn|google_zh-CN_jp,1,日本 司机,assunzione,False,True,1,indefinito,5,5,non disponibile,non disponibile,non disponibile,
日本 的 士 司机 人工,zh,2,google_zh-CN_cn|google_zh-CN_jp,1,日本 司机,generico,False,True,1,indefinito,5,5,non disponibile,non disponibile,non disponibile,
日本 的 士 司机 年龄,zh,2,google_zh-CN_cn|google_zh-CN_jp,1,日本 司机,generico,False,True,1,indefinito,5,5,non disponibile,non disponibile,non disponibile,
日本 的 士 司机 收入,zh,2,google_zh-CN_cn|google_zh-CN_jp,1,日本 司机,generico,False,True,1,autista,5,5,non disponibile,non disponibile,non disponibile,
日本 租车 附 司机,zh,2,google_zh-CN_cn|google_zh-CN_jp,1,日本 司机,acquisto_servizio,False,True,1,turista,5,5,non disponibile,non disponibile,non disponibile,
日本 老 司机 地图,zh,2,google_zh-CN_cn|google_zh-CN_jp,1,日本 司机,generico,False,True,1,indefinito,5,5,non disponibile,non disponibile,non disponibile,
日本 老 司机 案 内 所,zh,2,google_zh-CN_cn|google_zh-CN_jp,1,日本 司机,generico,False,True,1,indefinito,5,5,non disponibile,non disponibile,non disponibile,
日本 自由 行 司机,zh,2,google_zh-CN_cn|google_zh-CN_jp,1,日本 司机,generico,False,True,1,indefinito,5,5,non disponibile,non disponibile,non disponibile,
日本 计程车 司机 写 东西,zh,2,google_zh-CN_cn|google_zh-CN_jp,1,日本 司机,generico,False,True,1,indefinito,5,5,non disponibile,non disponibile,non disponibile,
日本 计程车 司机 写 什么,zh,2,google_zh-CN_cn|google_zh-CN_jp,1,日本 司机,informativo,False,True,1,indefinito,5,5,non disponibile,non disponibile,non disponibile,
日本 计程车 司机 写 板子,zh,2,google_zh-CN_cn|google_zh-CN_jp,1,日本 司机,generico,False,True,1,indefinito,5,5,non disponibile,non disponibile,non disponibile,
日本 计程车 司机 在 写 什么,zh,2,google_zh-CN_cn|google_zh-CN_jp,1,日本 司机,informativo,False,True,1,indefinito,5,5,non disponibile,non disponibile,non disponibile,
日本 计程车 司机 美食,zh,2,google_zh-CN_cn|google_zh-CN_jp,1,日本 司机,generico,False,True,1,indefinito,5,5,non disponibile,non disponibile,non disponibile,
日本 计程车 司机 都 在 写 什么,zh,2,google_zh-CN_cn|google_zh-CN_jp,1,日本 司机,informativo,False,True,1,indefinito,5,5,non disponibile,non disponibile,non disponibile,
日本东京租车一天多少钱带司机的,zh,1,baidu,3,东京 包车|东京 司机|东京 旅游 用车 司机 招聘,acquisto_servizio,False,True,1,turista,5,5,non disponibile,non disponibile,non disponibile,
日本司机,zh,1,baidu,3,日本 司机|日本 司机 兼职|日本 司机 招聘,generico,False,True,1,indefinito,5,5,non disponibile,non disponibile,non disponibile,
日本司机小费给多少,zh,2,google_zh-CN_cn|google_zh-CN_jp,1,日本 司机,generico,False,True,1,indefinito,5,5,non disponibile,non disponibile,non disponibile,
日本司机工作,zh,2,google_zh-CN_cn|google_zh-CN_jp,1,日本 司机,generico,False,True,1,indefinito,5,5,non disponibile,non disponibile,non disponibile,
日本司机工时,zh,2,google_zh-CN_cn|google_zh-CN_jp,1,日本 司机,generico,False,True,1,indefinito,5,5,non disponibile,non disponibile,non disponibile,
日本司机收入,zh,2,baidu|bing_zh-CN,1,日本 司机,generico,False,True,1,autista,5,5,non disponibile,non disponibile,non disponibile,
日本司机激推 隐藏美食,zh,2,google_zh-CN_cn|google_zh-CN_jp,1,日本 司机,generico,False,True,1,indefinito,5,5,non disponibile,non disponibile,non disponibile,
日本司机特定技能签证,zh,2,baidu|bing_zh-CN,1,日本 司机,generico,False,True,1,indefinito,5,5,non disponibile,non disponibile,non disponibile,
日本司机签,zh,2,google_zh-CN_cn|google_zh-CN_jp,1,日本 司机,generico,False,True,1,indefinito,5,5,non disponibile,non disponibile,non disponibile,
日本司机薪水,zh,2,google_zh-CN_cn|google_zh-CN_jp,1,日本 司机,assunzione,False,True,1,indefinito,5,5,non disponibile,non disponibile,non disponibile,
日本租车带司机,zh,1,baidu,3,日本 包车|日本 包车 司机|日本 包车 司机 英语,acquisto_servizio,False,True,1,turista,5,5,non disponibile,non disponibile,non disponibile,
日本车司机在左还是右,zh,1,baidu,3,日本 专车|日本 专车司机 多语种|日本 司机,generico,False,True,1,indefinito,5,5,non disponibile,non disponibile,non disponibile,
的 士 司机 东京,zh,2,google_zh-CN_cn|google_zh-CN_jp,1,东京 司机,generico,False,True,1,indefinito,5,5,non disponibile,non disponibile,non disponibile,
去日本开车司机多少钱一个月,zh,1,baidu,2,日本 专车司机 多语种|日本 司机 兼职,acquisto_servizio,False,True,1,turista,4,4,non disponibile,non disponibile,non disponibile,
去日本当司机需要什么条件,zh,1,baidu,2,日本 司机 兼职|日本 司机 招聘,informativo,False,True,1,autista,4,4,non disponibile,non disponibile,non disponibile,
日本司机招聘网最新招聘信息,zh,1,baidu,2,日本 司机|日本 司机 招聘,assunzione,False,True,1,autista,4,4,non disponibile,non disponibile,non disponibile,
日本司机签证最新政策,zh,1,baidu,2,日本 司机|日本 司机 兼职,generico,False,True,1,indefinito,4,4,non disponibile,non disponibile,non disponibile,
日本旅游的司机师傅,zh,1,baidu,2,日本 司机|日本 司机 兼职,generico,False,True,1,indefinito,4,4,non disponibile,non disponibile,non disponibile,
kkday 日本 司机,zh,1,google_zh-CN_jp,1,日本 司机,generico,False,True,1,indefinito,3,3,non disponibile,non disponibile,non disponibile,
东京 司机 兼职工资,zh,1,baidu,1,东京 司机,assunzione,False,True,1,autista,3,3,non disponibile,non disponibile,non disponibile,
东京 司机 兼职招聘,zh,1,baidu,1,东京 司机,assunzione,False,True,1,autista,3,3,non disponibile,non disponibile,non disponibile,
东京 司机 兼职招聘信息,zh,1,baidu,1,东京 司机,assunzione,False,True,1,autista,3,3,non disponibile,non disponibile,non disponibile,
东京 司机 招聘信息网,zh,1,baidu,1,东京 司机,assunzione,False,True,1,autista,3,3,non disponibile,non disponibile,non disponibile,
东京 司机 招聘最新信息,zh,1,baidu,1,东京 司机,assunzione,False,True,1,autista,3,3,non disponibile,non disponibile,non disponibile,
东京 旅游 用车 司机 招聘,zh,1,baidu,1,东京 旅游 用车 司机 招聘,assunzione,False,True,1,autista,3,3,non disponibile,non disponibile,non disponibile,
东京 旅游 用车 司机 招聘 东京工作人员,zh,1,baidu,1,东京 旅游 用车 司机 招聘,assunzione,False,True,1,autista,3,3,non disponibile,non disponibile,non disponibile,
东京 旅游 用车 司机 招聘 介绍,zh,1,baidu,1,东京 旅游 用车 司机 招聘,assunzione,False,True,1,autista,3,3,non disponibile,non disponibile,non disponibile,
东京 旅游 用车 司机 招聘 介绍信,zh,1,baidu,1,东京 旅游 用车 司机 招聘,assunzione,False,True,1,autista,3,3,non disponibile,non disponibile,non disponibile,
东京 旅游 用车 司机 招聘 介绍信息,zh,1,baidu,1,东京 旅游 用车 司机 招聘,assunzione,False,True,1,autista,3,3,non disponibile,non disponibile,non disponibile,
东京 旅游 用车 司机 招聘 价格查询,zh,1,baidu,1,东京 旅游 用车 司机 招聘,assunzione,False,True,1,autista,3,3,non disponibile,non disponibile,non disponibile,
东京 旅游 用车 司机 招聘 价格表,zh,1,baidu,1,东京 旅游 用车 司机 招聘,assunzione,False,True,1,autista,3,3,non disponibile,non disponibile,non disponibile,
东京 旅游 用车 司机 招聘 价格表最新,zh,1,baidu,1,东京 旅游 用车 司机 招聘,assunzione,False,True,1,autista,3,3,non disponibile,non disponibile,non disponibile,
东京 旅游 用车 司机 招聘 公司有哪些,zh,1,baidu,1,东京 旅游 用车 司机 招聘,assunzione,False,True,1,autista,3,3,non disponibile,non disponibile,non disponibile,
东京 旅游 用车 司机 招聘 兼职,zh,1,baidu,1,东京 旅游 用车 司机 招聘,assunzione,False,True,1,autista,3,3,non disponibile,non disponibile,non disponibile,
东京 旅游 用车 司机 招聘 兼职信息,zh,1,baidu,1,东京 旅游 用车 司机 招聘,assunzione,False,True,1,autista,3,3,non disponibile,non disponibile,non disponibile,
东京 旅游 用车 司机 招聘 兼职工作,zh,1,baidu,1,东京 旅游 用车 司机 招聘,assunzione,False,True,1,autista,3,3,non disponibile,non disponibile,non disponibile,
东京 旅游 用车 司机 招聘上海,zh,1,baidu,1,东京 旅游 用车 司机 招聘,assunzione,False,True,1,autista,3,3,non disponibile,non disponibile,non disponibile,
东京 旅游 用车 司机 招聘信息,zh,1,baidu,1,东京 旅游 用车 司机 招聘,assunzione,False,True,1,autista,3,3,non disponibile,non disponibile,non disponibile,
东京 旅游 用车 司机 招聘信息最新,zh,1,baidu,1,东京 旅游 用车 司机 招聘,assunzione,False,True,1,autista,3,3,non disponibile,non disponibile,non disponibile,
东京 旅游 用车 司机 招聘入口在哪,zh,1,baidu,1,东京 旅游 用车 司机 招聘,assunzione,False,True,1,autista,3,3,non disponibile,non disponibile,non disponibile,
东京 旅游 用车 司机 招聘名单,zh,1,baidu,1,东京 旅游 用车 司机 招聘,assunzione,False,True,1,autista,3,3,non disponibile,non disponibile,non disponibile,
东京 旅游 用车 司机 招聘安全员,zh,1,baidu,1,东京 旅游 用车 司机 招聘,assunzione,False,True,1,autista,3,3,non disponibile,non disponibile,non disponibile,
东京 旅游 用车 司机 招聘官网,zh,1,baidu,1,东京 旅游 用车 司机 招聘,assunzione,False,True,1,autista,3,3,non disponibile,non disponibile,non disponibile,
东京 旅游 用车 司机 招聘年龄要求,zh,1,baidu,1,东京 旅游 用车 司机 招聘,assunzione,False,True,1,autista,3,3,non disponibile,non disponibile,non disponibile,
东京 旅游 用车 司机 招聘普工,zh,1,baidu,1,东京 旅游 用车 司机 招聘,assunzione,False,True,1,autista,3,3,non disponibile,non disponibile,non disponibile,
东京 旅游 用车 司机 招聘最新消息,zh,1,baidu,1,东京 旅游 用车 司机 招聘,assunzione,False,True,1,autista,3,3,non disponibile,non disponibile,non disponibile,
东京 旅游 用车 司机 招聘条件,zh,1,baidu,1,东京 旅游 用车 司机 招聘,assunzione,False,True,1,autista,3,3,non disponibile,non disponibile,non disponibile,
东京 旅游 用车 司机 招聘求职,zh,1,baidu,1,东京 旅游 用车 司机 招聘,assunzione,False,True,1,autista,3,3,non disponibile,non disponibile,non disponibile,
东京 旅游 用车 司机 招聘流程,zh,1,baidu,1,东京 旅游 用车 司机 招聘,assunzione,False,True,1,autista,3,3,non disponibile,non disponibile,non disponibile,
东京 旅游 用车 司机 招聘电话号码,zh,1,baidu,1,东京 旅游 用车 司机 招聘,assunzione,False,True,1,autista,3,3,non disponibile,non disponibile,non disponibile,
东京 旅游 用车 司机 招聘简章,zh,1,baidu,1,东京 旅游 用车 司机 招聘,assunzione,False,True,1,autista,3,3,non disponibile,non disponibile,non disponibile,
东京 旅游 用车 司机 招聘网,zh,1,baidu,1,东京 旅游 用车 司机 招聘,assunzione,False,True,1,autista,3,3,non disponibile,non disponibile,non disponibile,
东京 旅游 用车 司机 招聘网站,zh,1,baidu,1,东京 旅游 用车 司机 招聘,assunzione,False,True,1,autista,3,3,non disponibile,non disponibile,non disponibile,
东京 旅游 用车 司机 招聘要求高吗,zh,1,baidu,1,东京 旅游 用车 司机 招聘,assunzione,False,True,1,autista,3,3,non disponibile,non disponibile,non disponibile,
东京福利影院你懂的老司机,zh,1,bing_zh-CN,1,东京 司机,generico,False,True,1,indefinito,3,3,non disponibile,non disponibile,non disponibile,
中国女游客在日本遭电车撞击身亡死者父母状告电车公司及司机索赔1亿日元,zh,1,bing_zh-CN,1,日本 司机,generico,False,True,1,indefinito,3,3,non disponibile,non disponibile,non disponibile,
旅乘-日本自由行包車,zh,1,bing_zh-CN,1,日本 包车,acquisto_servizio,False,True,1,indefinito,3,3,non disponibile,non disponibile,non disponibile,
日本 二种驾照 司机 东京能用吗,zh,1,baidu,1,日本 二种驾照 司机,generico,False,True,1,indefinito,3,3,non disponibile,non disponibile,non disponibile,
日本 二种驾照 司机 价格一样吗,zh,1,baidu,1,日本 二种驾照 司机,acquisto_servizio,False,True,1,turista,3,3,non disponibile,non disponibile,non disponibile,
日本 二种驾照 司机 价格是多少,zh,1,baidu,1,日本 二种驾照 司机,acquisto_servizio,False,True,1,turista,3,3,non disponibile,non disponibile,non disponibile,
日本 二种驾照 司机 公司叫什么,zh,1,baidu,1,日本 二种驾照 司机,informativo,False,True,1,indefinito,3,3,non disponibile,non disponibile,non disponibile,
日本 二种驾照 司机 公司是什么,zh,1,baidu,1,日本 二种驾照 司机,informativo,False,True,1,indefinito,3,3,non disponibile,non disponibile,non disponibile,
日本 二种驾照 司机 公司有哪些,zh,1,baidu,1,日本 二种驾照 司机,generico,False,True,1,indefinito,3,3,non disponibile,non disponibile,non disponibile,
日本 二种驾照 司机不能开车,zh,1,baidu,1,日本 二种驾照 司机,generico,False,True,1,indefinito,3,3,non disponibile,non disponibile,non disponibile,
日本 二种驾照 司机人数,zh,1,baidu,1,日本 二种驾照 司机,generico,False,True,1,indefinito,3,3,non disponibile,non disponibile,non disponibile,
日本 二种驾照 司机制度,zh,1,baidu,1,日本 二种驾照 司机,generico,False,True,1,indefinito,3,3,non disponibile,non disponibile,non disponibile,
日本 二种驾照 司机区别,zh,1,baidu,1,日本 二种驾照 司机,generico,False,True,1,indefinito,3,3,non disponibile,non disponibile,non disponibile,
日本 二种驾照 司机叫什么,zh,1,baidu,1,日本 二种驾照 司机,informativo,False,True,1,indefinito,3,3,non disponibile,non disponibile,non disponibile,
日本 二种驾照 司机叫啥,zh,1,baidu,1,日本 二种驾照 司机,generico,False,True,1,indefinito,3,3,non disponibile,non disponibile,non disponibile,
日本 二种驾照 司机名字,zh,1,baidu,1,日本 二种驾照 司机,generico,False,True,1,indefinito,3,3,non disponibile,non disponibile,non disponibile,
日本 二种驾照 司机图片,zh,1,baidu,1,日本 二种驾照 司机,generico,False,True,1,indefinito,3,3,non disponibile,non disponibile,non disponibile,
日本 二种驾照 司机安全吗,zh,1,baidu,1,日本 二种驾照 司机,generico,False,True,1,indefinito,3,3,non disponibile,non disponibile,non disponibile,
日本 二种驾照 司机工资高吗,zh,1,baidu,1,日本 二种驾照 司机,assunzione,False,True,1,autista,3,3,non disponibile,non disponibile,non disponibile,
日本 二种驾照 司机是什么,zh,1,baidu,1,日本 二种驾照 司机,informativo,False,True,1,indefinito,3,3,non disponibile,non disponibile,non disponibile,
日本 二种驾照 司机有工资吗,zh,1,baidu,1,日本 二种驾照 司机,assunzione,False,True,1,autista,3,3,non disponibile,non disponibile,non disponibile,
日本 二种驾照 司机服装,zh,1,baidu,1,日本 二种驾照 司机,generico,False,True,1,indefinito,3,3,non disponibile,non disponibile,non disponibile,
日本 二种驾照 司机的区别,zh,1,baidu,1,日本 二种驾照 司机,generico,False,True,1,indefinito,3,3,non disponibile,non disponibile,non disponibile,
日本 二种驾照 司机能开车吗,zh,1,baidu,1,日本 二种驾照 司机,generico,False,True,1,indefinito,3,3,non disponibile,non disponibile,non disponibile,
日本 二种驾照 司机车型,zh,1,baidu,1,日本 二种驾照 司机,generico,False,True,1,indefinito,3,3,non disponibile,non disponibile,non disponibile,
日本 二种驾照 司机违法吗,zh,1,baidu,1,日本 二种驾照 司机,generico,False,True,1,indefinito,3,3,non disponibile,non disponibile,non disponibile,
日本 司机 bl,zh,1,baidu,1,日本 司机,generico,False,True,1,indefinito,3,3,non disponibile,non disponibile,non disponibile,
日本 司机 价格一般多少,zh,1,baidu,1,日本 司机,acquisto_servizio,False,True,1,turista,3,3,non disponibile,non disponibile,non disponibile,
日本 司机 公司排行榜,zh,1,baidu,1,日本 司机,generico,False,True,1,indefinito,3,3,non disponibile,non disponibile,non disponibile,
日本 司机 兼职 价格多少,zh,1,baidu,1,日本 司机 兼职,acquisto_servizio,False,True,1,autista,3,3,non disponibile,non disponibile,non disponibile,
日本 司机 兼职 价格怎么样,zh,1,baidu,1,日本 司机 兼职,acquisto_servizio,False,True,1,autista,3,3,non disponibile,non disponibile,non disponibile,
日本 司机 兼职 公司怎么样,zh,1,baidu,1,日本 司机 兼职,informativo,False,True,1,autista,3,3,non disponibile,non disponibile,non disponibile,
日本 司机 兼职 公司有哪些,zh,1,baidu,1,日本 司机 兼职,generico,False,True,1,autista,3,3,non disponibile,non disponibile,non disponibile,
日本 司机 兼职 兼职多少钱,zh,1,baidu,1,日本 司机 兼职,acquisto_servizio,False,True,1,autista,3,3,non disponibile,non disponibile,non disponibile,
日本 司机 兼职 兼职工作,zh,1,baidu,1,日本 司机 兼职,generico,False,True,1,autista,3,3,non disponibile,non disponibile,non disponibile,
日本 司机 兼职 兼职怎么样,zh,1,baidu,1,日本 司机 兼职,informativo,False,True,1,autista,3,3,non disponibile,non disponibile,non disponibile,
日本 司机 兼职 招聘信息,zh,1,baidu,1,日本 司机 兼职,assunzione,False,True,1,autista,3,3,non disponibile,non disponibile,non disponibile,
日本 司机 兼职 招聘网,zh,1,baidu,1,日本 司机 兼职,assunzione,False,True,1,autista,3,3,non disponibile,non disponibile,non disponibile,
日本 司机 兼职 招聘网站,zh,1,baidu,1,日本 司机 兼职,assunzione,False,True,1,autista,3,3,non disponibile,non disponibile,non disponibile,
日本 司机 兼职app,zh,1,baidu,1,日本 司机 兼职,generico,False,True,1,autista,3,3,non disponibile,non disponibile,non disponibile,
日本 司机 兼职人员工资,zh,1,baidu,1,日本 司机 兼职,assunzione,False,True,1,autista,3,3,non disponibile,non disponibile,non disponibile,
日本 司机 兼职去哪里找,zh,1,baidu,1,日本 司机 兼职,generico,False,True,1,autista,3,3,non disponibile,non disponibile,non disponibile,
日本 司机 兼职可以干吗,zh,1,baidu,1,日本 司机 兼职,generico,False,True,1,autista,3,3,non disponibile,non disponibile,non disponibile,
日本 司机 兼职多少钱,zh,1,baidu,1,日本 司机 兼职,acquisto_servizio,False,True,1,autista,3,3,non disponibile,non disponibile,non disponibile,
日本 司机 兼职好做吗,zh,1,baidu,1,日本 司机 兼职,generico,False,True,1,autista,3,3,non disponibile,non disponibile,non disponibile,
日本 司机 兼职安全吗,zh,1,baidu,1,日本 司机 兼职,generico,False,True,1,autista,3,3,non disponibile,non disponibile,non disponibile,
日本 司机 兼职工资多少,zh,1,baidu,1,日本 司机 兼职,assunzione,False,True,1,autista,3,3,non disponibile,non disponibile,non disponibile,
日本 司机 兼职平台,zh,1,baidu,1,日本 司机 兼职,generico,False,True,1,autista,3,3,non disponibile,non disponibile,non disponibile,
日本 司机 兼职年龄限制,zh,1,baidu,1,日本 司机 兼职,generico,False,True,1,autista,3,3,non disponibile,non disponibile,non disponibile,
日本 司机 兼职有工资吗,zh,1,baidu,1,日本 司机 兼职,assunzione,False,True,1,autista,3,3,non disponibile,non disponibile,non disponibile,
日本 司机 兼职条件,zh,1,baidu,1,日本 司机 兼职,generico,False,True,1,autista,3,3,non disponibile,non disponibile,non disponibile,
日本 司机 兼职累吗,zh,1,baidu,1,日本 司机 兼职,generico,False,True,1,autista,3,3,non disponibile,non disponibile,non disponibile,
日本 司机 兼职网站,zh,1,baidu,1,日本 司机 兼职,generico,False,True,1,autista,3,3,non disponibile,non disponibile,non disponibile,
日本 司机 兼职薪酬,zh,1,baidu,1,日本 司机 兼职,assunzione,False,True,1,autista,3,3,non disponibile,non disponibile,non disponibile,
日本 司机 兼职费用多少,zh,1,baidu,1,日本 司机 兼职,generico,False,True,1,autista,3,3,non disponibile,non disponibile,non disponibile,
日本 司机 兼职赚钱吗,zh,1,baidu,1,日本 司机 兼职,generico,False,True,1,autista,3,3,non disponibile,non disponibile,non disponibile,
日本 司机 兼职违法吗,zh,1,baidu,1,日本 司机 兼职,generico,False,True,1,autista,3,3,non disponibile,non disponibile,non disponibile,
日本 司机 招聘 东京公司,zh,1,baidu,1,日本 司机 招聘,assunzione,False,True,1,autista,3,3,non disponibile,non disponibile,non disponibile,
日本 司机 招聘 东京工作,zh,1,baidu,1,日本 司机 招聘,assunzione,False,True,1,autista,3,3,non disponibile,non disponibile,non disponibile,
日本 司机 招聘 介绍,zh,1,baidu,1,日本 司机 招聘,assunzione,False,True,1,autista,3,3,non disponibile,non disponibile,non disponibile,
日本 司机 招聘 介绍信,zh,1,baidu,1,日本 司机 招聘,assunzione,False,True,1,autista,3,3,non disponibile,non disponibile,non disponibile,
日本 司机 招聘 价格多少,zh,1,baidu,1,日本 司机 招聘,assunzione,False,True,1,autista,3,3,non disponibile,non disponibile,non disponibile,
日本 司机 招聘 价格查询,zh,1,baidu,1,日本 司机 招聘,assunzione,False,True,1,autista,3,3,non disponibile,non disponibile,non disponibile,
日本 司机 招聘 价格表,zh,1,baidu,1,日本 司机 招聘,assunzione,False,True,1,autista,3,3,non disponibile,non disponibile,non disponibile,
日本 司机 招聘 公司怎么样,zh,1,baidu,1,日本 司机 招聘,assunzione,False,True,1,autista,3,3,non disponibile,non disponibile,non disponibile,
日本 司机 招聘 公司有哪些,zh,1,baidu,1,日本 司机 招聘,assunzione,False,True,1,autista,3,3,non disponibile,non disponibile,non disponibile,
日本 司机 招聘 兼职信息,zh,1,baidu,1,日本 司机 招聘,assunzione,False,True,1,autista,3,3,non disponibile,non disponibile,non disponibile,
日本 司机 招聘 兼职可靠吗,zh,1,baidu,1,日本 司机 招聘,assunzione,False,True,1,autista,3,3,non disponibile,non disponibile,non disponibile,
日本 司机 招聘官网,zh,1,baidu,1,日本 司机 招聘,assunzione,False,True,1,autista,3,3,non disponibile,non disponibile,non disponibile,
日本 司机 招聘平台官网,zh,1,baidu,1,日本 司机 招聘,assunzione,False,True,1,autista,3,3,non disponibile,non disponibile,non disponibile,
日本 司机 招聘年龄要求,zh,1,baidu,1,日本 司机 招聘,assunzione,False,True,1,autista,3,3,non disponibile,non disponibile,non disponibile,
日本 司机 招聘按摩师,zh,1,baidu,1,日本 司机 招聘,assunzione,False,True,1,autista,3,3,non disponibile,non disponibile,non disponibile,
日本 司机 招聘最新消息,zh,1,baidu,1,日本 司机 招聘,assunzione,False,True,1,autista,3,3,non disponibile,non disponibile,non disponibile,
日本 司机 招聘条件要求,zh,1,baidu,1,日本 司机 招聘,assunzione,False,True,1,autista,3,3,non disponibile,non disponibile,non disponibile,
日本 司机 招聘求职网站,zh,1,baidu,1,日本 司机 招聘,assunzione,False,True,1,autista,3,3,non disponibile,non disponibile,non disponibile,
日本 司机 招聘流程图,zh,1,baidu,1,日本 司机 招聘,assunzione,False,True,1,autista,3,3,non disponibile,non disponibile,non disponibile,
日本 司机 招聘网址,zh,1,baidu,1,日本 司机 招聘,assunzione,False,True,1,autista,3,3,non disponibile,non disponibile,non disponibile,
日本 司机 招聘要求高吗,zh,1,baidu,1,日本 司机 招聘,assunzione,False,True,1,autista,3,3,non disponibile,non disponibile,non disponibile,
日本 司机 招聘软件下载,zh,1,baidu,1,日本 司机 招聘,assunzione,False,True,1,autista,3,3,non disponibile,non disponibile,non disponibile,
日本 司机搭乘客是个女鬼的电影,zh,1,baidu,1,日本 司机,generico,False,True,1,indefinito,3,3,non disponibile,non disponibile,non disponibile,
日本 高端接送 司机 东京多少钱,zh,1,baidu,1,日本 高端接送 司机,acquisto_servizio,False,True,1,turista,3,3,non disponibile,non disponibile,non disponibile,
日本 高端接送 司机 价格多少,zh,1,baidu,1,日本 高端接送 司机,acquisto_servizio,False,True,1,turista,3,3,non disponibile,non disponibile,non disponibile,
日本 高端接送 司机 价格表,zh,1,baidu,1,日本 高端接送 司机,acquisto_servizio,False,True,1,turista,3,3,non disponibile,non disponibile,non disponibile,
日本 高端接送 司机 公司,zh,1,baidu,1,日本 高端接送 司机,acquisto_servizio,False,True,1,turista,3,3,non disponibile,non disponibile,non disponibile,
日本 高端接送 司机 公司排名,zh,1,baidu,1,日本 高端接送 司机,acquisto_servizio,False,True,1,turista,3,3,non disponibile,non disponibile,non disponibile,
日本 高端接送 司机 公司有哪些,zh,1,baidu,1,日本 高端接送 司机,acquisto_servizio,False,True,1,turista,3,3,non disponibile,non disponibile,non disponibile,
日本 高端接送 司机 兼职平台,zh,1,baidu,1,日本 高端接送 司机,acquisto_servizio,False,True,1,autista,3,3,non disponibile,non disponibile,non disponibile,
日本 高端接送 司机 兼职怎么样,zh,1,baidu,1,日本 高端接送 司机,acquisto_servizio,False,True,1,autista,3,3,non disponibile,non disponibile,non disponibile,
日本 高端接送 司机 兼职招聘,zh,1,baidu,1,日本 高端接送 司机,assunzione,False,True,1,autista,3,3,non disponibile,non disponibile,non disponibile,
日本 高端接送 司机 招聘,zh,1,baidu,1,日本 高端接送 司机,assunzione,False,True,1,autista,3,3,non disponibile,non disponibile,non disponibile,
日本 高端接送 司机 招聘信息,zh,1,baidu,1,日本 高端接送 司机,assunzione,False,True,1,autista,3,3,non disponibile,non disponibile,non disponibile,
日本 高端接送 司机叫啥,zh,1,baidu,1,日本 高端接送 司机,acquisto_servizio,False,True,1,turista,3,3,non disponibile,non disponibile,non disponibile,
日本 高端接送 司机品牌,zh,1,baidu,1,日本 高端接送 司机,acquisto_servizio,False,True,1,turista,3,3,non disponibile,non disponibile,non disponibile,
日本 高端接送 司机图片,zh,1,baidu,1,日本 高端接送 司机,acquisto_servizio,False,True,1,turista,3,3,non disponibile,non disponibile,non disponibile,
日本 高端接送 司机多少钱,zh,1,baidu,1,日本 高端接送 司机,acquisto_servizio,False,True,1,turista,3,3,non disponibile,non disponibile,non disponibile,
日本 高端接送 司机好吗,zh,1,baidu,1,日本 高端接送 司机,acquisto_servizio,False,True,1,turista,3,3,non disponibile,non disponibile,non disponibile,
日本 高端接送 司机安全吗,zh,1,baidu,1,日本 高端接送 司机,acquisto_servizio,False,True,1,turista,3,3,non disponibile,non disponibile,non disponibile,
日本 高端接送 司机工资,zh,1,baidu,1,日本 高端接送 司机,assunzione,False,True,1,autista,3,3,non disponibile,non disponibile,non disponibile,
日本 高端接送 司机工资多少,zh,1,baidu,1,日本 高端接送 司机,assunzione,False,True,1,autista,3,3,non disponibile,non disponibile,non disponibile,
日本 高端接送 司机工资高吗,zh,1,baidu,1,日本 高端接送 司机,assunzione,False,True,1,autista,3,3,non disponibile,non disponibile,non disponibile,
日本 高端接送 司机招聘,zh,1,baidu,1,日本 高端接送 司机,assunzione,False,True,1,autista,3,3,non disponibile,non disponibile,non disponibile,
日本 高端接送 司机是什么,zh,1,baidu,1,日本 高端接送 司机,acquisto_servizio,False,True,1,turista,3,3,non disponibile,non disponibile,non disponibile,
日本 高端接送 司机欧美视频,zh,1,baidu,1,日本 高端接送 司机,acquisto_servizio,False,True,1,turista,3,3,non disponibile,non disponibile,non disponibile,
日本 高端接送 司机累不累,zh,1,baidu,1,日本 高端接送 司机,acquisto_servizio,False,True,1,turista,3,3,non disponibile,non disponibile,non disponibile,
日本 高端接送 司机网站,zh,1,baidu,1,日本 高端接送 司机,acquisto_servizio,False,True,1,turista,3,3,non disponibile,non disponibile,non disponibile,
日本 高端接送 司机薪资,zh,1,baidu,1,日本 高端接送 司机,assunzione,False,True,1,turista,3,3,non disponibile,non disponibile,non disponibile,
日本 高端接送 司机要多少钱,zh,1,baidu,1,日本 高端接送 司机,acquisto_servizio,False,True,1,turista,3,3,non disponibile,non disponibile,non disponibile,
日本 高端接送 司机费用多少,zh,1,baidu,1,日本 高端接送 司机,acquisto_servizio,False,True,1,turista,3,3,non disponibile,non disponibile,non disponibile,
日本 高端接送 司机车型,zh,1,baidu,1,日本 高端接送 司机,acquisto_servizio,False,True,1,turista,3,3,non disponibile,non disponibile,non disponibile,
日本 高端接送 司机软件下载,zh,1,baidu,1,日本 高端接送 司机,acquisto_servizio,False,True,1,turista,3,3,non disponibile,non disponibile,non disponibile,
日本80岁司机,zh,1,baidu,1,日本 司机,generico,False,True,1,indefinito,3,3,non disponibile,non disponibile,non disponibile,
日本东京接送机,zh,1,baidu,1,日本 高端接送 司机,acquisto_servizio,False,True,1,turista,3,3,non disponibile,non disponibile,non disponibile,
日本人大车司机晚餐,zh,1,baidu,1,日本 司机,generico,False,True,1,indefinito,3,3,non disponibile,non disponibile,non disponibile,
日本人的驾驶员和日本人的司机,zh,1,baidu,1,日本 司机,generico,False,True,1,indefinito,3,3,non disponibile,non disponibile,non disponibile,
日本司机一个月多少万,zh,1,baidu,1,日本 司机,generico,False,True,1,indefinito,3,3,non disponibile,non disponibile,non disponibile,
日本司机一天工作多少小时,zh,1,baidu,1,日本 司机,generico,False,True,1,turista,3,3,non disponibile,non disponibile,non disponibile,
日本司机下车时说的什么,zh,1,baidu,1,日本 司机,informativo,False,True,1,indefinito,3,3,non disponibile,non disponibile,non disponibile,
日本司机位置在左还是右,zh,1,baidu,1,日本 司机,generico,False,True,1,indefinito,3,3,non disponibile,non disponibile,non disponibile,
日本司机兼职,zh,1,baidu,1,日本 司机 兼职,generico,False,True,1,autista,3,3,non disponibile,non disponibile,non disponibile,
日本司机制服,zh,1,baidu,1,日本 司机,generico,False,True,1,indefinito,3,3,non disponibile,non disponibile,non disponibile,
日本司机吃午饭视频,zh,1,baidu,1,日本 司机,generico,False,True,1,indefinito,3,3,non disponibile,non disponibile,non disponibile,
日本司机在左边还是右边,zh,1,baidu,1,日本 司机,generico,False,True,1,indefinito,3,3,non disponibile,non disponibile,non disponibile,
日本司机多少钱一个月,zh,1,baidu,1,日本 司机,acquisto_servizio,False,True,1,turista,3,3,non disponibile,non disponibile,non disponibile,
日本司机帮女主照顾瘫痪的老公的电影叫什么名字,zh,1,baidu,1,日本 司机,informativo,False,True,1,indefinito,3,3,non disponibile,non disponibile,non disponibile,
日本司机平均年龄,zh,1,baidu,1,日本 司机,generico,False,True,1,indefinito,3,3,non disponibile,non disponibile,non disponibile,
日本司机年龄,zh,1,baidu,1,日本 司机,generico,False,True,1,indefinito,3,3,non disponibile,non disponibile,non disponibile,
日本司机座位在哪边,zh,1,baidu,1,日本 司机,generico,False,True,1,indefinito,3,3,non disponibile,non disponibile,non disponibile,
日本司机开甲壳虫,zh,1,baidu,1,日本 司机,generico,False,True,1,indefinito,3,3,non disponibile,non disponibile,non disponibile,
日本司机开车 悬崖 中国人,zh,1,baidu,1,日本 司机,generico,False,True,1,indefinito,3,3,non disponibile,non disponibile,non disponibile,
日本司机开车靠左还是靠右,zh,1,baidu,1,日本 司机,generico,False,True,1,indefinito,3,3,non disponibile,non disponibile,non disponibile,
日本司机必须清楚认识红黄蓝,zh,1,baidu,1,日本 司机,generico,False,True,1,indefinito,3,3,non disponibile,non disponibile,non disponibile,
日本司机拍大s具俊晔,zh,1,baidu,1,日本 司机,generico,False,True,1,indefinito,3,3,non disponibile,non disponibile,non disponibile,
日本司机招聘,zh,1,baidu,1,日本 司机,assunzione,False,True,1,autista,3,3,0.0,0,0.0,
日本司机搬行李,zh,1,baidu,1,日本 司机,generico,False,True,1,indefinito,3,3,non disponibile,non disponibile,non disponibile,
日本司机晚餐,zh,1,baidu,1,日本 司机,generico,False,True,1,indefinito,3,3,non disponibile,non disponibile,non disponibile,
日本司机最高年龄,zh,1,baidu,1,日本 司机,generico,False,True,1,indefinito,3,3,non disponibile,non disponibile,non disponibile,
日本司机杨柒哥,zh,1,baidu,1,日本 司机,generico,False,True,1,indefinito,3,3,non disponibile,non disponibile,non disponibile,
日本司机照顾中风男小说叫什么名字,zh,1,baidu,1,日本 司机,informativo,False,True,1,indefinito,3,3,non disponibile,non disponibile,non disponibile,
日本司机照顾瘫痪男主人是什么电影,zh,1,baidu,1,日本 司机,informativo,False,True,1,indefinito,3,3,non disponibile,non disponibile,non disponibile,
日本司机特定技能2号,zh,1,bing_zh-CN,1,日本 司机,generico,False,True,1,indefinito,3,3,non disponibile,non disponibile,non disponibile,
日本司机特定技能签证办理周期,zh,1,baidu,1,日本 司机,generico,False,True,1,indefinito,3,3,non disponibile,non disponibile,non disponibile,
日本司机特定技能考试,zh,1,bing_zh-CN,1,日本 司机,generico,False,True,1,indefinito,3,3,non disponibile,non disponibile,non disponibile,
日本司机特定技能考试官网,zh,1,baidu,1,日本 司机,generico,False,True,1,indefinito,3,3,non disponibile,non disponibile,non disponibile,
日本司机的晚餐,zh,1,baidu,1,日本 司机,generico,False,True,1,indefinito,3,3,non disponibile,non disponibile,non disponibile,
日本司机签证,zh,1,baidu,1,日本 司机,generico,False,True,1,indefinito,3,3,non disponibile,non disponibile,non disponibile,
日本司机考试题库app,zh,1,baidu,1,日本 二种驾照 司机,generico,False,True,1,indefinito,3,3,non disponibile,non disponibile,non disponibile,
日本司机行业现状,zh,1,baidu,1,日本 司机,generico,False,True,1,indefinito,3,3,non disponibile,non disponibile,non disponibile,
日本司机饼干利尿剂,zh,1,baidu,1,日本 司机,generico,False,True,1,indefinito,3,3,non disponibile,non disponibile,non disponibile,
日本司机驾照樊大大,zh,1,baidu,1,日本 司机,generico,False,True,1,indefinito,3,3,non disponibile,non disponibile,non disponibile,
日本大巴车司机,zh,1,baidu,1,日本 司机,generico,False,True,1,indefinito,3,3,non disponibile,non disponibile,non disponibile,
日本大巴车司机工资,zh,1,baidu,1,日本 专车司机 多语种,assunzione,False,True,1,autista,3,3,non disponibile,non disponibile,non disponibile,
日本大巴车司机收入,zh,1,baidu,1,日本 专车司机 多语种,generico,False,True,1,autista,3,3,non disponibile,non disponibile,non disponibile,
日本巴士司机,zh,1,baidu,1,日本 司机,generico,False,True,1,indefinito,3,3,non disponibile,non disponibile,non disponibile,
日本接送机什么平台比较好,zh,1,baidu,1,日本 高端接送 司机,acquisto_servizio,False,True,1,turista,3,3,non disponibile,non disponibile,non disponibile,
日本接送机划得来吗,zh,1,baidu,1,日本 高端接送 司机,acquisto_servizio,False,True,1,turista,3,3,non disponibile,non disponibile,non disponibile,
日本接送机怎样收费,zh,1,baidu,1,日本 高端接送 司机,acquisto_servizio,False,True,1,turista,3,3,non disponibile,non disponibile,non disponibile,
日本接送机需要多少钱,zh,1,baidu,1,日本 高端接送 司机,acquisto_servizio,False,True,1,turista,3,3,non disponibile,non disponibile,non disponibile,
日本机场接送机服务,zh,1,baidu,1,日本 高端接送 司机,acquisto_servizio,False,True,1,turista,3,3,non disponibile,non disponibile,non disponibile,
日本特定技能司机,zh,1,bing_zh-CN,1,日本 司机,generico,False,True,1,indefinito,3,3,non disponibile,non disponibile,non disponibile,
日本电影司机和夫人叫什么名字,zh,1,baidu,1,日本 司机,informativo,False,True,1,indefinito,3,3,non disponibile,non disponibile,non disponibile,
日本老司机a v,zh,1,bing_zh-CN,1,日本 司机,generico,False,True,1,indefinito,3,3,non disponibile,non disponibile,non disponibile,
日本高清老司机,zh,1,bing_zh-CN,1,日本 司机,generico,False,True,1,indefinito,3,3,non disponibile,non disponibile,non disponibile,
日本高清老司机天堂,zh,1,bing_zh-CN,1,日本 司机,generico,False,True,1,indefinito,3,3,non disponibile,non disponibile,non disponibile,
mft弹簧评测,zh,1,baidu,7,东京 司机|东京 旅游 用车 司机 招聘|日本 专车|日本 专车司机 多语种,generico,False,False,0,indefinito,9,0,non disponibile,non disponibile,non disponibile,
乙肝患者可以吃茄子吗,zh,1,baidu,7,东京 司机|东京 旅游 用车 司机 招聘|日本 专车|日本 专车司机 多语种,generico,False,False,0,indefinito,9,0,non disponibile,non disponibile,non disponibile,
日本的司机怎么说,zh,1,baidu,7,日本 专车|日本 专车司机 多语种|日本 包车 司机 英语|日本 司机,informativo,False,False,0,indefinito,9,0,non disponibile,non disponibile,non disponibile,
about:京东,zh,1,bing_zh-CN,6,东京 包车|东京 司机|东京 旅游 用车 司机 招聘|东京 英语司机,generico,False,False,0,indefinito,8,0,non disponibile,non disponibile,non disponibile,
东南亚中南半岛人口主要分布在,zh,1,baidu,6,东京 司机|东京 旅游 用车 司机 招聘|日本 专车|日本 司机,generico,False,False,0,indefinito,8,0,non disponibile,non disponibile,non disponibile,
人体结构几何体速写,zh,1,baidu,6,东京 司机|东京 旅游 用车 司机 招聘|日本 专车|日本 司机,generico,False,False,0,indefinito,8,0,non disponibile,non disponibile,non disponibile,
日本二种驾照怎么考,zh,3,baidu|google_zh-CN_cn|google_zh-CN_jp,2,日本 二种驾照|日本 二种驾照 司机,informativo,False,False,0,indefinito,8,0,non disponibile,non disponibile,non disponibile,
京东官网、首页,zh,1,bing_zh-CN,5,东京 包车|东京 司机|东京 旅游 用车 司机 招聘|东京 英语司机,generico,False,False,0,indefinito,7,0,non disponibile,non disponibile,non disponibile,
京东招聘-首页,zh,1,bing_zh-CN,5,东京 包车|东京 司机|东京 旅游 用车 司机 招聘|东京 英语司机,assunzione,False,False,0,autista,7,0,non disponibile,non disponibile,non disponibile,
shop 京东。com,zh,1,bing_zh-CN,4,东京 包车|东京 司机|东京 英语司机|日本 专车,generico,False,False,0,indefinito,6,0,non disponibile,non disponibile,non disponibile,
一口高压锅划拳歌视频,zh,1,baidu,4,东京 司机|东京 旅游 用车 司机 招聘|日本 专车|日本 司机,generico,False,False,0,indefinito,6,0,non disponibile,non disponibile,non disponibile,
京东-京东官方网站,zh,1,bing_zh-CN,4,东京 包车|东京 司机|东京 旅游 用车 司机 招聘|东京 英语司机,generico,False,False,0,indefinito,6,0,non disponibile,non disponibile,non disponibile,
京东官网首页-京东到家,zh,1,bing_zh-CN,4,东京 包车|东京 司机|东京 旅游 用车 司机 招聘|东京 英语司机,generico,False,False,0,indefinito,6,0,non disponibile,non disponibile,non disponibile,
京东服务+招聘,zh,1,bing_zh-CN,4,东京 司机|东京 旅游 用车 司机 招聘|东京 英语司机|日本 司机 招聘,assunzione,False,False,0,autista,6,0,non disponibile,non disponibile,non disponibile,
天津格林国际幼儿园学费,zh,1,baidu,4,东京 司机|东京 旅游 用车 司机 招聘|日本 专车|日本 司机,generico,False,False,0,indefinito,6,0,non disponibile,non disponibile,non disponibile,
日本中型车运输司机,zh,1,baidu,4,日本 专车|日本 专车司机 多语种|日本 司机 招聘|日本 高端接送 司机,generico,False,False,0,indefinito,6,0,non disponibile,non disponibile,non disponibile,
日本卡车司机收入,zh,2,baidu|bing_zh-CN,2,日本 司机|日本 司机 招聘,generico,False,False,0,autista,6,0,non disponibile,non disponibile,non disponibile,
日本电车司机工资,zh,1,baidu,4,日本 专车|日本 专车司机 多语种|日本 司机 兼职|日本 司机 招聘,assunzione,False,False,0,autista,6,0,non disponibile,non disponibile,non disponibile,
日本的司机在哪边驾驶,zh,1,baidu,4,日本 专车司机 多语种|日本 司机|日本 司机 兼职|日本 司机 招聘,generico,False,False,0,indefinito,6,0,non disponibile,non disponibile,non disponibile,
东京驾车,zh,1,baidu,3,东京 司机|东京 旅游 用车 司机 招聘|日本 专车,generico,False,False,0,indefinito,5,0,non disponibile,non disponibile,non disponibile,
京东商城-购物车,zh,1,bing_zh-CN,3,东京 包车|日本 专车|日本 包车,generico,False,False,0,indefinito,5,0,non disponibile,non disponibile,non disponibile,
司机社发布页-招聘信息,zh,1,bing_zh-CN,3,东京 司机|日本 司机|日本 司机 招聘,assunzione,False,False,0,autista,5,0,non disponibile,non disponibile,non disponibile,
婚纱店上班要干什么,zh,1,baidu,3,东京 司机|日本 专车|日本 司机,informativo,False,False,0,indefinito,5,0,non disponibile,non disponibile,non disponibile,
幼儿园期末汇报家长建议,zh,1,baidu,3,东京 司机|日本 专车|日本 司机,generico,False,False,0,indefinito,5,0,non disponibile,non disponibile,non disponibile,
日本 公交 车 司机 工资,zh,2,google_zh-CN_cn|google_zh-CN_jp,1,日本 司机,assunzione,False,False,0,autista,5,0,non disponibile,non disponibile,non disponibile,
日本 公交 车 司机 收入,zh,2,google_zh-CN_cn|google_zh-CN_jp,1,日本 司机,generico,False,False,0,autista,5,0,non disponibile,non disponibile,non disponibile,
日本 包 车 司机 午餐,zh,2,google_zh-CN_cn|google_zh-CN_jp,1,日本 司机,generico,False,False,0,indefinito,5,0,non disponibile,non disponibile,non disponibile,
日本 包 车 行程 规划,zh,2,google_zh-CN_cn|google_zh-CN_jp,1,日本 包车,generico,False,False,0,indefinito,5,0,non disponibile,non disponibile,non disponibile,
日本 卡车 司机 工资,zh,2,google_zh-CN_cn|google_zh-CN_jp,1,日本 司机,assunzione,False,False,0,autista,5,0,non disponibile,non disponibile,non disponibile,
日本 卡车 司机 收入,zh,2,google_zh-CN_cn|google_zh-CN_jp,1,日本 司机,generico,False,False,0,autista,5,0,non disponibile,non disponibile,non disponibile,
日本 物流 司机 薪水,zh,2,google_zh-CN_cn|google_zh-CN_jp,1,日本 司机,assunzione,False,False,0,indefinito,5,0,non disponibile,non disponibile,non disponibile,
日本 货车 司机 收入,zh,2,google_zh-CN_cn|google_zh-CN_jp,1,日本 司机,generico,False,False,0,autista,5,0,non disponibile,non disponibile,non disponibile,
日本卡车司机工资,zh,1,baidu,3,日本 专车司机 多语种|日本 司机|日本 司机 招聘,assunzione,False,False,0,autista,5,0,non disponibile,non disponibile,non disponibile,
日本司机午餐,zh,1,baidu,3,日本 司机|日本 司机 兼职|日本 高端接送 司机,generico,False,False,0,indefinito,5,0,non disponibile,non disponibile,non disponibile,
日本滴滴专车,zh,1,baidu,3,日本 专车|日本 专车司机 多语种|日本 高端接送 司机,generico,False,False,0,indefinito,5,0,non disponibile,non disponibile,non disponibile,
a1、a2驾照,zh,1,bing_zh-CN,2,日本 二种驾照|日本 二种驾照 司机,generico,False,False,0,indefinito,4,0,non disponibile,non disponibile,non disponibile,
b1、b2驾照,zh,1,bing_zh-CN,2,日本 二种驾照|日本 二种驾照 司机,generico,False,False,0,indefinito,4,0,non disponibile,non disponibile,non disponibile,
c1、c2驾照,zh,1,bing_zh-CN,2,日本 二种驾照|日本 二种驾照 司机,generico,False,False,0,indefinito,4,0,non disponibile,non disponibile,non disponibile,
jd.com 京东,zh,1,bing_zh-CN,2,东京 司机|东京 英语司机,generico,False,False,0,indefinito,4,0,non disponibile,non disponibile,non disponibile,
一亩桃树能产多少桃胶,zh,1,baidu,2,东京 司机|东京 旅游 用车 司机 招聘,generico,False,False,0,indefinito,4,0,non disponibile,non disponibile,non disponibile,
东京打车价格,zh,1,baidu,2,东京 包车|东京 司机,acquisto_servizio,False,False,0,turista,4,0,non disponibile,non disponibile,non disponibile,
东京招聘网最新招聘信息,zh,1,baidu,2,东京 司机|东京 英语司机,assunzione,False,False,0,autista,4,0,non disponibile,non disponibile,non disponibile,
东京的士,zh,1,baidu,2,东京 包车|东京 司机,generico,False,False,0,indefinito,4,0,non disponibile,non disponibile,non disponibile,
东京的士收费标准,zh,1,baidu,2,东京 包车|东京 旅游 用车 司机 招聘,generico,False,False,0,indefinito,4,0,non disponibile,non disponibile,non disponibile,
东京的士收费标准2022,zh,1,baidu,2,东京 包车|东京 司机,generico,False,False,0,indefinito,4,0,non disponibile,non disponibile,non disponibile,
东京驾校,zh,1,baidu,2,东京 司机|东京 英语司机,generico,False,False,0,indefinito,4,0,non disponibile,non disponibile,non disponibile,
东京驾驶,zh,1,baidu,2,东京 司机|东京 英语司机,generico,False,False,0,indefinito,4,0,non disponibile,non disponibile,non disponibile,
京东+logo,zh,1,bing_zh-CN,2,东京 司机|东京 英语司机,generico,False,False,0,indefinito,4,0,non disponibile,non disponibile,non disponibile,
京东·校园招聘,zh,1,bing_zh-CN,2,东京 旅游 用车 司机 招聘|东京 英语司机,assunzione,False,False,0,autista,4,0,non disponibile,non disponibile,non disponibile,
京东京车会/京东养车/京东汽车 你觉得它是做什么服务的,zh,1,bing_zh-CN,2,东京 包车|日本 专车,informativo,False,False,0,indefinito,4,0,non disponibile,non disponibile,non disponibile,
包车日语怎么说,zh,1,baidu,2,日本 包车|日本 包车 司机 英语,acquisto_servizio,False,False,0,turista,4,0,non disponibile,non disponibile,non disponibile,
司机社、sjs9527.00m,zh,1,bing_zh-CN,2,东京 司机|日本 司机,generico,False,False,0,indefinito,4,0,non disponibile,non disponibile,non disponibile,
四照花生长速度,zh,1,baidu,2,东京 司机|东京 旅游 用车 司机 招聘,generico,False,False,0,indefinito,4,0,non disponibile,non disponibile,non disponibile,
怎样钓苦花鱼,zh,1,baidu,2,东京 司机|东京 旅游 用车 司机 招聘,informativo,False,False,0,indefinito,4,0,non disponibile,non disponibile,non disponibile,
日本东京公交车司机月薪多少,zh,1,baidu,2,东京 司机|日本 专车司机 多语种,assunzione,False,False,0,indefinito,4,0,non disponibile,non disponibile,non disponibile,
日本东京兼职好找吗,zh,1,baidu,2,东京 司机|日本 司机 兼职,generico,False,False,0,autista,4,0,non disponibile,non disponibile,non disponibile,
日本东京招聘,zh,1,baidu,2,东京 司机|东京 英语司机,assunzione,False,False,0,autista,4,0,non disponibile,non disponibile,non disponibile,
日本东京租车,zh,1,baidu,2,东京 包车|东京 旅游 用车 司机 招聘,acquisto_servizio,False,False,0,turista,4,0,non disponibile,non disponibile,non disponibile,
日本东京租车攻略,zh,1,baidu,2,东京 包车|东京 旅游 用车 司机 招聘,acquisto_servizio,False,False,0,turista,4,0,non disponibile,non disponibile,non disponibile,
日本中型车运输司机工作内容,zh,1,baidu,2,日本 专车|日本 专车司机 多语种,generico,False,False,0,indefinito,4,0,non disponibile,non disponibile,non disponibile,
日本二种驾照是什么意思,zh,1,baidu,2,日本 二种驾照|日本 二种驾照 司机,informativo,False,False,0,indefinito,4,0,non disponibile,non disponibile,non disponibile,
日本二种驾照申请条件,zh,1,baidu,2,日本 二种驾照|日本 二种驾照 司机,generico,False,False,0,autista,4,0,non disponibile,non disponibile,non disponibile,
日本公交司机招聘条件,zh,1,baidu,2,日本 专车|日本 司机 招聘,assunzione,False,False,0,autista,4,0,non disponibile,non disponibile,non disponibile,
日本出租车怎么说,zh,1,baidu,2,日本 专车|日本 包车 司机 英语,acquisto_servizio,False,False,0,turista,4,0,non disponibile,non disponibile,non disponibile,
日本拉人力车司机的收入,zh,1,baidu,2,日本 包车 司机 英语|日本 高端接送 司机,generico,False,False,0,autista,4,0,non disponibile,non disponibile,non disponibile,
日本普通二种驾照能开什么车,zh,1,baidu,2,日本 二种驾照|日本 二种驾照 司机,informativo,False,False,0,indefinito,4,0,non disponibile,non disponibile,non disponibile,
日本电车司机,zh,1,baidu,2,日本 司机|日本 高端接送 司机,generico,False,False,0,indefinito,4,0,non disponibile,non disponibile,non disponibile,
日本电车司机收入,zh,1,baidu,2,日本 专车司机 多语种|日本 司机,generico,False,False,0,autista,4,0,non disponibile,non disponibile,non disponibile,
日本的驾照,zh,1,baidu,2,日本 二种驾照|日本 二种驾照 司机,generico,False,False,0,indefinito,4,0,non disponibile,non disponibile,non disponibile,
日本考驾照,zh,1,baidu,2,日本 二种驾照|日本 二种驾照 司机,generico,False,False,0,indefinito,4,0,non disponibile,non disponibile,non disponibile,
日本驾照上的种类的意思,zh,1,baidu,2,日本 二种驾照|日本 二种驾照 司机,generico,False,False,0,indefinito,4,0,non disponibile,non disponibile,non disponibile,
日本驾照优点,zh,1,baidu,2,日本 二种驾照|日本 二种驾照 司机,generico,False,False,0,indefinito,4,0,non disponibile,non disponibile,non disponibile,
日本驾照分c1和c2吗,zh,1,baidu,2,日本 二种驾照|日本 二种驾照 司机,generico,False,False,0,indefinito,4,0,non disponibile,non disponibile,non disponibile,
日本驾照分几种类型,zh,1,baidu,2,日本 二种驾照|日本 二种驾照 司机,generico,False,False,0,indefinito,4,0,non disponibile,non disponibile,non disponibile,
日本驾照多少钱人民币,zh,1,baidu,2,日本 二种驾照|日本 二种驾照 司机,acquisto_servizio,False,False,0,turista,4,0,non disponibile,non disponibile,non disponibile,
日本驾照日语,zh,1,baidu,2,日本 二种驾照|日本 二种驾照 司机,generico,False,False,0,indefinito,4,0,non disponibile,non disponibile,non disponibile,
日本驾照有c1c2吗,zh,1,baidu,2,日本 二种驾照|日本 二种驾照 司机,generico,False,False,0,indefinito,4,0,non disponibile,non disponibile,non disponibile,
日本驾照种类,zh,1,baidu,2,日本 二种驾照|日本 二种驾照 司机,generico,False,False,0,indefinito,4,0,non disponibile,non disponibile,non disponibile,
日本驾照等级划分,zh,1,baidu,2,日本 二种驾照|日本 二种驾照 司机,generico,False,False,0,indefinito,4,0,non disponibile,non disponibile,non disponibile,
日本驾照级别一览表,zh,1,baidu,2,日本 二种驾照|日本 二种驾照 司机,generico,False,False,0,indefinito,4,0,non disponibile,non disponibile,non disponibile,
日本驾照翻译,zh,1,baidu,2,日本 二种驾照|日本 二种驾照 司机,generico,False,False,0,indefinito,4,0,non disponibile,non disponibile,non disponibile,
日本驾照难不难,zh,1,baidu,2,日本 二种驾照|日本 二种驾照 司机,generico,False,False,0,indefinito,4,0,non disponibile,non disponibile,non disponibile,
日本驾照项目有哪些,zh,1,baidu,2,日本 二种驾照|日本 二种驾照 司机,generico,False,False,0,indefinito,4,0,non disponibile,non disponibile,non disponibile,
日本驾驶证好考吗,zh,1,baidu,2,日本 二种驾照|日本 二种驾照 司机,generico,False,False,0,indefinito,4,0,non disponibile,non disponibile,non disponibile,
月经期喝冰的会怎样,zh,1,baidu,2,东京 司机|日本 高端接送 司机,informativo,False,False,0,indefinito,4,0,non disponibile,non disponibile,non disponibile,
脸上长黄褐斑看什么科,zh,1,baidu,2,东京 司机|日本 高端接送 司机,informativo,False,False,0,indefinito,4,0,non disponibile,non disponibile,non disponibile,
说到京东京车会/京东养车/京东汽车 你觉得它是做什么服务的,zh,1,bing_zh-CN,2,东京 包车|日本 专车,informativo,False,False,0,indefinito,4,0,non disponibile,non disponibile,non disponibile,
14油耗投多少钱一公里,zh,1,baidu,1,东京 司机,acquisto_servizio,False,False,0,turista,3,0,non disponibile,non disponibile,non disponibile,
2026日本驾照要求,zh,1,baidu,1,日本 二种驾照,generico,False,False,0,indefinito,3,0,non disponibile,non disponibile,non disponibile,
4.2货车什么驾照,zh,1,bing_zh-CN,1,日本 二种驾照,informativo,False,False,0,indefinito,3,0,non disponibile,non disponibile,non disponibile,
4.99万元起 京东第一辆车价格,zh,1,bing_zh-CN,1,东京 包车,acquisto_servizio,False,False,0,turista,3,0,non disponibile,non disponibile,non disponibile,
4.99万元起京东第一辆车价格定了,zh,1,bing_zh-CN,1,东京 包车,acquisto_servizio,False,False,0,turista,3,0,non disponibile,non disponibile,non disponibile,
9.6需要什么驾照,zh,1,bing_zh-CN,1,日本 二种驾照,informativo,False,False,0,indefinito,3,0,non disponibile,non disponibile,non disponibile,
a1、a2、a3驾照,zh,1,bing_zh-CN,1,日本 二种驾照,generico,False,False,0,indefinito,3,0,non disponibile,non disponibile,non disponibile,
b2驾照可以开9 . 6米的货车吗,zh,1,bing_zh-CN,1,日本 二种驾照,generico,False,False,0,indefinito,3,0,non disponibile,non disponibile,non disponibile,
c1驾照可以开4 . 2米的货车吗,zh,1,bing_zh-CN,1,日本 二种驾照,generico,False,False,0,indefinito,3,0,non disponibile,non disponibile,non disponibile,
c1驾照可以开4 . 2米的车吗,zh,1,bing_zh-CN,1,日本 二种驾照,generico,False,False,0,indefinito,3,0,non disponibile,non disponibile,non disponibile,
c1驾照可以开4 . 2米货车吗,zh,1,bing_zh-CN,1,日本 二种驾照,generico,False,False,0,indefinito,3,0,non disponibile,non disponibile,non disponibile,
car-nk产品,zh,1,bing_zh-CN,1,日本 专车,generico,False,False,0,indefinito,3,0,non disponibile,non disponibile,non disponibile,
car-nk价格,zh,1,bing_zh-CN,1,日本 专车,acquisto_servizio,False,False,0,turista,3,0,non disponibile,non disponibile,non disponibile,
car-nk全称,zh,1,bing_zh-CN,1,日本 专车,generico,False,False,0,indefinito,3,0,non disponibile,non disponibile,non disponibile,
car-nk公司,zh,1,bing_zh-CN,1,日本 专车,generico,False,False,0,indefinito,3,0,non disponibile,non disponibile,non disponibile,
car-nk和car-t比较,zh,1,bing_zh-CN,1,日本 专车,generico,False,False,0,indefinito,3,0,non disponibile,non disponibile,non disponibile,
car-t 中国,zh,1,bing_zh-CN,1,日本 专车,generico,False,False,0,indefinito,3,0,non disponibile,non disponibile,non disponibile,
car-t 日本,zh,1,bing_zh-CN,1,日本 专车,generico,False,False,0,indefinito,3,0,non disponibile,non disponibile,non disponibile,
car-t专家共识,zh,1,bing_zh-CN,1,日本 专车,generico,False,False,0,indefinito,3,0,non disponibile,non disponibile,non disponibile,
d、e、f驾照,zh,1,bing_zh-CN,1,日本 二种驾照,generico,False,False,0,indefinito,3,0,non disponibile,non disponibile,non disponibile,
ebay、京东,zh,1,bing_zh-CN,1,东京 包车,generico,False,False,0,indefinito,3,0,non disponibile,non disponibile,non disponibile,
https://www.jd.com/京东,zh,1,bing_zh-CN,1,东京 司机,generico,False,False,0,indefinito,3,0,non disponibile,non disponibile,non disponibile,
job csair cn 评价,zh,1,bing_zh-CN,1,日本 司机 兼职,assunzione,False,False,0,autista,3,0,non disponibile,non disponibile,non disponibile,
jr东日本车辆,zh,1,baidu,1,日本 专车,generico,False,False,0,indefinito,3,0,non disponibile,non disponibile,non disponibile,
k-car价格,zh,1,bing_zh-CN,1,日本 专车,acquisto_servizio,False,False,0,turista,3,0,non disponibile,non disponibile,non disponibile,
k-car是什么,zh,1,bing_zh-CN,1,日本 专车,informativo,False,False,0,indefinito,3,0,non disponibile,non disponibile,non disponibile,
k-car是什么车,zh,1,bing_zh-CN,1,日本 专车,informativo,False,False,0,indefinito,3,0,non disponibile,non disponibile,non disponibile,
k-car车型,zh,1,bing_zh-CN,1,日本 专车,generico,False,False,0,indefinito,3,0,non disponibile,non disponibile,non disponibile,
m、n、o类车辆,zh,1,bing_zh-CN,1,日本 专车,generico,False,False,0,indefinito,3,0,non disponibile,non disponibile,non disponibile,
shop.jd.京东,zh,1,bing_zh-CN,1,东京 司机,generico,False,False,0,indefinito,3,0,non disponibile,non disponibile,non disponibile,
what kind of data,zh,1,baidu,1,东京 司机,informativo,False,False,0,indefinito,3,0,non disponibile,non disponibile,non disponibile,
www.jd.com 京东官网,zh,1,bing_zh-CN,1,东京 司机,generico,False,False,0,indefinito,3,0,non disponibile,non disponibile,non disponibile,
www.jd.com京东,zh,1,bing_zh-CN,1,东京 司机,generico,False,False,0,indefinito,3,0,non disponibile,non disponibile,non disponibile,
www.老司机.com,zh,1,bing_zh-CN,1,东京 司机,generico,False,False,0,indefinito,3,0,non disponibile,non disponibile,non disponibile,
x射线成像的原理是什么,zh,1,baidu,1,东京 司机,informativo,False,False,0,indefinito,3,0,non disponibile,non disponibile,non disponibile,
一班制是什么,zh,1,baidu,1,东京 司机,informativo,False,False,0,indefinito,3,0,non disponibile,non disponibile,non disponibile,
一辆日本的车英语怎么说,zh,1,baidu,1,日本 专车,informativo,False,False,0,indefinito,3,0,non disponibile,non disponibile,non disponibile,
一辆日本车的英文,zh,1,baidu,1,日本 专车,generico,False,False,0,indefinito,3,0,non disponibile,non disponibile,non disponibile,
与你app是干嘛的,zh,1,baidu,1,东京 司机,generico,False,False,0,indefinito,3,0,non disponibile,non disponibile,non disponibile,
东京 包车 介绍视频,zh,1,baidu,1,东京 包车,acquisto_servizio,False,False,0,turista,3,0,non disponibile,non disponibile,non disponibile,
东京 包车 英语怎么说,zh,1,baidu,1,东京 包车,acquisto_servizio,False,False,0,turista,3,0,non disponibile,non disponibile,non disponibile,
东京 包车 英语翻译,zh,1,baidu,1,东京 包车,acquisto_servizio,False,False,0,turista,3,0,non disponibile,non disponibile,non disponibile,
东京 打车,zh,1,baidu,1,东京 包车,generico,False,False,0,indefinito,3,0,non disponibile,non disponibile,non disponibile,
东京 英文,zh,1,baidu,1,东京 英语司机,generico,False,False,0,indefinito,3,0,non disponibile,non disponibile,non disponibile,
东京 英文翻译,zh,1,baidu,1,东京 英语司机,generico,False,False,0,indefinito,3,0,non disponibile,non disponibile,non disponibile,
东京 英语司机 英语翻译,zh,1,baidu,1,东京 英语司机,generico,False,False,0,indefinito,3,0,non disponibile,non disponibile,non disponibile,
东京 英语怎么说,zh,1,baidu,1,东京 英语司机,informativo,False,False,0,indefinito,3,0,non disponibile,non disponibile,non disponibile,
东京 英语怎么读,zh,1,baidu,1,东京 英语司机,informativo,False,False,0,indefinito,3,0,non disponibile,non disponibile,non disponibile,
东京jtb旅行社,zh,1,baidu,1,东京 旅游 用车 司机 招聘,generico,False,False,0,indefinito,3,0,non disponibile,non disponibile,non disponibile,
东京sia,zh,1,baidu,1,东京 司机,generico,False,False,0,indefinito,3,0,non disponibile,non disponibile,non disponibile,
东京乘务员,zh,1,baidu,1,东京 司机,generico,False,False,0,indefinito,3,0,non disponibile,non disponibile,non disponibile,
东京兼职一小时工资,zh,1,baidu,1,东京 司机,assunzione,False,False,0,autista,3,0,non disponibile,non disponibile,non disponibile,
东京兼职上班时间,zh,1,baidu,1,东京 英语司机,generico,False,False,0,autista,3,0,non disponibile,non disponibile,non disponibile,
东京城急招工,zh,1,baidu,1,东京 英语司机,generico,False,False,0,indefinito,3,0,non disponibile,non disponibile,non disponibile,
东京开车宣传视频,zh,1,baidu,1,东京 司机,generico,False,False,0,indefinito,3,0,non disponibile,non disponibile,non disponibile,
东京快车,zh,1,baidu,1,东京 包车,generico,False,False,0,indefinito,3,0,non disponibile,non disponibile,non disponibile,
东京打车app,zh,1,baidu,1,东京 包车,generico,False,False,0,indefinito,3,0,non disponibile,non disponibile,non disponibile,
东京打车半小时多少钱,zh,1,baidu,1,东京 包车,acquisto_servizio,False,False,0,turista,3,0,non disponibile,non disponibile,non disponibile,
东京打车多少钱一公里,zh,1,baidu,1,东京 包车,acquisto_servizio,False,False,0,turista,3,0,non disponibile,non disponibile,non disponibile,
东京打车怎么收费,zh,1,baidu,1,东京 包车,informativo,False,False,0,indefinito,3,0,non disponibile,non disponibile,non disponibile,
东京打车贵吗,zh,1,baidu,1,东京 包车,generico,False,False,0,indefinito,3,0,non disponibile,non disponibile,non disponibile,
东京招聘网,zh,1,baidu,1,东京 司机,assunzione,False,False,0,autista,3,0,non disponibile,non disponibile,non disponibile,
东京招聘网ijob,zh,1,baidu,1,东京 英语司机,assunzione,False,False,0,autista,3,0,non disponibile,non disponibile,non disponibile,
东京招聘网下载app,zh,1,baidu,1,东京 英语司机,assunzione,False,False,0,autista,3,0,non disponibile,non disponibile,non disponibile,
东京招聘网官网,zh,1,baidu,1,东京 英语司机,assunzione,False,False,0,autista,3,0,non disponibile,non disponibile,non disponibile,
东京用英文,zh,1,baidu,1,东京 英语司机,generico,False,False,0,indefinito,3,0,non disponibile,non disponibile,non disponibile,
东京用英文怎么说,zh,1,baidu,1,东京 英语司机,informativo,False,False,0,indefinito,3,0,non disponibile,non disponibile,non disponibile,
东京用英语怎么写,zh,1,baidu,1,东京 英语司机,informativo,False,False,0,indefinito,3,0,non disponibile,non disponibile,non disponibile,
东京用英语怎么说tokyo,zh,1,baidu,1,东京 英语司机,informativo,False,False,0,indefinito,3,0,non disponibile,non disponibile,non disponibile,
东京的士起步价,zh,1,baidu,1,东京 司机,generico,False,False,0,indefinito,3,0,non disponibile,non disponibile,non disponibile,
东京的英文怎么说,zh,1,baidu,1,东京 英语司机,informativo,False,False,0,indefinito,3,0,non disponibile,non disponibile,non disponibile,
东京租车价格表,zh,1,baidu,1,东京 包车,acquisto_servizio,False,False,0,turista,3,0,non disponibile,non disponibile,non disponibile,
东京翻译成英语,zh,1,baidu,1,东京 英语司机,generico,False,False,0,indefinito,3,0,non disponibile,non disponibile,non disponibile,
东京英文tokyo,zh,1,baidu,1,东京 英语司机,generico,False,False,0,indefinito,3,0,non disponibile,non disponibile,non disponibile,
东京英文常见拼写错误,zh,1,baidu,1,东京 英语司机,generico,False,False,0,indefinito,3,0,non disponibile,non disponibile,non disponibile,
东京英文怎么写,zh,1,baidu,1,东京 英语司机,informativo,False,False,0,indefinito,3,0,non disponibile,non disponibile,non disponibile,
东京英文怎么说,zh,1,baidu,1,东京 英语司机,informativo,False,False,0,indefinito,3,0,non disponibile,non disponibile,non disponibile,
东京英语单词怎么读kyoto,zh,1,baidu,1,东京 英语司机,informativo,False,False,0,indefinito,3,0,non disponibile,non disponibile,non disponibile,
东京英语单词怎么读写,zh,1,baidu,1,东京 英语司机,informativo,False,False,0,indefinito,3,0,non disponibile,non disponibile,non disponibile,
东京英语发音,zh,1,baidu,1,东京 英语司机,generico,False,False,0,indefinito,3,0,non disponibile,non disponibile,non disponibile,
东京英语发音怎么读的,zh,1,baidu,1,东京 英语司机,informativo,False,False,0,indefinito,3,0,non disponibile,non disponibile,non disponibile,
东京英语咋读啊,zh,1,baidu,1,东京 英语司机,generico,False,False,0,indefinito,3,0,non disponibile,non disponibile,non disponibile,
东京英语怎么写,zh,1,baidu,1,东京 英语司机,informativo,False,False,0,indefinito,3,0,non disponibile,non disponibile,non disponibile,
东京英语怎么说,zh,1,baidu,1,东京 英语司机,informativo,False,False,0,indefinito,3,0,non disponibile,non disponibile,non disponibile,
东京英语怎么说tokyo,zh,1,baidu,1,东京 英语司机,informativo,False,False,0,indefinito,3,0,non disponibile,non disponibile,non disponibile,
东京英语怎么说怎么写,zh,1,baidu,1,东京 英语司机,informativo,False,False,0,indefinito,3,0,non disponibile,non disponibile,non disponibile,
东京英语怎么读,zh,1,baidu,1,东京 英语司机,informativo,False,False,0,indefinito,3,0,non disponibile,non disponibile,non disponibile,
东京英语怎么读音,zh,1,baidu,1,东京 英语司机,informativo,False,False,0,indefinito,3,0,non disponibile,non disponibile,non disponibile,
东京英语教师,zh,1,baidu,1,东京 英语司机,generico,False,False,0,indefinito,3,0,non disponibile,non disponibile,non disponibile,
东京英语有没有其他叫法,zh,1,baidu,1,东京 英语司机,generico,False,False,0,indefinito,3,0,non disponibile,non disponibile,non disponibile,
东京英语翻译,zh,1,baidu,1,东京 英语司机,generico,False,False,0,indefinito,3,0,non disponibile,non disponibile,non disponibile,
东京跑,zh,1,baidu,1,东京 司机,generico,False,False,0,indefinito,3,0,non disponibile,non disponibile,non disponibile,
东京车辆,zh,1,baidu,1,日本 专车,generico,False,False,0,indefinito,3,0,non disponibile,non disponibile,non disponibile,
东京驾车第一视角,zh,1,baidu,1,东京 司机,generico,False,False,0,indefinito,3,0,non disponibile,non disponibile,non disponibile,
东京驾车街景视频,zh,1,baidu,1,东京 司机,generico,False,False,0,indefinito,3,0,non disponibile,non disponibile,non disponibile,
东京驾车街景视频最新更新时间,zh,1,baidu,1,东京 司机,generico,False,False,0,indefinito,3,0,non disponibile,non disponibile,non disponibile,
东京驾驶模拟下载,zh,1,baidu,1,东京 司机,generico,False,False,0,indefinito,3,0,non disponibile,non disponibile,non disponibile,
东京驾驶模拟器7723下载手机版,zh,1,baidu,1,东京 司机,generico,False,False,0,indefinito,3,0,non disponibile,non disponibile,non disponibile,
中国car-t公司,zh,1,bing_zh-CN,1,日本 专车,generico,False,False,0,indefinito,3,0,non disponibile,non disponibile,non disponibile,
中国、德国、美国、日本著名汽车公司及汽车品牌,zh,1,bing_zh-CN,1,日本 专车,generico,False,False,0,indefinito,3,0,non disponibile,non disponibile,non disponibile,
京东 powered by ecshop,zh,1,bing_zh-CN,1,东京 英语司机,generico,False,False,0,indefinito,3,0,non disponibile,non disponibile,non disponibile,
京东官网、电脑,zh,1,bing_zh-CN,1,东京 英语司机,generico,False,False,0,indefinito,3,0,non disponibile,non disponibile,non disponibile,
京东官网首页-京东商城,zh,1,bing_zh-CN,1,东京 包车,generico,False,False,0,indefinito,3,0,non disponibile,non disponibile,non disponibile,
京东快递、招聘信息,zh,1,bing_zh-CN,1,东京 包车,assunzione,False,False,0,autista,3,0,non disponibile,non disponibile,non disponibile,
京东招司机招聘信息,zh,1,baidu,1,东京 司机,assunzione,False,False,0,operatore,3,0,non disponibile,non disponibile,non disponibile,
京东招聘司机,zh,1,baidu,1,东京 司机,assunzione,False,False,0,autista,3,0,non disponibile,non disponibile,non disponibile,
京东招聘司机要求条件,zh,1,baidu,1,东京 司机,assunzione,False,False,0,autista,3,0,non disponibile,non disponibile,non disponibile,
京东新车预计定价在10-12万,zh,1,bing_zh-CN,1,东京 包车,generico,False,False,0,indefinito,3,0,non disponibile,non disponibile,non disponibile,
京东服务+怎么样,zh,1,bing_zh-CN,1,东京 司机,informativo,False,False,0,autista,3,0,non disponibile,non disponibile,non disponibile,
京东服务+招商,zh,1,bing_zh-CN,1,东京 旅游 用车 司机 招聘,generico,False,False,0,indefinito,3,0,non disponibile,non disponibile,non disponibile,
京东汽车起售价4.99万,zh,1,bing_zh-CN,1,东京 包车,generico,False,False,0,indefinito,3,0,non disponibile,non disponibile,non disponibile,
京东礼包.top,zh,1,bing_zh-CN,1,东京 包车,generico,False,False,0,indefinito,3,0,non disponibile,non disponibile,non disponibile,
京东秒送商家端.html,zh,1,bing_zh-CN,1,日本 高端接送 司机,generico,False,False,0,indefinito,3,0,non disponibile,non disponibile,non disponibile,
京东联合“造车”背后是什么,zh,1,bing_zh-CN,1,东京 包车,informativo,False,False,0,indefinito,3,0,non disponibile,non disponibile,non disponibile,
京东超市礼包.top,zh,1,bing_zh-CN,1,东京 包车,generico,False,False,0,indefinito,3,0,non disponibile,non disponibile,non disponibile,
京东首车价定4.99万,zh,1,bing_zh-CN,1,东京 包车,generico,False,False,0,indefinito,3,0,non disponibile,non disponibile,non disponibile,
你是我的好朋友的英语,zh,1,baidu,1,东京 司机,generico,False,False,0,indefinito,3,0,non disponibile,non disponibile,non disponibile,
価格.com 车,zh,1,bing_zh-CN,1,日本 专车,acquisto_servizio,False,False,0,indefinito,3,0,non disponibile,non disponibile,non disponibile,
入境遣返护照有记录吗,zh,1,baidu,1,东京 司机,generico,False,False,0,indefinito,3,0,non disponibile,non disponibile,non disponibile,
准驾车型:b2e,zh,1,bing_zh-CN,1,日本 二种驾照,generico,False,False,0,indefinito,3,0,non disponibile,non disponibile,non disponibile,
包车 英文,zh,1,baidu,1,日本 包车 司机 英语,acquisto_servizio,False,False,0,turista,3,0,non disponibile,non disponibile,non disponibile,
华为笔记本国产操作系统,zh,1,baidu,1,东京 司机,generico,False,False,0,indefinito,3,0,non disponibile,non disponibile,non disponibile,
南京小学教师,zh,1,baidu,1,东京 司机,generico,False,False,0,indefinito,3,0,non disponibile,non disponibile,non disponibile,
司机用日语怎么说,zh,1,baidu,1,日本 司机,informativo,False,False,0,indefinito,3,0,non disponibile,non disponibile,non disponibile,
司机的日语,zh,1,baidu,1,日本 司机,generico,False,False,0,indefinito,3,0,non disponibile,non disponibile,non disponibile,
司机社发布页-司机故事,zh,1,bing_zh-CN,1,日本 司机,generico,False,False,0,indefinito,3,0,non disponibile,non disponibile,non disponibile,
国产car-t,zh,1,bing_zh-CN,1,日本 专车,generico,False,False,0,indefinito,3,0,non disponibile,non disponibile,non disponibile,
国内car-m,zh,1,bing_zh-CN,1,日本 专车,generico,False,False,0,indefinito,3,0,non disponibile,non disponibile,non disponibile,
国内car-t,zh,1,bing_zh-CN,1,日本 专车,generico,False,False,0,indefinito,3,0,non disponibile,non disponibile,non disponibile,
国内car-t公司,zh,1,bing_zh-CN,1,日本 专车,generico,False,False,0,indefinito,3,0,non disponibile,non disponibile,non disponibile,
学生尿床怎么办,zh,1,baidu,1,东京 司机,informativo,False,False,0,indefinito,3,0,non disponibile,non disponibile,non disponibile,
快递邮政编码是多少,zh,1,baidu,1,东京 司机,generico,False,False,0,indefinito,3,0,non disponibile,non disponibile,non disponibile,
方得人心的意思,zh,1,baidu,1,东京 司机,generico,False,False,0,indefinito,3,0,non disponibile,non disponibile,non disponibile,
日企翻译汽车专用术语,zh,1,baidu,1,日本 专车,generico,False,False,0,indefinito,3,0,non disponibile,non disponibile,non disponibile,
日式英语东京,zh,1,baidu,1,东京 英语司机,generico,False,False,0,indefinito,3,0,non disponibile,non disponibile,non disponibile,
日本 专车司机 多语种 兼职是真的吗,zh,1,baidu,1,日本 专车司机 多语种,generico,False,False,0,autista,3,0,non disponibile,non disponibile,non disponibile,
日本 二种驾照 东京可以用吗,zh,1,baidu,1,日本 二种驾照,generico,False,False,0,indefinito,3,0,non disponibile,non disponibile,non disponibile,
日本 二种驾照 东京能开车吗,zh,1,baidu,1,日本 二种驾照,generico,False,False,0,indefinito,3,0,non disponibile,non disponibile,non disponibile,
日本 二种驾照 东京能用吗,zh,1,baidu,1,日本 二种驾照,generico,False,False,0,indefinito,3,0,non disponibile,non disponibile,non disponibile,
日本 二种驾照 价格一样吗,zh,1,baidu,1,日本 二种驾照,acquisto_servizio,False,False,0,turista,3,0,non disponibile,non disponibile,non disponibile,
日本 二种驾照 价格区别,zh,1,baidu,1,日本 二种驾照,acquisto_servizio,False,False,0,turista,3,0,non disponibile,non disponibile,non disponibile,
日本 二种驾照 价格是多少,zh,1,baidu,1,日本 二种驾照,acquisto_servizio,False,False,0,turista,3,0,non disponibile,non disponibile,non disponibile,
日本 二种驾照 公司叫什么,zh,1,baidu,1,日本 二种驾照,informativo,False,False,0,indefinito,3,0,non disponibile,non disponibile,non disponibile,
日本 二种驾照 公司是什么,zh,1,baidu,1,日本 二种驾照,informativo,False,False,0,indefinito,3,0,non disponibile,non disponibile,non disponibile,
日本 二种驾照 公司有哪些,zh,1,baidu,1,日本 二种驾照,generico,False,False,0,indefinito,3,0,non disponibile,non disponibile,non disponibile,
日本 二种驾照 兼职是真的吗,zh,1,baidu,1,日本 二种驾照,generico,False,False,0,autista,3,0,non disponibile,non disponibile,non disponibile,
日本 二种驾照 兼职有哪些,zh,1,baidu,1,日本 二种驾照,generico,False,False,0,autista,3,0,non disponibile,non disponibile,non disponibile,
日本 二种驾照 司机 英语叫什么,zh,1,baidu,1,日本 二种驾照 司机,informativo,False,False,0,indefinito,3,0,non disponibile,non disponibile,non disponibile,
日本 二种驾照不能开车,zh,1,baidu,1,日本 二种驾照,generico,False,False,0,indefinito,3,0,non disponibile,non disponibile,non disponibile,
日本 二种驾照制度,zh,1,baidu,1,日本 二种驾照,generico,False,False,0,indefinito,3,0,non disponibile,non disponibile,non disponibile,
日本 二种驾照取消了吗,zh,1,baidu,1,日本 二种驾照,generico,False,False,0,indefinito,3,0,non disponibile,non disponibile,non disponibile,
日本 二种驾照叫什么,zh,1,baidu,1,日本 二种驾照,informativo,False,False,0,indefinito,3,0,non disponibile,non disponibile,non disponibile,
日本 二种驾照名字,zh,1,baidu,1,日本 二种驾照,generico,False,False,0,indefinito,3,0,non disponibile,non disponibile,non disponibile,
日本 二种驾照品牌,zh,1,baidu,1,日本 二种驾照,generico,False,False,0,indefinito,3,0,non disponibile,non disponibile,non disponibile,
日本 二种驾照多少钱,zh,1,baidu,1,日本 二种驾照,acquisto_servizio,False,False,0,turista,3,0,non disponibile,non disponibile,non disponibile,
日本 二种驾照很难考吗,zh,1,baidu,1,日本 二种驾照,generico,False,False,0,indefinito,3,0,non disponibile,non disponibile,non disponibile,
日本 二种驾照扣多少分,zh,1,baidu,1,日本 二种驾照,generico,False,False,0,indefinito,3,0,non disponibile,non disponibile,non disponibile,
日本 二种驾照是什么,zh,1,baidu,1,日本 二种驾照,informativo,False,False,0,indefinito,3,0,non disponibile,non disponibile,non disponibile,
日本 二种驾照有多少人,zh,1,baidu,1,日本 二种驾照,generico,False,False,0,indefinito,3,0,non disponibile,non disponibile,non disponibile,
日本 二种驾照能开车么,zh,1,baidu,1,日本 二种驾照,generico,False,False,0,indefinito,3,0,non disponibile,non disponibile,non disponibile,
日本 二种驾照车型,zh,1,baidu,1,日本 二种驾照,generico,False,False,0,indefinito,3,0,non disponibile,non disponibile,non disponibile,
日本 二种驾照软件,zh,1,baidu,1,日本 二种驾照,generico,False,False,0,indefinito,3,0,non disponibile,non disponibile,non disponibile,
日本 二种驾照通用吗,zh,1,baidu,1,日本 二种驾照,generico,False,False,0,indefinito,3,0,non disponibile,non disponibile,non disponibile,
日本 包车 介绍视频,zh,1,baidu,1,日本 包车,acquisto_servizio,False,False,0,turista,3,0,non disponibile,non disponibile,non disponibile,
日本 包车 公司 招司机 公司是真的吗,zh,1,baidu,1,日本 包车 公司 招司机,acquisto_servizio,False,False,0,operatore,3,0,non disponibile,non disponibile,non disponibile,
日本 包车 公司 招司机 兼职是真的吗,zh,1,baidu,1,日本 包车 公司 招司机,acquisto_servizio,False,False,0,operatore,3,0,non disponibile,non disponibile,non disponibile,
日本 包车 公司 招司机 招聘是真的吗,zh,1,baidu,1,日本 包车 公司 招司机,assunzione,False,False,0,operatore,3,0,non disponibile,non disponibile,non disponibile,
日本 包车 公司 招司机是真的吗,zh,1,baidu,1,日本 包车 公司 招司机,acquisto_servizio,False,False,0,operatore,3,0,non disponibile,non disponibile,non disponibile,
日本 包车 司机 介绍视频,zh,1,baidu,1,日本 包车 司机,acquisto_servizio,False,False,0,turista,3,0,non disponibile,non disponibile,non disponibile,
日本 包车 司机 英语 介绍视频,zh,1,baidu,1,日本 包车 司机 英语,acquisto_servizio,False,False,0,turista,3,0,non disponibile,non disponibile,non disponibile,
日本 包车 司机 英语如何说,zh,1,baidu,1,日本 包车 司机 英语,acquisto_servizio,False,False,0,turista,3,0,non disponibile,non disponibile,non disponibile,
日本 包车 司机 英语怎么说?,zh,1,baidu,1,日本 包车 司机 英语,acquisto_servizio,False,False,0,turista,3,0,non disponibile,non disponibile,non disponibile,
日本 包车 英语怎么说,zh,1,baidu,1,日本 包车,acquisto_servizio,False,False,0,turista,3,0,non disponibile,non disponibile,non disponibile,
日本 包车 英语翻译,zh,1,baidu,1,日本 包车,acquisto_servizio,False,False,0,turista,3,0,non disponibile,non disponibile,non disponibile,
日本 圧着 端子製造 カタログ,zh,1,bing_zh-CN,1,日本 高端接送 司机,generico,False,False,0,indefinito,3,0,non disponibile,non disponibile,non disponibile,
日本k-car,zh,1,bing_zh-CN,1,日本 专车,generico,False,False,0,indefinito,3,0,non disponibile,non disponibile,non disponibile,
日本ubereats送餐员,zh,1,baidu,1,日本 高端接送 司机,generico,False,False,0,indefinito,3,0,non disponibile,non disponibile,non disponibile,
日本“最强”大模型翻车,zh,1,bing_zh-CN,1,日本 专车,generico,False,False,0,indefinito,3,0,non disponibile,non disponibile,non disponibile,
日本一辆车多少钱,zh,1,baidu,1,日本 专车,acquisto_servizio,False,False,0,turista,3,0,non disponibile,non disponibile,non disponibile,
日本专用车厢,zh,1,baidu,1,日本 专车,generico,False,False,0,indefinito,3,0,non disponibile,non disponibile,non disponibile,
日本专线日语,zh,1,baidu,1,日本 专车,generico,False,False,0,indefinito,3,0,non disponibile,non disponibile,non disponibile,
日本东京大巴车租赁,zh,1,baidu,1,日本 专车,generico,False,False,0,indefinito,3,0,non disponibile,non disponibile,non disponibile,
日本东京当地旅行社,zh,1,baidu,1,东京 旅游 用车 司机 招聘,generico,False,False,0,indefinito,3,0,non disponibile,non disponibile,non disponibile,
日本东京打车多少钱一公里,zh,1,baidu,1,日本 专车,acquisto_servizio,False,False,0,turista,3,0,non disponibile,non disponibile,non disponibile,
日本东京打车怎么收费,zh,1,baidu,1,日本 专车,informativo,False,False,0,indefinito,3,0,non disponibile,non disponibile,non disponibile,
日本东京招聘信息网,zh,1,baidu,1,东京 司机,assunzione,False,False,0,autista,3,0,non disponibile,non disponibile,non disponibile,
日本东京英语,zh,1,baidu,1,东京 英语司机,generico,False,False,0,indefinito,3,0,non disponibile,non disponibile,non disponibile,
日本东京英语叫什么,zh,1,baidu,1,东京 英语司机,informativo,False,False,0,indefinito,3,0,non disponibile,non disponibile,non disponibile,
日本东京英语翻译,zh,1,baidu,1,东京 英语司机,generico,False,False,0,indefinito,3,0,non disponibile,non disponibile,non disponibile,
日本东京车市场,zh,1,baidu,1,日本 专车,generico,False,False,0,indefinito,3,0,non disponibile,non disponibile,non disponibile,
日本二种驾照好考吗,zh,1,baidu,1,日本 二种驾照,generico,False,False,0,indefinito,3,0,non disponibile,non disponibile,non disponibile,
日本二种驾照的条件是什么,zh,1,baidu,1,日本 二种驾照,informativo,False,False,0,autista,3,0,non disponibile,non disponibile,non disponibile,
日本二种驾照算特定技能吗,zh,1,baidu,1,日本 二种驾照,generico,False,False,0,indefinito,3,0,non disponibile,non disponibile,non disponibile,
日本二种驾照考试题,zh,1,baidu,1,日本 二种驾照,generico,False,False,0,indefinito,3,0,non disponibile,non disponibile,non disponibile,
日本公司驾驶员工资,zh,1,baidu,1,日本 二种驾照 司机,assunzione,False,False,0,autista,3,0,non disponibile,non disponibile,non disponibile,
日本兼职多少钱一小时,zh,1,baidu,1,日本 司机 兼职,acquisto_servizio,False,False,0,autista,3,0,non disponibile,non disponibile,non disponibile,
日本列车英语,zh,1,baidu,1,日本 专车,generico,False,False,0,indefinito,3,0,non disponibile,non disponibile,non disponibile,
日本卖车,zh,1,baidu,1,日本 专车,generico,False,False,0,indefinito,3,0,non disponibile,non disponibile,non disponibile,
日本叫汽车怎说,zh,1,baidu,1,日本 专车,generico,False,False,0,indefinito,3,0,non disponibile,non disponibile,non disponibile,
日本叫车软件叫什么,zh,1,baidu,1,日本 专车,informativo,False,False,0,indefinito,3,0,non disponibile,non disponibile,non disponibile,
日本合法租车攻略,zh,1,baidu,1,日本 包车,acquisto_servizio,False,False,0,turista,3,0,non disponibile,non disponibile,non disponibile,
日本大客车,zh,1,baidu,1,日本 专车,generico,False,False,0,indefinito,3,0,non disponibile,non disponibile,non disponibile,
日本客车,zh,1,baidu,1,日本 专车,generico,False,False,0,indefinito,3,0,non disponibile,non disponibile,non disponibile,
日本开车驾照,zh,1,baidu,1,日本 二种驾照 司机,generico,False,False,0,indefinito,3,0,non disponibile,non disponibile,non disponibile,
日本当地车价,zh,1,baidu,1,日本 专车,generico,False,False,0,indefinito,3,0,non disponibile,non disponibile,non disponibile,
日本打车,zh,1,baidu,1,日本 包车,generico,False,False,0,indefinito,3,0,non disponibile,non disponibile,non disponibile,
日本打车价格,zh,1,baidu,1,日本 专车,acquisto_servizio,False,False,0,turista,3,0,non disponibile,non disponibile,non disponibile,
日本打车收费,zh,1,baidu,1,日本 包车,generico,False,False,0,indefinito,3,0,non disponibile,non disponibile,non disponibile,
日本拉车,zh,1,baidu,1,日本 专车,generico,False,False,0,indefinito,3,0,non disponibile,non disponibile,non disponibile,
日本拉车怎么收费,zh,1,baidu,1,日本 专车,informativo,False,False,0,indefinito,3,0,non disponibile,non disponibile,non disponibile,
日本拼车,zh,1,baidu,1,日本 专车,generico,False,False,0,indefinito,3,0,non disponibile,non disponibile,non disponibile,
日本搭便车,zh,1,baidu,1,日本 专车,generico,False,False,0,indefinito,3,0,non disponibile,non disponibile,non disponibile,
日本普通二种驾照,zh,1,bing_zh-CN,1,日本 二种驾照,generico,False,False,0,indefinito,3,0,non disponibile,non disponibile,non disponibile,
日本本土汽车网站,zh,1,baidu,1,日本 专车,generico,False,False,0,indefinito,3,0,non disponibile,non disponibile,non disponibile,
日本本土车,zh,1,baidu,1,日本 专车,generico,False,False,0,indefinito,3,0,non disponibile,non disponibile,non disponibile,
日本汽车,zh,1,baidu,1,日本 专车,generico,False,False,0,indefinito,3,0,non disponibile,non disponibile,non disponibile,
日本汽车价格表,zh,1,baidu,1,日本 专车,acquisto_servizio,False,False,0,turista,3,0,non disponibile,non disponibile,non disponibile,
日本汽车公司,zh,1,baidu,1,日本 专车,generico,False,False,0,indefinito,3,0,non disponibile,non disponibile,non disponibile,
日本汽车工人工资,zh,1,baidu,1,日本 专车,assunzione,False,False,0,autista,3,0,non disponibile,non disponibile,non disponibile,
日本汽车驾照分几个等级,zh,1,baidu,1,日本 二种驾照 司机,generico,False,False,0,indefinito,3,0,non disponibile,non disponibile,non disponibile,
日本电影货车司机,zh,1,bing_zh-CN,1,日本 司机,generico,False,False,0,indefinito,3,0,non disponibile,non disponibile,non disponibile,
日本电车司机工作待遇,zh,1,baidu,1,日本 专车司机 多语种,generico,False,False,0,autista,3,0,non disponibile,non disponibile,non disponibile,
日本的快车是什么车,zh,1,baidu,1,日本 专车,informativo,False,False,0,indefinito,3,0,non disponibile,non disponibile,non disponibile,
日本的汽车,zh,1,baidu,1,日本 专车,generico,False,False,0,indefinito,3,0,non disponibile,non disponibile,non disponibile,
日本的跑车,zh,1,baidu,1,日本 专车,generico,False,False,0,indefinito,3,0,non disponibile,non disponibile,non disponibile,
日本考驾驶证多少钱,zh,1,baidu,1,日本 二种驾照,acquisto_servizio,False,False,0,turista,3,0,non disponibile,non disponibile,non disponibile,
日本货车司机,zh,1,baidu,1,日本 司机,generico,False,False,0,indefinito,3,0,non disponibile,non disponibile,non disponibile,
日本货车司机工资,zh,1,baidu,1,日本 司机 招聘,assunzione,False,False,0,autista,3,0,non disponibile,non disponibile,non disponibile,
日本货车司机视频,zh,1,baidu,1,日本 司机,generico,False,False,0,indefinito,3,0,non disponibile,non disponibile,non disponibile,
日本车l,zh,1,baidu,1,日本 专车,generico,False,False,0,indefinito,3,0,non disponibile,non disponibile,non disponibile,
日本车企业,zh,1,baidu,1,日本 专车,generico,False,False,0,indefinito,3,0,non disponibile,non disponibile,non disponibile,
日本车公司有好多车,zh,1,baidu,1,日本 专车,generico,False,False,0,indefinito,3,0,non disponibile,non disponibile,non disponibile,
日本车厂,zh,1,baidu,1,日本 专车,generico,False,False,0,indefinito,3,0,non disponibile,non disponibile,non disponibile,
日本车子,zh,1,baidu,1,日本 专车,generico,False,False,0,indefinito,3,0,non disponibile,non disponibile,non disponibile,
日本车英语,zh,1,baidu,1,日本 司机,generico,False,False,0,indefinito,3,0,non disponibile,non disponibile,non disponibile,
日本车费,zh,1,baidu,1,日本 专车,generico,False,False,0,indefinito,3,0,non disponibile,non disponibile,non disponibile,
日本车辆,zh,1,baidu,1,日本 专车,generico,False,False,0,indefinito,3,0,non disponibile,non disponibile,non disponibile,
日本车辆制造公司,zh,1,baidu,1,日本 专车,generico,False,False,0,indefinito,3,0,non disponibile,non disponibile,non disponibile,
日本车辆运营所需条件,zh,1,baidu,1,日本 专车,generico,False,False,0,autista,3,0,non disponibile,non disponibile,non disponibile,
日本车队,zh,1,baidu,1,日本 专车,generico,False,False,0,indefinito,3,0,non disponibile,non disponibile,non disponibile,
日本车队出行,zh,1,baidu,1,日本 专车,generico,False,False,0,indefinito,3,0,non disponibile,non disponibile,non disponibile,
日本送外卖的车,zh,1,baidu,1,日本 高端接送 司机,generico,False,False,0,indefinito,3,0,non disponibile,non disponibile,non disponibile,
日本长途汽车运输视频2023,zh,1,baidu,1,日本 专车,generico,False,False,0,indefinito,3,0,non disponibile,non disponibile,non disponibile,
日本電车,zh,1,baidu,1,日本 专车,generico,False,False,0,indefinito,3,0,non disponibile,non disponibile,non disponibile,
日本驾校,zh,1,baidu,1,日本 二种驾照 司机,generico,False,False,0,indefinito,3,0,non disponibile,non disponibile,non disponibile,
日本驾校的第二阶段都考什么,zh,1,baidu,1,日本 二种驾照,informativo,False,False,0,indefinito,3,0,non disponibile,non disponibile,non disponibile,
日本驾照几年一更新,zh,1,baidu,1,日本 二种驾照,generico,False,False,0,indefinito,3,0,non disponibile,non disponibile,non disponibile,
日本驾照分几种等级,zh,1,baidu,1,日本 二种驾照,generico,False,False,0,indefinito,3,0,non disponibile,non disponibile,non disponibile,
日本驾照分类,zh,1,baidu,1,日本 二种驾照,generico,False,False,0,indefinito,3,0,non disponibile,non disponibile,non disponibile,
日本驾照十个问题,zh,1,baidu,1,日本 二种驾照,generico,False,False,0,indefinito,3,0,non disponibile,non disponibile,non disponibile,
日本驾照如何在国内使用,zh,1,baidu,1,日本 二种驾照,informativo,False,False,0,indefinito,3,0,non disponibile,non disponibile,non disponibile,
日本驾照怎么考,zh,1,baidu,1,日本 二种驾照,informativo,False,False,0,indefinito,3,0,non disponibile,non disponibile,non disponibile,
日本驾车,zh,1,baidu,1,日本 专车,generico,False,False,0,indefinito,3,0,non disponibile,non disponibile,non disponibile,
日本驾驶,zh,1,baidu,1,日本 二种驾照 司机,generico,False,False,0,indefinito,3,0,non disponibile,non disponibile,non disponibile,
日本驾驶员位置在哪里,zh,1,baidu,1,日本 二种驾照 司机,generico,False,False,0,indefinito,3,0,non disponibile,non disponibile,non disponibile,
日本驾驶证可以在哪些国家使用,zh,1,baidu,1,日本 二种驾照,generico,False,False,0,indefinito,3,0,non disponibile,non disponibile,non disponibile,
朝晖一区二手房,zh,1,baidu,1,日本 高端接送 司机,generico,False,False,0,indefinito,3,0,non disponibile,non disponibile,non disponibile,
机动车驾驶人刚拿到驾照 c1或c2 时 其驾照上有几分,zh,1,bing_zh-CN,1,日本 二种驾照,generico,False,False,0,indefinito,3,0,non disponibile,non disponibile,non disponibile,
梦见往家里拉土,zh,1,baidu,1,东京 司机,generico,False,False,0,indefinito,3,0,non disponibile,non disponibile,non disponibile,
欧州 e-car,zh,1,bing_zh-CN,1,日本 专车,generico,False,False,0,indefinito,3,0,non disponibile,non disponibile,non disponibile,
考试:司机:驾照,zh,1,bing_zh-CN,1,日本 二种驾照 司机,generico,False,False,0,indefinito,3,0,non disponibile,non disponibile,non disponibile,
跟我来舞蹈视频教学,zh,1,baidu,1,日本 高端接送 司机,generico,False,False,0,indefinito,3,0,non disponibile,non disponibile,non disponibile,
驾照c1 c2 c3 c4 c5 c6,zh,1,bing_zh-CN,1,日本 二种驾照,generico,False,False,0,indefinito,3,0,non disponibile,non disponibile,non disponibile,
驾照类型 c1 c2 c3区别,zh,1,bing_zh-CN,1,日本 二种驾照,generico,False,False,0,indefinito,3,0,non disponibile,non disponibile,non disponibile,
