bing_ja-JP	英語対応 ハイヤー ドライバー
google_zh-CN_cn	日本 包车 司机 英语
google_ja_jp	ハイヤー 英語
google_ja_jp	英語対応 ハイヤー ドライバー
google_en_jp	english speaking driver japan
baidu	日本 包车 司机 英语
google_en_jp	english speaking driver japan a
google_ja_jp	英語対応 ハイヤー ドライバーあ
google_zh-CN_cn	日本 包车 司机 英语 a
google_ja_jp	ハイヤー 英語あ
bing_ja-JP	英語対応 ハイヤー ドライバーあ
baidu	日本 包车 司机 英语 a
google_en_jp	english speaking driver japan b
google_ja_jp	英語対応 ハイヤー ドライバーい
bing_ja-JP	英語対応 ハイヤー ドライバーい
google_zh-CN_cn	日本 包车 司机 英语 b
google_ja_jp	ハイヤー 英語い
baidu	日本 包车 司机 英语 b
google_ja_jp	英語対応 ハイヤー ドライバーう
google_en_jp	english speaking driver japan c
google_zh-CN_cn	日本 包车 司机 英语 c
bing_ja-JP	英語対応 ハイヤー ドライバーう
google_ja_jp	ハイヤー 英語う
baidu	日本 包车 司机 英语 c
google_ja_jp	英語対応 ハイヤー ドライバーえ
bing_ja-JP	英語対応 ハイヤー ドライバーえ
google_zh-CN_cn	日本 包车 司机 英语 d
google_en_jp	english speaking driver japan d
google_ja_jp	ハイヤー 英語え
baidu	日本 包车 司机 英语 d
google_en_jp	english speaking driver japan e
google_zh-CN_cn	日本 包车 司机 英语 e
google_ja_jp	ハイヤー 英語お
google_ja_jp	英語対応 ハイヤー ドライバーお
bing_ja-JP	英語対応 ハイヤー ドライバーお
google_en_jp	english speaking driver japan f
google_zh-CN_cn	日本 包车 司机 英语 f
bing_ja-JP	英語対応 ハイヤー ドライバーか
google_ja_jp	英語対応 ハイヤー ドライバーか
baidu	日本 包车 司机 英语 e
google_ja_jp	ハイヤー 英語か
google_en_jp	english speaking driver japan g
google_zh-CN_cn	日本 包车 司机 英语 g
bing_ja-JP	英語対応 ハイヤー ドライバーき
google_ja_jp	英語対応 ハイヤー ドライバーき
google_ja_jp	ハイヤー 英語き
baidu	日本 包车 司机 英语 f
google_en_jp	english speaking driver japan h
google_zh-CN_cn	日本 包车 司机 英语 h
bing_ja-JP	英語対応 ハイヤー ドライバーく
google_ja_jp	英語対応 ハイヤー ドライバーく
google_ja_jp	ハイヤー 英語く
baidu	日本 包车 司机 英语 g
google_en_jp	english speaking driver japan i
bing_ja-JP	英語対応 ハイヤー ドライバーけ
google_zh-CN_cn	日本 包车 司机 英语 i
google_ja_jp	ハイヤー 英語け
google_ja_jp	英語対応 ハイヤー ドライバーけ
baidu	日本 包车 司机 英语 h
google_zh-CN_cn	日本 包车 司机 英语 j
google_en_jp	english speaking driver japan j
bing_ja-JP	英語対応 ハイヤー ドライバーこ
google_ja_jp	ハイヤー 英語こ
google_ja_jp	英語対応 ハイヤー ドライバーこ
baidu	日本 包车 司机 英语 i
google_zh-CN_cn	日本 包车 司机 英语 k
google_en_jp	english speaking driver japan k
bing_ja-JP	英語対応 ハイヤー ドライバーさ
google_ja_jp	ハイヤー 英語さ
google_ja_jp	英語対応 ハイヤー ドライバーさ
baidu	日本 包车 司机 英语 j
google_zh-CN_cn	日本 包车 司机 英语 l
google_en_jp	english speaking driver japan l
bing_ja-JP	英語対応 ハイヤー ドライバーし
google_ja_jp	ハイヤー 英語し
google_ja_jp	英語対応 ハイヤー ドライバーし
google_en_jp	english speaking driver japan m
baidu	日本 包车 司机 英语 k
google_zh-CN_cn	日本 包车 司机 英语 m
bing_ja-JP	英語対応 ハイヤー ドライバーす
google_ja_jp	ハイヤー 英語す
google_ja_jp	英語対応 ハイヤー ドライバーす
google_en_jp	english speaking driver japan n
google_zh-CN_cn	日本 包车 司机 英语 n
baidu	日本 包车 司机 英语 l
bing_ja-JP	英語対応 ハイヤー ドライバーせ
google_ja_jp	英語対応 ハイヤー ドライバーせ
google_ja_jp	ハイヤー 英語せ
google_en_jp	english speaking driver japan o
bing_ja-JP	英語対応 ハイヤー ドライバーそ
google_zh-CN_cn	日本 包车 司机 英语 o
baidu	日本 包车 司机 英语 m
google_ja_jp	英語対応 ハイヤー ドライバーそ
google_ja_jp	ハイヤー 英語そ
google_en_jp	english speaking driver japan p
google_zh-CN_cn	日本 包车 司机 英语 p
bing_ja-JP	英語対応 ハイヤー ドライバーた
baidu	日本 包车 司机 英语 n
google_ja_jp	英語対応 ハイヤー ドライバーた
google_ja_jp	ハイヤー 英語た
google_en_jp	english speaking driver japan q
bing_ja-JP	英語対応 ハイヤー ドライバーち
google_zh-CN_cn	日本 包车 司机 英语 q
baidu	日本 包车 司机 英语 o
google_ja_jp	ハイヤー 英語ち
google_ja_jp	英語対応 ハイヤー ドライバーち
google_en_jp	english speaking driver japan r
bing_ja-JP	英語対応 ハイヤー ドライバーつ
google_zh-CN_cn	日本 包车 司机 英语 r
baidu	日本 包车 司机 英语 p
google_ja_jp	ハイヤー 英語つ
google_ja_jp	英語対応 ハイヤー ドライバーつ
google_en_jp	english speaking driver japan s
bing_ja-JP	英語対応 ハイヤー ドライバーて
google_zh-CN_cn	日本 包车 司机 英语 s
google_ja_jp	英語対応 ハイヤー ドライバーて
baidu	日本 包车 司机 英语 q
google_ja_jp	ハイヤー 英語て
google_en_jp	english speaking driver japan t
bing_ja-JP	英語対応 ハイヤー ドライバーと
google_zh-CN_cn	日本 包车 司机 英语 t
google_ja_jp	英語対応 ハイヤー ドライバーと
google_ja_jp	ハイヤー 英語と
google_en_jp	english speaking driver japan u
baidu	日本 包车 司机 英语 r
google_zh-CN_cn	日本 包车 司机 英语 u
bing_ja-JP	英語対応 ハイヤー ドライバーな
google_ja_jp	英語対応 ハイヤー ドライバーな
google_ja_jp	ハイヤー 英語な
google_en_jp	english speaking driver japan v
baidu	日本 包车 司机 英语 s
bing_ja-JP	英語対応 ハイヤー ドライバーに
google_zh-CN_cn	日本 包车 司机 英语 v
google_ja_jp	英語対応 ハイヤー ドライバーに
google_ja_jp	ハイヤー 英語に
google_en_jp	english speaking driver japan w
baidu	日本 包车 司机 英语 t
google_zh-CN_cn	日本 包车 司机 英语 w
bing_ja-JP	英語対応 ハイヤー ドライバーぬ
google_ja_jp	英語対応 ハイヤー ドライバーぬ
google_ja_jp	ハイヤー 英語ぬ
google_en_jp	english speaking driver japan x
bing_ja-JP	英語対応 ハイヤー ドライバーね
baidu	日本 包车 司机 英语 u
google_zh-CN_cn	日本 包车 司机 英语 x
google_ja_jp	英語対応 ハイヤー ドライバーね
google_ja_jp	ハイヤー 英語ね
google_en_jp	english speaking driver japan y
bing_ja-JP	英語対応 ハイヤー ドライバーの
baidu	日本 包车 司机 英语 v
google_zh-CN_cn	日本 包车 司机 英语 y
google_ja_jp	英語対応 ハイヤー ドライバーの
google_ja_jp	ハイヤー 英語の
google_en_jp	english speaking driver japan z
bing_ja-JP	英語対応 ハイヤー ドライバーは
google_zh-CN_cn	日本 包车 司机 英语 z
baidu	日本 包车 司机 英语 w
google_ja_jp	英語対応 ハイヤー ドライバーは
google_ja_jp	ハイヤー 英語は
google_en_jp	english speaking driver japan jobs
bing_ja-JP	英語対応 ハイヤー ドライバーひ
google_zh-CN_cn	日本 包车 司机 英语 招聘
baidu	日本 包车 司机 英语 x
google_ja_jp	英語対応 ハイヤー ドライバーひ
google_en_jp	english speaking driver japan hiring
google_ja_jp	ハイヤー 英語ひ
bing_ja-JP	英語対応 ハイヤー ドライバーふ
google_zh-CN_cn	日本 包车 司机 英语 价格
baidu	日本 包车 司机 英语 y
google_ja_jp	英語対応 ハイヤー ドライバーふ
google_en_jp	english speaking driver japan price
google_ja_jp	ハイヤー 英語ふ
google_zh-CN_cn	日本 包车 司机 英语 介绍
bing_ja-JP	英語対応 ハイヤー ドライバーへ
baidu	日本 包车 司机 英语 z
google_ja_jp	英語対応 ハイヤー ドライバーへ
google_en_jp	english speaking driver japan agency
google_ja_jp	ハイヤー 英語へ
google_zh-CN_cn	日本 包车 司机 英语 东京
bing_ja-JP	英語対応 ハイヤー ドライバーほ
google_en_jp	english speaking driver japan tokyo
google_ja_jp	英語対応 ハイヤー ドライバーほ
google_ja_jp	ハイヤー 英語ほ
baidu	日本 包车 司机 英语 招聘
google_zh-CN_cn	日本 包车 司机 英语 英语
bing_ja-JP	英語対応 ハイヤー ドライバーま
google_ja_jp	英語対応 ハイヤー ドライバーま
google_en_jp	english speaking driver japan english
google_ja_jp	ハイヤー 英語ま
baidu	日本 包车 司机 英语 价格
google_zh-CN_cn	日本 包车 司机 英语 兼职
bing_ja-JP	英語対応 ハイヤー ドライバーみ
google_ja_jp	英語対応 ハイヤー ドライバーみ
google_en_jp	english speaking driver japan chinese
google_ja_jp	ハイヤー 英語み
baidu	日本 包车 司机 英语 介绍
bing_ja-JP	英語対応 ハイヤー ドライバーむ
google_zh-CN_cn	日本 包车 司机 英语 公司
google_ja_jp	英語対応 ハイヤー ドライバーむ
google_en_jp	english speaking driver tokyo
google_ja_jp	ハイヤー 英語む
bing_ja-JP	英語対応 ハイヤー ドライバーめ
baidu	日本 包车 司机 英语 东京
google_zh-CN_cn	东京 英语司机
google_ja_jp	英語対応 ハイヤー ドライバーめ
google_en_jp	english speaking driver tokyo a
google_ja_jp	ハイヤー 英語め
bing_ja-JP	英語対応 ハイヤー ドライバーも
baidu	日本 包车 司机 英语 英语
google_zh-CN_cn	东京 英语司机 a
google_ja_jp	英語対応 ハイヤー ドライバーも
google_en_jp	english speaking driver tokyo b
google_ja_jp	ハイヤー 英語も
bing_ja-JP	英語対応 ハイヤー ドライバーや
baidu	日本 包车 司机 英语 兼职
google_zh-CN_cn	东京 英语司机 b
google_ja_jp	英語対応 ハイヤー ドライバーや
google_en_jp	english speaking driver tokyo c
google_ja_jp	ハイヤー 英語や
bing_ja-JP	英語対応 ハイヤー ドライバーゆ
google_zh-CN_cn	东京 英语司机 c
baidu	日本 包车 司机 英语 公司
google_en_jp	english speaking driver tokyo d
google_ja_jp	英語対応 ハイヤー ドライバーゆ
google_ja_jp	ハイヤー 英語ゆ
bing_ja-JP	英語対応 ハイヤー ドライバーよ
google_zh-CN_cn	东京 英语司机 d
baidu	东京 英语司机
google_ja_jp	英語対応 ハイヤー ドライバーよ
google_en_jp	english speaking driver tokyo e
google_ja_jp	ハイヤー 英語よ
bing_ja-JP	英語対応 ハイヤー ドライバーら
google_zh-CN_cn	东京 英语司机 e
baidu	东京 英语司机 a
google_ja_jp	英語対応 ハイヤー ドライバーら
google_en_jp	english speaking driver tokyo f
google_ja_jp	ハイヤー 英語ら
bing_ja-JP	英語対応 ハイヤー ドライバーり
google_zh-CN_cn	东京 英语司机 f
google_en_jp	english speaking driver tokyo g
google_ja_jp	英語対応 ハイヤー ドライバーり
baidu	东京 英语司机 b
google_ja_jp	ハイヤー 英語り
bing_ja-JP	英語対応 ハイヤー ドライバーる
google_zh-CN_cn	东京 英语司机 g
google_en_jp	english speaking driver tokyo h
google_ja_jp	英語対応 ハイヤー ドライバーる
google_ja_jp	ハイヤー 英語る
bing_ja-JP	英語対応 ハイヤー ドライバーれ
google_zh-CN_cn	东京 英语司机 h
baidu	东京 英语司机 c
google_en_jp	english speaking driver tokyo i
google_ja_jp	英語対応 ハイヤー ドライバーれ
bing_ja-JP	英語対応 ハイヤー ドライバーろ
google_ja_jp	ハイヤー 英語れ
google_zh-CN_cn	东京 英语司机 i
google_en_jp	english speaking driver tokyo j
baidu	东京 英语司机 d
google_ja_jp	英語対応 ハイヤー ドライバーろ
google_ja_jp	ハイヤー 英語ろ
bing_ja-JP	英語対応 ハイヤー ドライバーわ
google_zh-CN_cn	东京 英语司机 j
google_en_jp	english speaking driver tokyo k
google_ja_jp	英語対応 ハイヤー ドライバーわ
baidu	东京 英语司机 e
google_ja_jp	ハイヤー 英語わ
bing_ja-JP	英語対応 ハイヤー ドライバーを
google_zh-CN_cn	东京 英语司机 k
google_ja_jp	英語対応 ハイヤー ドライバーを
google_en_jp	english speaking driver tokyo l
google_ja_jp	ハイヤー 英語を
baidu	东京 英语司机 f
bing_ja-JP	英語対応 ハイヤー ドライバーん
google_zh-CN_cn	东京 英语司机 l
google_ja_jp	英語対応 ハイヤー ドライバーん
google_en_jp	english speaking driver tokyo m
bing_ja-JP	英語対応 ハイヤー ドライバー a
google_ja_jp	ハイヤー 英語ん
baidu	东京 英语司机 g
google_en_jp	english speaking driver tokyo n
google_zh-CN_cn	东京 英语司机 m
google_ja_jp	英語対応 ハイヤー ドライバー a
google_ja_jp	ハイヤー 英語 a
bing_ja-JP	英語対応 ハイヤー ドライバー b
baidu	东京 英语司机 h
google_en_jp	english speaking driver tokyo o
google_zh-CN_cn	东京 英语司机 n
google_ja_jp	英語対応 ハイヤー ドライバー b
google_ja_jp	ハイヤー 英語 b
bing_ja-JP	英語対応 ハイヤー ドライバー c
google_en_jp	english speaking driver tokyo p
google_zh-CN_cn	东京 英语司机 o
google_ja_jp	英語対応 ハイヤー ドライバー c
baidu	东京 英语司机 i
google_ja_jp	ハイヤー 英語 c
bing_ja-JP	英語対応 ハイヤー ドライバー d
google_zh-CN_cn	东京 英语司机 p
google_en_jp	english speaking driver tokyo q
google_ja_jp	英語対応 ハイヤー ドライバー d
baidu	东京 英语司机 j
google_ja_jp	ハイヤー 英語 d
bing_ja-JP	英語対応 ハイヤー ドライバー e
google_zh-CN_cn	东京 英语司机 q
google_ja_jp	英語対応 ハイヤー ドライバー e
google_en_jp	english speaking driver tokyo r
bing_ja-JP	英語対応 ハイヤー ドライバー f
google_ja_jp	ハイヤー 英語 e
baidu	东京 英语司机 k
google_zh-CN_cn	东京 英语司机 r
google_ja_jp	英語対応 ハイヤー ドライバー f
google_en_jp	english speaking driver tokyo s
bing_ja-JP	英語対応 ハイヤー ドライバー g
google_ja_jp	ハイヤー 英語 f
baidu	东京 英语司机 l
google_zh-CN_cn	东京 英语司机 s
google_ja_jp	英語対応 ハイヤー ドライバー g
google_en_jp	english speaking driver tokyo t
bing_ja-JP	英語対応 ハイヤー ドライバー h
baidu	东京 英语司机 m
google_ja_jp	ハイヤー 英語 g
google_ja_jp	英語対応 ハイヤー ドライバー h
google_zh-CN_cn	东京 英语司机 t
google_en_jp	english speaking driver tokyo u
bing_ja-JP	英語対応 ハイヤー ドライバー i
baidu	东京 英语司机 n
google_ja_jp	ハイヤー 英語 h
google_ja_jp	英語対応 ハイヤー ドライバー i
google_zh-CN_cn	东京 英语司机 u
google_en_jp	english speaking driver tokyo v
bing_ja-JP	英語対応 ハイヤー ドライバー j
google_ja_jp	ハイヤー 英語 i
baidu	东京 英语司机 o
google_ja_jp	英語対応 ハイヤー ドライバー j
google_zh-CN_cn	东京 英语司机 v
google_en_jp	english speaking driver tokyo w
bing_ja-JP	英語対応 ハイヤー ドライバー k
google_ja_jp	ハイヤー 英語 j
google_ja_jp	英語対応 ハイヤー ドライバー k
baidu	东京 英语司机 p
google_zh-CN_cn	东京 英语司机 w
google_en_jp	english speaking driver tokyo x
bing_ja-JP	英語対応 ハイヤー ドライバー l
google_ja_jp	ハイヤー 英語 k
google_ja_jp	英語対応 ハイヤー ドライバー l
baidu	东京 英语司机 q
bing_ja-JP	英語対応 ハイヤー ドライバー m
google_en_jp	english speaking driver tokyo y
google_zh-CN_cn	东京 英语司机 x
google_ja_jp	ハイヤー 英語 l
google_ja_jp	英語対応 ハイヤー ドライバー m
google_zh-CN_cn	东京 英语司机 y
bing_ja-JP	英語対応 ハイヤー ドライバー n
google_en_jp	english speaking driver tokyo z
baidu	东京 英语司机 r
google_ja_jp	ハイヤー 英語 m
google_ja_jp	英語対応 ハイヤー ドライバー n
google_zh-CN_cn	东京 英语司机 z
bing_ja-JP	英語対応 ハイヤー ドライバー o
google_en_jp	english speaking driver tokyo jobs
baidu	东京 英语司机 s
google_ja_jp	ハイヤー 英語 n
google_ja_jp	英語対応 ハイヤー ドライバー o
google_zh-CN_cn	东京 英语司机 招聘
bing_ja-JP	英語対応 ハイヤー ドライバー p
google_en_jp	english speaking driver tokyo hiring
baidu	东京 英语司机 t
google_ja_jp	ハイヤー 英語 o
google_ja_jp	英語対応 ハイヤー ドライバー p
google_zh-CN_cn	东京 英语司机 价格
bing_ja-JP	英語対応 ハイヤー ドライバー q
google_en_jp	english speaking driver tokyo price
baidu	东京 英语司机 u
google_ja_jp	ハイヤー 英語 p
google_ja_jp	英語対応 ハイヤー ドライバー q
google_zh-CN_cn	东京 英语司机 介绍
bing_ja-JP	英語対応 ハイヤー ドライバー r
google_en_jp	english speaking driver tokyo agency
google_ja_jp	ハイヤー 英語 q
google_ja_jp	英語対応 ハイヤー ドライバー r
baidu	东京 英语司机 v
google_zh-CN_cn	东京 英语司机 东京
bing_ja-JP	英語対応 ハイヤー ドライバー s
google_en_jp	english speaking driver tokyo tokyo
google_ja_jp	ハイヤー 英語 r
google_ja_jp	英語対応 ハイヤー ドライバー s
baidu	东京 英语司机 w
google_zh-CN_cn	东京 英语司机 英语
google_en_jp	english speaking driver tokyo english
bing_ja-JP	英語対応 ハイヤー ドライバー t
google_ja_jp	ハイヤー 英語 s
google_ja_jp	英語対応 ハイヤー ドライバー t
google_zh-CN_cn	东京 英语司机 兼职
baidu	东京 英语司机 x
google_en_jp	english speaking driver tokyo chinese
bing_ja-JP	英語対応 ハイヤー ドライバー u
google_ja_jp	ハイヤー 英語 t
google_ja_jp	英語対応 ハイヤー ドライバー u
google_zh-CN_cn	东京 英语司机 公司
baidu	东京 英语司机 y
google_en_jp	professional driver japan
bing_ja-JP	英語対応 ハイヤー ドライバー v
google_ja_jp	ハイヤー 英語 u
google_ja_jp	英語対応 ハイヤー ドライバー v
google_zh-CN_cn	日本 二种驾照 司机
baidu	东京 英语司机 z
google_en_jp	professional driver japan a
bing_ja-JP	英語対応 ハイヤー ドライバー w
google_ja_jp	ハイヤー 英語 v
google_ja_jp	英語対応 ハイヤー ドライバー w
google_zh-CN_cn	日本 二种驾照 司机 a
baidu	东京 英语司机 招聘
google_en_jp	professional driver japan b
bing_ja-JP	英語対応 ハイヤー ドライバー x
google_ja_jp	ハイヤー 英語 w
google_ja_jp	英語対応 ハイヤー ドライバー x
google_zh-CN_cn	日本 二种驾照 司机 b
baidu	东京 英语司机 价格
google_en_jp	professional driver japan c
bing_ja-JP	英語対応 ハイヤー ドライバー y
google_ja_jp	ハイヤー 英語 x
google_ja_jp	英語対応 ハイヤー ドライバー y
google_zh-CN_cn	日本 二种驾照 司机 c
google_en_jp	professional driver japan d
bing_ja-JP	英語対応 ハイヤー ドライバー z
baidu	东京 英语司机 介绍
google_ja_jp	ハイヤー 英語 y
google_ja_jp	英語対応 ハイヤー ドライバー z
google_zh-CN_cn	日本 二种驾照 司机 d
google_en_jp	professional driver japan e
bing_ja-JP	英語対応 ハイヤー ドライバー 募集
baidu	东京 英语司机 东京
google_ja_jp	ハイヤー 英語 z
google_ja_jp	英語対応 ハイヤー ドライバー 募集
google_zh-CN_cn	日本 二种驾照 司机 e
google_en_jp	professional driver japan f
bing_ja-JP	英語対応 ハイヤー ドライバー 求人
google_ja_jp	ハイヤー 英語 募集
baidu	东京 英语司机 英语
google_ja_jp	英語対応 ハイヤー ドライバー 求人
google_zh-CN_cn	日本 二种驾照 司机 f
google_en_jp	professional driver japan g
google_ja_jp	ハイヤー 英語 求人
bing_ja-JP	英語対応 ハイヤー ドライバー 料金
baidu	东京 英语司机 兼职
google_ja_jp	英語対応 ハイヤー ドライバー 料金
google_zh-CN_cn	日本 二种驾照 司机 g
google_en_jp	professional driver japan h
google_ja_jp	ハイヤー 英語 料金
bing_ja-JP	英語対応 ハイヤー ドライバー 紹介
baidu	东京 英语司机 公司
google_ja_jp	英語対応 ハイヤー ドライバー 紹介
google_zh-CN_cn	日本 二种驾照 司机 h
google_en_jp	professional driver japan i
google_ja_jp	ハイヤー 英語 紹介
bing_ja-JP	英語対応 ハイヤー ドライバー 東京
baidu	日本 二种驾照 司机
google_ja_jp	英語対応 ハイヤー ドライバー 東京
google_zh-CN_cn	日本 二种驾照 司机 i
google_en_jp	professional driver japan j
google_ja_jp	ハイヤー 英語 東京
bing_ja-JP	英語対応 ハイヤー ドライバー 英語
google_ja_jp	英語対応 ハイヤー ドライバー 英語
google_zh-CN_cn	日本 二种驾照 司机 j
baidu	日本 二种驾照 司机 a
google_en_jp	professional driver japan k
bing_ja-JP	英語対応 ハイヤー ドライバー 中国語
google_ja_jp	ハイヤー 英語 英語
google_zh-CN_cn	日本 二种驾照 司机 k
google_ja_jp	英語対応 ハイヤー ドライバー 中国語
bing_ja-JP	外国語対応 乗務員
google_en_jp	professional driver japan l
google_ja_jp	ハイヤー 英語 中国語
baidu	日本 二种驾照 司机 b
google_zh-CN_cn	日本 二种驾照 司机 l
google_ja_jp	外国語対応 乗務員
bing_ja-JP	外国語対応 乗務員あ
google_en_jp	professional driver japan m
google_ja_jp	英語 運転手
baidu	日本 二种驾照 司机 c
google_zh-CN_cn	日本 二种驾照 司机 m
bing_ja-JP	外国語対応 乗務員い
google_ja_jp	外国語対応 乗務員あ
google_ja_jp	英語 運転手あ
google_en_jp	professional driver japan n
google_ja_jp	外国語対応 乗務員い
google_zh-CN_cn	日本 二种驾照 司机 n
bing_ja-JP	外国語対応 乗務員う
baidu	日本 二种驾照 司机 d
google_ja_jp	英語 運転手い
google_en_jp	professional driver japan o
google_ja_jp	外国語対応 乗務員う
google_zh-CN_cn	日本 二种驾照 司机 o
bing_ja-JP	外国語対応 乗務員え
google_ja_jp	英語 運転手う
google_en_jp	professional driver japan p
baidu	日本 二种驾照 司机 e
google_zh-CN_cn	日本 二种驾照 司机 p
google_ja_jp	外国語対応 乗務員え
bing_ja-JP	外国語対応 乗務員お
google_ja_jp	英語 運転手え
google_en_jp	professional driver japan q
baidu	日本 二种驾照 司机 f
google_ja_jp	外国語対応 乗務員お
google_zh-CN_cn	日本 二种驾照 司机 q
bing_ja-JP	外国語対応 乗務員か
google_ja_jp	英語 運転手お
google_en_jp	professional driver japan r
baidu	日本 二种驾照 司机 g
google_zh-CN_cn	日本 二种驾照 司机 r
google_ja_jp	外国語対応 乗務員か
bing_ja-JP	外国語対応 乗務員き
google_ja_jp	英語 運転手か
google_en_jp	professional driver japan s
bing_ja-JP	外国語対応 乗務員く
baidu	日本 二种驾照 司机 h
google_ja_jp	外国語対応 乗務員き
google_zh-CN_cn	日本 二种驾照 司机 s
google_ja_jp	英語 運転手き
google_en_jp	professional driver japan t
bing_ja-JP	外国語対応 乗務員け
baidu	日本 二种驾照 司机 i
google_zh-CN_cn	日本 二种驾照 司机 t
google_ja_jp	外国語対応 乗務員く
google_ja_jp	英語 運転手く
google_en_jp	professional driver japan u
bing_ja-JP	外国語対応 乗務員こ
google_ja_jp	外国語対応 乗務員け
baidu	日本 二种驾照 司机 j
google_zh-CN_cn	日本 二种驾照 司机 u
google_ja_jp	英語 運転手け
google_en_jp	professional driver japan v
bing_ja-JP	外国語対応 乗務員さ
google_ja_jp	外国語対応 乗務員こ
google_zh-CN_cn	日本 二种驾照 司机 v
baidu	日本 二种驾照 司机 k
google_ja_jp	英語 運転手こ
google_en_jp	professional driver japan w
bing_ja-JP	外国語対応 乗務員し
google_ja_jp	外国語対応 乗務員さ
google_zh-CN_cn	日本 二种驾照 司机 w
baidu	日本 二种驾照 司机 l
google_ja_jp	英語 運転手さ
google_en_jp	professional driver japan x
google_ja_jp	外国語対応 乗務員し
bing_ja-JP	外国語対応 乗務員す
google_zh-CN_cn	日本 二种驾照 司机 x
baidu	日本 二种驾照 司机 m
google_ja_jp	英語 運転手し
google_en_jp	professional driver japan y
google_ja_jp	外国語対応 乗務員す
bing_ja-JP	外国語対応 乗務員せ
google_zh-CN_cn	日本 二种驾照 司机 y
baidu	日本 二种驾照 司机 n
google_ja_jp	英語 運転手す
google_en_jp	professional driver japan z
bing_ja-JP	外国語対応 乗務員そ
google_ja_jp	外国語対応 乗務員せ
google_zh-CN_cn	日本 二种驾照 司机 z
baidu	日本 二种驾照 司机 o
google_ja_jp	英語 運転手せ
google_en_jp	professional driver japan jobs
google_ja_jp	外国語対応 乗務員そ
bing_ja-JP	外国語対応 乗務員た
google_zh-CN_cn	日本 二种驾照 司机 招聘
google_en_jp	professional driver japan hiring
baidu	日本 二种驾照 司机 p
google_ja_jp	英語 運転手そ
google_ja_jp	外国語対応 乗務員た
bing_ja-JP	外国語対応 乗務員ち
google_zh-CN_cn	日本 二种驾照 司机 价格
google_ja_jp	英語 運転手た
baidu	日本 二种驾照 司机 q
google_en_jp	professional driver japan price
google_ja_jp	外国語対応 乗務員ち
bing_ja-JP	外国語対応 乗務員つ
google_zh-CN_cn	日本 二种驾照 司机 介绍
google_ja_jp	英語 運転手ち
baidu	日本 二种驾照 司机 r
google_en_jp	professional driver japan agency
google_ja_jp	外国語対応 乗務員つ
bing_ja-JP	外国語対応 乗務員て
google_zh-CN_cn	日本 二种驾照 司机 东京
google_ja_jp	英語 運転手つ
google_en_jp	professional driver japan tokyo
google_ja_jp	外国語対応 乗務員て
bing_ja-JP	外国語対応 乗務員と
baidu	日本 二种驾照 司机 s
google_zh-CN_cn	日本 二种驾照 司机 英语
google_ja_jp	英語 運転手て
google_en_jp	professional driver japan english
google_ja_jp	外国語対応 乗務員と
bing_ja-JP	外国語対応 乗務員な
baidu	日本 二种驾照 司机 t
google_zh-CN_cn	日本 二种驾照 司机 兼职
google_ja_jp	英語 運転手と
google_ja_jp	外国語対応 乗務員な
google_en_jp	professional driver japan chinese
bing_ja-JP	外国語対応 乗務員に
baidu	日本 二种驾照 司机 u
google_zh-CN_cn	日本 二种驾照 司机 公司
google_ja_jp	英語 運転手な
google_ja_jp	外国語対応 乗務員に
google_en_jp	multilingual chauffeur tokyo
bing_ja-JP	外国語対応 乗務員ぬ
google_zh-CN_cn	日本 专车司机 多语种
baidu	日本 二种驾照 司机 v
google_ja_jp	英語 運転手に
google_ja_jp	外国語対応 乗務員ぬ
google_en_jp	multilingual chauffeur tokyo a
bing_ja-JP	外国語対応 乗務員ね
google_zh-CN_cn	日本 专车司机 多语种 a
google_ja_jp	英語 運転手ぬ
baidu	日本 二种驾照 司机 w
google_ja_jp	外国語対応 乗務員ね
google_en_jp	multilingual chauffeur tokyo b
bing_ja-JP	外国語対応 乗務員の
google_ja_jp	英語 運転手ね
google_zh-CN_cn	日本 专车司机 多语种 b
baidu	日本 二种驾照 司机 x
google_ja_jp	外国語対応 乗務員の
bing_ja-JP	外国語対応 乗務員は
google_en_jp	multilingual chauffeur tokyo c
google_zh-CN_cn	日本 专车司机 多语种 c
google_ja_jp	英語 運転手の
bing_ja-JP	外国語対応 乗務員ひ
google_ja_jp	外国語対応 乗務員は
baidu	日本 二种驾照 司机 y
google_en_jp	multilingual chauffeur tokyo d
google_zh-CN_cn	日本 专车司机 多语种 d
google_ja_jp	英語 運転手は
bing_ja-JP	外国語対応 乗務員ふ
google_ja_jp	外国語対応 乗務員ひ
baidu	日本 二种驾照 司机 z
google_en_jp	multilingual chauffeur tokyo e
google_zh-CN_cn	日本 专车司机 多语种 e
google_ja_jp	英語 運転手ひ
bing_ja-JP	外国語対応 乗務員へ
google_ja_jp	外国語対応 乗務員ふ
google_en_jp	multilingual chauffeur tokyo f
baidu	日本 二种驾照 司机 招聘
google_zh-CN_cn	日本 专车司机 多语种 f
google_ja_jp	英語 運転手ふ
google_ja_jp	外国語対応 乗務員へ
bing_ja-JP	外国語対応 乗務員ほ
google_en_jp	multilingual chauffeur tokyo g
google_zh-CN_cn	日本 专车司机 多语种 g
baidu	日本 二种驾照 司机 价格
google_ja_jp	英語 運転手へ
bing_ja-JP	外国語対応 乗務員ま
google_en_jp	multilingual chauffeur tokyo h
google_ja_jp	外国語対応 乗務員ほ
google_zh-CN_cn	日本 专车司机 多语种 h
baidu	日本 二种驾照 司机 介绍
google_ja_jp	英語 運転手ほ
google_en_jp	multilingual chauffeur tokyo i
bing_ja-JP	外国語対応 乗務員み
google_ja_jp	外国語対応 乗務員ま
google_zh-CN_cn	日本 专车司机 多语种 i
google_ja_jp	英語 運転手ま
baidu	日本 二种驾照 司机 东京
google_en_jp	multilingual chauffeur tokyo j
google_ja_jp	外国語対応 乗務員み
bing_ja-JP	外国語対応 乗務員む
google_zh-CN_cn	日本 专车司机 多语种 j
google_ja_jp	英語 運転手み
baidu	日本 二种驾照 司机 英语
bing_ja-JP	外国語対応 乗務員め
google_ja_jp	外国語対応 乗務員む
google_en_jp	multilingual chauffeur tokyo k
google_zh-CN_cn	日本 专车司机 多语种 k
google_ja_jp	英語 運転手む
baidu	日本 二种驾照 司机 兼职
bing_ja-JP	外国語対応 乗務員も
google_en_jp	multilingual chauffeur tokyo l
google_ja_jp	外国語対応 乗務員め
google_ja_jp	英語 運転手め
google_en_jp	multilingual chauffeur tokyo m
google_en_jp	multilingual chauffeur tokyo n
bing_ja-JP	外国語対応 乗務員 a
google_ja_jp	外国語対応 乗務員も
google_ja_jp	英語 運転手も
google_zh-CN_cn	日本 专车司机 多语种 l
bing_en-JP	english speaking driver japan
baidu	日本 二种驾照 司机 公司
google_ja_jp	外国語対応 乗務員や
bing_ja-JP	外国語対応 乗務員 b
google_en_jp	multilingual chauffeur tokyo o
bing_en-JP	english speaking driver japan a
google_zh-CN_cn	日本 专车司机 多语种 m
google_ja_jp	英語 運転手や
baidu	日本 专车司机 多语种
google_en_jp	multilingual chauffeur tokyo p
google_ja_jp	外国語対応 乗務員ゆ
bing_en-JP	english speaking driver japan b
bing_ja-JP	外国語対応 乗務員 c
google_ja_jp	英語 運転手ゆ
google_zh-CN_cn	日本 专车司机 多语种 n
baidu	日本 专车司机 多语种 a
google_en_jp	multilingual chauffeur tokyo q
google_ja_jp	外国語対応 乗務員よ
google_ja_jp	英語 運転手よ
bing_ja-JP	外国語対応 乗務員 d
bing_en-JP	english speaking driver japan c
google_zh-CN_cn	日本 专车司机 多语种 o
baidu	日本 专车司机 多语种 b
google_en_jp	multilingual chauffeur tokyo r
google_ja_jp	外国語対応 乗務員ら
google_ja_jp	英語 運転手ら
bing_ja-JP	外国語対応 乗務員 e
google_zh-CN_cn	日本 专车司机 多语种 p
bing_en-JP	english speaking driver japan d
baidu	日本 专车司机 多语种 c
google_en_jp	multilingual chauffeur tokyo s
google_ja_jp	外国語対応 乗務員り
bing_ja-JP	外国語対応 乗務員 f
bing_en-JP	english speaking driver japan e
google_ja_jp	英語 運転手り
google_zh-CN_cn	日本 专车司机 多语种 q
baidu	日本 专车司机 多语种 d
google_en_jp	multilingual chauffeur tokyo t
bing_ja-JP	外国語対応 乗務員 g
google_ja_jp	外国語対応 乗務員る
google_zh-CN_cn	日本 专车司机 多语种 r
google_ja_jp	英語 運転手る
bing_en-JP	english speaking driver japan f
google_en_jp	multilingual chauffeur tokyo u
baidu	日本 专车司机 多语种 e
bing_ja-JP	外国語対応 乗務員 h
google_ja_jp	外国語対応 乗務員れ
bing_en-JP	english speaking driver japan g
google_ja_jp	英語 運転手れ
google_zh-CN_cn	日本 专车司机 多语种 s
baidu	日本 专车司机 多语种 f
google_en_jp	multilingual chauffeur tokyo v
bing_ja-JP	外国語対応 乗務員 i
google_ja_jp	外国語対応 乗務員ろ
google_zh-CN_cn	日本 专车司机 多语种 t
google_ja_jp	英語 運転手ろ
bing_en-JP	english speaking driver japan h
baidu	日本 专车司机 多语种 g
google_en_jp	multilingual chauffeur tokyo w
bing_ja-JP	外国語対応 乗務員 j
google_ja_jp	外国語対応 乗務員わ
google_ja_jp	英語 運転手わ
bing_en-JP	english speaking driver japan i
google_zh-CN_cn	日本 专车司机 多语种 u
bing_ja-JP	外国語対応 乗務員 k
baidu	日本 专车司机 多语种 h
google_en_jp	multilingual chauffeur tokyo x
google_ja_jp	外国語対応 乗務員を
google_zh-CN_cn	日本 专车司机 多语种 v
google_ja_jp	英語 運転手を
bing_en-JP	english speaking driver japan j
bing_ja-JP	外国語対応 乗務員 l
google_en_jp	multilingual chauffeur tokyo y
google_ja_jp	外国語対応 乗務員ん
baidu	日本 专车司机 多语种 i
bing_en-JP	english speaking driver japan k
google_zh-CN_cn	日本 专车司机 多语种 w
google_ja_jp	英語 運転手ん
bing_ja-JP	外国語対応 乗務員 m
google_ja_jp	外国語対応 乗務員 a
google_en_jp	multilingual chauffeur tokyo z
baidu	日本 专车司机 多语种 j
google_ja_jp	英語 運転手 a
bing_en-JP	english speaking driver japan l
google_zh-CN_cn	日本 专车司机 多语种 x
bing_ja-JP	外国語対応 乗務員 n
google_en_jp	multilingual chauffeur tokyo jobs
google_ja_jp	外国語対応 乗務員 b
google_ja_jp	英語 運転手 b
baidu	日本 专车司机 多语种 k
bing_en-JP	english speaking driver japan m
google_zh-CN_cn	日本 专车司机 多语种 y
bing_ja-JP	外国語対応 乗務員 o
google_en_jp	multilingual chauffeur tokyo hiring
google_ja_jp	外国語対応 乗務員 c
google_ja_jp	英語 運転手 c
baidu	日本 专车司机 多语种 l
bing_en-JP	english speaking driver japan n
google_zh-CN_cn	日本 专车司机 多语种 z
google_en_jp	multilingual chauffeur tokyo price
google_ja_jp	外国語対応 乗務員 d
bing_ja-JP	外国語対応 乗務員 p
google_zh-CN_cn	日本 专车司机 多语种 招聘
bing_en-JP	english speaking driver japan o
google_ja_jp	英語 運転手 d
baidu	日本 专车司机 多语种 m
bing_en-JP	english speaking driver japan p
google_en_jp	multilingual chauffeur tokyo agency
google_ja_jp	外国語対応 乗務員 e
google_zh-CN_cn	日本 专车司机 多语种 价格
google_ja_jp	英語 運転手 e
bing_ja-JP	外国語対応 乗務員 q
baidu	日本 专车司机 多语种 n
google_ja_jp	外国語対応 乗務員 f
google_zh-CN_cn	日本 专车司机 多语种 介绍
bing_en-JP	english speaking driver japan q
google_en_jp	multilingual chauffeur tokyo tokyo
google_ja_jp	英語 運転手 f
bing_ja-JP	外国語対応 乗務員 r
google_ja_jp	外国語対応 乗務員 g
google_zh-CN_cn	日本 专车司机 多语种 东京
bing_en-JP	english speaking driver japan r
baidu	日本 专车司机 多语种 o
google_en_jp	multilingual chauffeur tokyo english
google_ja_jp	英語 運転手 g
bing_ja-JP	外国語対応 乗務員 s
google_ja_jp	外国語対応 乗務員 h
google_zh-CN_cn	日本 专车司机 多语种 英语
bing_en-JP	english speaking driver japan s
google_ja_jp	英語 運転手 h
google_en_jp	multilingual chauffeur tokyo chinese
baidu	日本 专车司机 多语种 p
bing_ja-JP	外国語対応 乗務員 t
google_ja_jp	外国語対応 乗務員 i
google_zh-CN_cn	日本 专车司机 多语种 兼职
google_en_jp	hire driver japan
google_ja_jp	英語 運転手 i
bing_en-JP	english speaking driver japan t
baidu	日本 专车司机 多语种 q
bing_ja-JP	外国語対応 乗務員 u
google_ja_jp	外国語対応 乗務員 j
google_en_jp	hire driver japan a
google_zh-CN_cn	日本 专车司机 多语种 公司
bing_en-JP	english speaking driver japan u
google_ja_jp	英語 運転手 j
bing_ja-JP	外国語対応 乗務員 v
baidu	日本 专车司机 多语种 r
google_ja_jp	外国語対応 乗務員 k
bing_en-JP	english speaking driver japan v
google_en_jp	hire driver japan b
google_zh-CN_cn	日本 高端接送 司机
google_ja_jp	英語 運転手 k
bing_ja-JP	外国語対応 乗務員 w
baidu	日本 专车司机 多语种 s
bing_en-JP	english speaking driver japan w
google_ja_jp	外国語対応 乗務員 l
google_zh-CN_cn	日本 高端接送 司机 a
google_en_jp	hire driver japan c
google_ja_jp	英語 運転手 l
bing_ja-JP	外国語対応 乗務員 x
google_ja_jp	外国語対応 乗務員 m
bing_en-JP	english speaking driver japan x
baidu	日本 专车司机 多语种 t
google_zh-CN_cn	日本 高端接送 司机 b
google_en_jp	hire driver japan d
google_ja_jp	英語 運転手 m
bing_ja-JP	外国語対応 乗務員 y
google_ja_jp	外国語対応 乗務員 n
bing_en-JP	english speaking driver japan y
google_zh-CN_cn	日本 高端接送 司机 c
baidu	日本 专车司机 多语种 u
google_ja_jp	英語 運転手 n
google_en_jp	hire driver japan e
bing_ja-JP	外国語対応 乗務員 z
google_ja_jp	外国語対応 乗務員 o
bing_en-JP	english speaking driver japan z
google_zh-CN_cn	日本 高端接送 司机 d
google_ja_jp	英語 運転手 o
google_en_jp	hire driver japan f
baidu	日本 专车司机 多语种 v
bing_ja-JP	外国語対応 乗務員 募集
google_ja_jp	英語 運転手 p
google_ja_jp	外国語対応 乗務員 p
bing_en-JP	english speaking driver japan jobs
google_zh-CN_cn	日本 高端接送 司机 e
google_en_jp	hire driver japan g
baidu	日本 专车司机 多语种 w
bing_ja-JP	外国語対応 乗務員 求人
google_ja_jp	英語 運転手 q
google_zh-CN_cn	日本 高端接送 司机 f
bing_en-JP	english speaking driver japan hiring
google_ja_jp	外国語対応 乗務員 q
google_en_jp	hire driver japan h
baidu	日本 专车司机 多语种 x
bing_ja-JP	外国語対応 乗務員 料金
google_ja_jp	英語 運転手 r
bing_en-JP	english speaking driver japan price
google_zh-CN_cn	日本 高端接送 司机 g
google_ja_jp	外国語対応 乗務員 r
google_en_jp	hire driver japan i
baidu	日本 专车司机 多语种 y
bing_ja-JP	外国語対応 乗務員 紹介
google_zh-CN_cn	日本 高端接送 司机 h
google_ja_jp	英語 運転手 s
bing_en-JP	english speaking driver japan agency
google_ja_jp	外国語対応 乗務員 s
google_en_jp	hire driver japan j
bing_ja-JP	外国語対応 乗務員 東京
baidu	日本 专车司机 多语种 z
bing_en-JP	english speaking driver japan tokyo
google_ja_jp	英語 運転手 t
google_zh-CN_cn	日本 高端接送 司机 i
google_ja_jp	外国語対応 乗務員 t
google_en_jp	hire driver japan k
bing_ja-JP	外国語対応 乗務員 英語
bing_en-JP	english speaking driver japan english
google_zh-CN_cn	日本 高端接送 司机 j
google_ja_jp	英語 運転手 u
google_ja_jp	外国語対応 乗務員 u
google_en_jp	hire driver japan l
baidu	日本 专车司机 多语种 招聘
bing_ja-JP	外国語対応 乗務員 中国語
bing_en-JP	english speaking driver japan chinese
google_ja_jp	外国語対応 乗務員 v
google_zh-CN_cn	日本 高端接送 司机 k
google_ja_jp	英語 運転手 v
google_en_jp	hire driver japan m
baidu	日本 专车司机 多语种 价格
bing_ja-JP	インバウンド対応 ドライバー
bing_en-JP	english speaking driver tokyo
google_ja_jp	英語 運転手 w
google_zh-CN_cn	日本 高端接送 司机 l
google_ja_jp	外国語対応 乗務員 w
google_en_jp	hire driver japan n
baidu	日本 专车司机 多语种 介绍
bing_ja-JP	インバウンド対応 ドライバー a
bing_en-JP	english speaking driver tokyo a
google_en_jp	hire driver japan o
google_zh-CN_cn	日本 高端接送 司机 m
google_ja_jp	英語 運転手 x
google_ja_jp	外国語対応 乗務員 x
baidu	日本 专车司机 多语种 东京
bing_ja-JP	インバウンド対応 ドライバー b
bing_en-JP	english speaking driver tokyo b
google_ja_jp	英語 運転手 y
google_en_jp	hire driver japan p
google_ja_jp	外国語対応 乗務員 y
google_zh-CN_cn	日本 高端接送 司机 n
bing_ja-JP	インバウンド対応 ドライバー c
baidu	日本 专车司机 多语种 英语
google_ja_jp	英語 運転手 z
bing_en-JP	english speaking driver tokyo c
google_ja_jp	外国語対応 乗務員 z
google_en_jp	hire driver japan q
google_zh-CN_cn	日本 高端接送 司机 o
bing_ja-JP	インバウンド対応 ドライバー d
baidu	日本 专车司机 多语种 兼职
google_ja_jp	英語 運転手 募集
google_ja_jp	外国語対応 乗務員 募集
bing_en-JP	english speaking driver tokyo d
google_en_jp	hire driver japan r
google_zh-CN_cn	日本 高端接送 司机 p
bing_ja-JP	インバウンド対応 ドライバー e
google_ja_jp	英語 運転手 求人
baidu	日本 专车司机 多语种 公司
google_en_jp	hire driver japan s
google_ja_jp	外国語対応 乗務員 求人
bing_en-JP	english speaking driver tokyo e
google_zh-CN_cn	日本 高端接送 司机 q
bing_ja-JP	インバウンド対応 ドライバー f
baidu	日本 高端接送 司机
google_ja_jp	英語 運転手 料金
google_en_jp	hire driver japan t
google_ja_jp	外国語対応 乗務員 料金
bing_en-JP	english speaking driver tokyo f
google_zh-CN_cn	日本 高端接送 司机 r
bing_ja-JP	インバウンド対応 ドライバー g
google_ja_jp	英語 運転手 紹介
bing_en-JP	english speaking driver tokyo g
baidu	日本 高端接送 司机 a
google_en_jp	hire driver japan u
google_ja_jp	外国語対応 乗務員 紹介
bing_ja-JP	インバウンド対応 ドライバー h
google_zh-CN_cn	日本 高端接送 司机 s
bing_en-JP	english speaking driver tokyo h
google_ja_jp	英語 運転手 東京
google_en_jp	hire driver japan v
baidu	日本 高端接送 司机 b
google_ja_jp	外国語対応 乗務員 東京
google_zh-CN_cn	日本 高端接送 司机 t
bing_ja-JP	インバウンド対応 ドライバー i
bing_en-JP	english speaking driver tokyo i
google_ja_jp	英語 運転手 英語
google_en_jp	hire driver japan w
google_ja_jp	外国語対応 乗務員 英語
baidu	日本 高端接送 司机 c
google_zh-CN_cn	日本 高端接送 司机 u
bing_ja-JP	インバウンド対応 ドライバー j
google_ja_jp	英語 運転手 中国語
google_en_jp	hire driver japan x
bing_en-JP	english speaking driver tokyo j
google_ja_jp	外国語対応 乗務員 中国語
google_zh-CN_cn	日本 高端接送 司机 v
bing_ja-JP	インバウンド対応 ドライバー k
bing_en-JP	english speaking driver tokyo k
google_ja_jp	英語 ドライバー
baidu	日本 高端接送 司机 d
google_en_jp	hire driver japan y
google_ja_jp	インバウンド対応 ドライバー
google_zh-CN_cn	日本 高端接送 司机 w
bing_ja-JP	インバウンド対応 ドライバー l
bing_en-JP	english speaking driver tokyo l
google_ja_jp	英語 ドライバーあ
google_en_jp	hire driver japan z
google_ja_jp	インバウンド対応 ドライバーあ
google_zh-CN_cn	日本 高端接送 司机 x
baidu	日本 高端接送 司机 e
bing_ja-JP	インバウンド対応 ドライバー m
bing_en-JP	english speaking driver tokyo m
google_ja_jp	英語 ドライバーい
google_en_jp	hire driver japan jobs
google_ja_jp	インバウンド対応 ドライバーい
google_zh-CN_cn	日本 高端接送 司机 y
bing_en-JP	english speaking driver tokyo n
bing_ja-JP	インバウンド対応 ドライバー n
baidu	日本 高端接送 司机 f
google_ja_jp	英語 ドライバーう
google_en_jp	hire driver japan hiring
google_ja_jp	インバウンド対応 ドライバーう
google_zh-CN_cn	日本 高端接送 司机 z
bing_en-JP	english speaking driver tokyo o
bing_ja-JP	インバウンド対応 ドライバー o
google_ja_jp	英語 ドライバーえ
baidu	日本 高端接送 司机 g
google_en_jp	hire driver japan price
google_zh-CN_cn	日本 高端接送 司机 招聘
google_ja_jp	インバウンド対応 ドライバーえ
bing_en-JP	english speaking driver tokyo p
bing_ja-JP	インバウンド対応 ドライバー p
google_ja_jp	英語 ドライバーお
google_en_jp	hire driver japan agency
baidu	日本 高端接送 司机 h
google_zh-CN_cn	日本 高端接送 司机 价格
google_ja_jp	インバウンド対応 ドライバーお
bing_ja-JP	インバウンド対応 ドライバー q
bing_en-JP	english speaking driver tokyo q
google_ja_jp	英語 ドライバーか
google_en_jp	hire driver japan tokyo
baidu	日本 高端接送 司机 i
google_zh-CN_cn	日本 高端接送 司机 介绍
google_ja_jp	インバウンド対応 ドライバーか
bing_ja-JP	インバウンド対応 ドライバー r
bing_en-JP	english speaking driver tokyo r
google_en_jp	hire driver japan english
google_ja_jp	英語 ドライバーき
google_zh-CN_cn	日本 高端接送 司机 东京
baidu	日本 高端接送 司机 j
google_ja_jp	インバウンド対応 ドライバーき
bing_ja-JP	インバウンド対応 ドライバー s
bing_en-JP	english speaking driver tokyo s
google_en_jp	hire driver japan chinese
google_ja_jp	英語 ドライバーく
google_zh-CN_cn	日本 高端接送 司机 英语
google_ja_jp	インバウンド対応 ドライバーく
baidu	日本 高端接送 司机 k
bing_ja-JP	インバウンド対応 ドライバー t
bing_en-JP	english speaking driver tokyo t
google_en_jp	bilingual driver jobs japan
google_ja_jp	英語 ドライバーけ
google_zh-CN_cn	日本 高端接送 司机 兼职
google_ja_jp	インバウンド対応 ドライバーけ
bing_ja-JP	インバウンド対応 ドライバー u
google_en_jp	bilingual driver jobs japan a
bing_en-JP	english speaking driver tokyo u
baidu	日本 高端接送 司机 l
google_ja_jp	英語 ドライバーこ
google_zh-CN_cn	日本 高端接送 司机 公司
google_ja_jp	インバウンド対応 ドライバーこ
bing_ja-JP	インバウンド対応 ドライバー v
google_en_jp	bilingual driver jobs japan b
google_ja_jp	英語 ドライバーさ
bing_en-JP	english speaking driver tokyo v
baidu	日本 高端接送 司机 m
google_zh-CN_cn	日本 司机 兼职
google_ja_jp	インバウンド対応 ドライバーさ
bing_ja-JP	インバウンド対応 ドライバー w
google_en_jp	bilingual driver jobs japan c
google_ja_jp	英語 ドライバーし
bing_en-JP	english speaking driver tokyo w
google_zh-CN_cn	日本 司机 兼职 a
baidu	日本 高端接送 司机 n
google_ja_jp	インバウンド対応 ドライバーし
bing_ja-JP	インバウンド対応 ドライバー x
google_en_jp	bilingual driver jobs japan d
bing_en-JP	english speaking driver tokyo x
google_ja_jp	英語 ドライバーす
google_zh-CN_cn	日本 司机 兼职 b
google_ja_jp	インバウンド対応 ドライバーす
baidu	日本 高端接送 司机 o
bing_ja-JP	インバウンド対応 ドライバー y
bing_en-JP	english speaking driver tokyo y
google_en_jp	bilingual driver jobs japan e
google_ja_jp	英語 ドライバーせ
google_zh-CN_cn	日本 司机 兼职 c
google_ja_jp	インバウンド対応 ドライバーせ
baidu	日本 高端接送 司机 p
bing_ja-JP	インバウンド対応 ドライバー z
bing_en-JP	english speaking driver tokyo z
google_en_jp	bilingual driver jobs japan f
google_ja_jp	英語 ドライバーそ
google_zh-CN_cn	日本 司机 兼职 d
google_ja_jp	インバウンド対応 ドライバーそ
bing_ja-JP	インバウンド対応 ドライバー 募集
bing_en-JP	english speaking driver tokyo jobs
google_ja_jp	英語 ドライバーた
baidu	日本 高端接送 司机 q
google_en_jp	bilingual driver jobs japan g
google_zh-CN_cn	日本 司机 兼职 e
google_ja_jp	インバウンド対応 ドライバーた
bing_en-JP	english speaking driver tokyo hiring
google_ja_jp	英語 ドライバーち
bing_ja-JP	インバウンド対応 ドライバー 求人
google_zh-CN_cn	日本 司机 兼职 f
google_en_jp	bilingual driver jobs japan h
baidu	日本 高端接送 司机 r
google_ja_jp	インバウンド対応 ドライバーち
bing_en-JP	english speaking driver tokyo price
bing_ja-JP	インバウンド対応 ドライバー 料金
google_ja_jp	英語 ドライバーつ
google_en_jp	bilingual driver jobs japan i
google_zh-CN_cn	日本 司机 兼职 g
baidu	日本 高端接送 司机 s
google_ja_jp	インバウンド対応 ドライバーつ
bing_en-JP	english speaking driver tokyo agency
bing_ja-JP	インバウンド対応 ドライバー 紹介
google_en_jp	bilingual driver jobs japan j
google_zh-CN_cn	日本 司机 兼职 h
google_ja_jp	英語 ドライバーて
baidu	日本 高端接送 司机 t
google_ja_jp	インバウンド対応 ドライバーて
google_en_jp	bilingual driver jobs japan k
bing_en-JP	english speaking driver tokyo tokyo
bing_ja-JP	インバウンド対応 ドライバー 東京
google_zh-CN_cn	日本 司机 兼职 i
google_ja_jp	英語 ドライバーと
baidu	日本 高端接送 司机 u
google_ja_jp	インバウンド対応 ドライバーと
google_en_jp	bilingual driver jobs japan l
bing_en-JP	english speaking driver tokyo english
google_zh-CN_cn	日本 司机 兼职 j
bing_ja-JP	インバウンド対応 ドライバー 英語
google_ja_jp	英語 ドライバーな
baidu	日本 高端接送 司机 v
google_ja_jp	インバウンド対応 ドライバーな
google_en_jp	bilingual driver jobs japan m
bing_en-JP	english speaking driver tokyo chinese
google_zh-CN_cn	日本 司机 兼职 k
bing_ja-JP	インバウンド対応 ドライバー 中国語
google_ja_jp	英語 ドライバーに
baidu	日本 高端接送 司机 w
google_en_jp	bilingual driver jobs japan n
google_ja_jp	インバウンド対応 ドライバーに
bing_en-JP	professional driver japan
google_zh-CN_cn	日本 司机 兼职 l
bing_ja-JP	英語が話せる 運転手
google_ja_jp	英語 ドライバーぬ
google_ja_jp	インバウンド対応 ドライバーぬ
bing_en-JP	professional driver japan a
baidu	日本 高端接送 司机 x
google_zh-CN_cn	日本 司机 兼职 m
google_en_jp	bilingual driver jobs japan o
bing_ja-JP	英語が話せる 運転手 a
google_ja_jp	英語 ドライバーね
google_ja_jp	インバウンド対応 ドライバーね
google_en_jp	bilingual driver jobs japan p
bing_en-JP	professional driver japan b
bing_ja-JP	英語が話せる 運転手 b
google_zh-CN_cn	日本 司机 兼职 n
baidu	日本 高端接送 司机 y
google_ja_jp	英語 ドライバーの
google_ja_jp	インバウンド対応 ドライバーの
bing_en-JP	professional driver japan c
google_en_jp	bilingual driver jobs japan q
google_zh-CN_cn	日本 司机 兼职 o
bing_ja-JP	英語が話せる 運転手 c
baidu	日本 高端接送 司机 z
google_ja_jp	英語 ドライバーは
google_ja_jp	インバウンド対応 ドライバーは
bing_en-JP	professional driver japan d
google_zh-CN_cn	日本 司机 兼职 p
google_en_jp	bilingual driver jobs japan r
bing_ja-JP	英語が話せる 運転手 d
baidu	日本 高端接送 司机 招聘
google_ja_jp	英語 ドライバーひ
google_zh-CN_cn	日本 司机 兼职 q
google_ja_jp	インバウンド対応 ドライバーひ
bing_en-JP	professional driver japan e
google_en_jp	bilingual driver jobs japan s
bing_ja-JP	英語が話せる 運転手 e
baidu	日本 高端接送 司机 价格
google_ja_jp	英語 ドライバーふ
google_ja_jp	インバウンド対応 ドライバーふ
bing_en-JP	professional driver japan f
google_zh-CN_cn	日本 司机 兼职 r
google_en_jp	bilingual driver jobs japan t
bing_ja-JP	英語が話せる 運転手 f
google_ja_jp	英語 ドライバーへ
google_ja_jp	インバウンド対応 ドライバーへ
baidu	日本 高端接送 司机 介绍
google_zh-CN_cn	日本 司机 兼职 s
bing_en-JP	professional driver japan g
google_en_jp	bilingual driver jobs japan u
bing_ja-JP	英語が話せる 運転手 g
google_ja_jp	英語 ドライバーほ
google_ja_jp	インバウンド対応 ドライバーほ
baidu	日本 高端接送 司机 东京
bing_en-JP	professional driver japan h
google_zh-CN_cn	日本 司机 兼职 t
google_en_jp	bilingual driver jobs japan v
bing_ja-JP	英語が話せる 運転手 h
google_ja_jp	英語 ドライバーま
google_ja_jp	インバウンド対応 ドライバーま
bing_en-JP	professional driver japan i
google_zh-CN_cn	日本 司机 兼职 u
google_en_jp	bilingual driver jobs japan w
bing_ja-JP	英語が話せる 運転手 i
google_ja_jp	英語 ドライバーみ
baidu	日本 高端接送 司机 英语
google_ja_jp	インバウンド対応 ドライバーみ
bing_en-JP	professional driver japan j
google_zh-CN_cn	日本 司机 兼职 v
google_en_jp	bilingual driver jobs japan x
bing_ja-JP	英語が話せる 運転手 j
google_ja_jp	英語 ドライバーむ
google_ja_jp	インバウンド対応 ドライバーむ
google_zh-CN_cn	日本 司机 兼职 w
baidu	日本 高端接送 司机 兼职
bing_en-JP	professional driver japan k
google_en_jp	bilingual driver jobs japan y
bing_ja-JP	英語が話せる 運転手 k
google_ja_jp	英語 ドライバーめ
google_zh-CN_cn	日本 司机 兼职 x
google_ja_jp	インバウンド対応 ドライバーめ
bing_en-JP	professional driver japan l
baidu	日本 高端接送 司机 公司
google_en_jp	bilingual driver jobs japan z
bing_ja-JP	英語が話せる 運転手 l
google_ja_jp	英語 ドライバーも
google_zh-CN_cn	日本 司机 兼职 y
google_ja_jp	インバウンド対応 ドライバーも
bing_en-JP	professional driver japan m
baidu	日本 司机 兼职
google_en_jp	bilingual driver jobs japan jobs
bing_ja-JP	英語が話せる 運転手 m
google_ja_jp	英語 ドライバーや
google_ja_jp	インバウンド対応 ドライバーや
google_zh-CN_cn	日本 司机 兼职 z
bing_en-JP	professional driver japan n
google_en_jp	bilingual driver jobs japan hiring
baidu	日本 司机 兼职 a
bing_ja-JP	英語が話せる 運転手 n
google_ja_jp	英語 ドライバーゆ
google_zh-CN_cn	日本 司机 兼职 招聘
google_ja_jp	インバウンド対応 ドライバーゆ
bing_en-JP	professional driver japan o
google_en_jp	bilingual driver jobs japan price
bing_ja-JP	英語が話せる 運転手 o
baidu	日本 司机 兼职 b
google_ja_jp	インバウンド対応 ドライバーよ
google_zh-CN_cn	日本 司机 兼职 价格
google_ja_jp	英語 ドライバーよ
bing_en-JP	professional driver japan p
google_en_jp	bilingual driver jobs japan agency
bing_ja-JP	英語が話せる 運転手 p
google_ja_jp	インバウンド対応 ドライバーら
google_zh-CN_cn	日本 司机 兼职 介绍
baidu	日本 司机 兼职 c
google_ja_jp	英語 ドライバーら
bing_en-JP	professional driver japan q
google_en_jp	bilingual driver jobs japan tokyo
bing_ja-JP	英語が話せる 運転手 q
google_ja_jp	インバウンド対応 ドライバーり
google_zh-CN_cn	日本 司机 兼职 东京
google_ja_jp	英語 ドライバーり
bing_en-JP	professional driver japan r
google_en_jp	bilingual driver jobs japan english
bing_ja-JP	英語が話せる 運転手 r
google_ja_jp	インバウンド対応 ドライバーる
google_zh-CN_cn	日本 司机 兼职 英语
google_ja_jp	英語 ドライバーる
baidu	日本 司机 兼职 d
bing_en-JP	professional driver japan s
bing_ja-JP	英語が話せる 運転手 s
google_ja_jp	インバウンド対応 ドライバーれ
google_zh-CN_cn	日本 司机 兼职 兼职
google_ja_jp	英語 ドライバーれ
google_en_jp	bilingual driver jobs japan chinese
bing_en-JP	professional driver japan t
baidu	日本 司机 兼职 e
google_ja_jp	インバウンド対応 ドライバーろ
bing_ja-JP	英語が話せる 運転手 t
google_zh-CN_cn	日本 司机 兼职 公司
google_en_jp	chauffeur jobs tokyo english
google_ja_jp	英語 ドライバーろ
bing_en-JP	professional driver japan u
baidu	日本 司机 兼职 f
bing_ja-JP	英語が話せる 運転手 u
google_zh-CN_cn	东京 旅游 用车 司机 招聘
google_ja_jp	インバウンド対応 ドライバーわ
google_en_jp	chauffeur jobs tokyo english a
google_ja_jp	英語 ドライバーわ
bing_en-JP	professional driver japan v
baidu	日本 司机 兼职 g
bing_ja-JP	英語が話せる 運転手 v
google_ja_jp	インバウンド対応 ドライバーを
google_zh-CN_cn	东京 旅游 用车 司机 招聘 a
google_en_jp	chauffeur jobs tokyo english b
google_ja_jp	英語 ドライバーを
bing_en-JP	professional driver japan w
bing_ja-JP	英語が話せる 運転手 w
baidu	日本 司机 兼职 h
google_ja_jp	インバウンド対応 ドライバーん
google_zh-CN_cn	东京 旅游 用车 司机 招聘 b
google_en_jp	chauffeur jobs tokyo english c
google_ja_jp	英語 ドライバーん
bing_en-JP	professional driver japan x
bing_ja-JP	英語が話せる 運転手 x
google_ja_jp	インバウンド対応 ドライバー a
google_zh-CN_cn	东京 旅游 用车 司机 招聘 c
baidu	日本 司机 兼职 i
google_en_jp	chauffeur jobs tokyo english d
google_ja_jp	英語 ドライバー a
bing_en-JP	professional driver japan y
bing_ja-JP	英語が話せる 運転手 y
google_zh-CN_cn	东京 旅游 用车 司机 招聘 d
google_ja_jp	インバウンド対応 ドライバー b
google_en_jp	chauffeur jobs tokyo english e
baidu	日本 司机 兼职 j
google_ja_jp	英語 ドライバー b
bing_en-JP	professional driver japan z
bing_ja-JP	英語が話せる 運転手 z
google_ja_jp	インバウンド対応 ドライバー c
google_zh-CN_cn	东京 旅游 用车 司机 招聘 e
google_en_jp	chauffeur jobs tokyo english f
google_ja_jp	英語 ドライバー c
bing_ja-JP	英語が話せる 運転手 募集
google_ja_jp	インバウンド対応 ドライバー d
bing_en-JP	professional driver japan jobs
baidu	日本 司机 兼职 k
google_zh-CN_cn	东京 旅游 用车 司机 招聘 f
google_en_jp	chauffeur jobs tokyo english g
bing_en-JP	professional driver japan hiring
bing_ja-JP	英語が話せる 運転手 求人
google_ja_jp	英語 ドライバー d
baidu	日本 司机 兼职 l
google_ja_jp	インバウンド対応 ドライバー e
google_zh-CN_cn	东京 旅游 用车 司机 招聘 g
google_en_jp	chauffeur jobs tokyo english h
bing_ja-JP	英語が話せる 運転手 料金
google_ja_jp	英語 ドライバー e
bing_en-JP	professional driver japan price
google_zh-CN_cn	东京 旅游 用车 司机 招聘 h
baidu	日本 司机 兼职 m
google_ja_jp	インバウンド対応 ドライバー f
google_en_jp	chauffeur jobs tokyo english i
bing_ja-JP	英語が話せる 運転手 紹介
bing_en-JP	professional driver japan agency
google_ja_jp	英語 ドライバー f
google_ja_jp	インバウンド対応 ドライバー g
google_zh-CN_cn	东京 旅游 用车 司机 招聘 i
baidu	日本 司机 兼职 n
bing_ja-JP	英語が話せる 運転手 東京
bing_en-JP	professional driver japan tokyo
google_en_jp	chauffeur jobs tokyo english j
google_ja_jp	英語 ドライバー g
google_ja_jp	インバウンド対応 ドライバー h
google_zh-CN_cn	东京 旅游 用车 司机 招聘 j
bing_ja-JP	英語が話せる 運転手 英語
baidu	日本 司机 兼职 o
bing_en-JP	professional driver japan english
google_en_jp	chauffeur jobs tokyo english k
google_ja_jp	英語 ドライバー h
google_ja_jp	インバウンド対応 ドライバー i
google_zh-CN_cn	东京 旅游 用车 司机 招聘 k
bing_ja-JP	英語が話せる 運転手 中国語
google_en_jp	chauffeur jobs tokyo english l
bing_en-JP	professional driver japan chinese
baidu	日本 司机 兼职 p
google_ja_jp	英語 ドライバー i
google_ja_jp	インバウンド対応 ドライバー j
google_zh-CN_cn	东京 旅游 用车 司机 招聘 l
bing_ja-JP	外国人VIP 送迎
bing_en-JP	multilingual chauffeur tokyo
google_en_jp	chauffeur jobs tokyo english m
baidu	日本 司机 兼职 q
google_ja_jp	インバウンド対応 ドライバー k
google_ja_jp	英語 ドライバー j
google_zh-CN_cn	东京 旅游 用车 司机 招聘 m
bing_ja-JP	外国人VIP 送迎 a
bing_en-JP	multilingual chauffeur tokyo a
google_en_jp	chauffeur jobs tokyo english n
google_zh-CN_cn	东京 旅游 用车 司机 招聘 n
google_ja_jp	インバウンド対応 ドライバー l
google_ja_jp	英語 ドライバー k
bing_en-JP	multilingual chauffeur tokyo b
bing_ja-JP	外国人VIP 送迎 b
baidu	日本 司机 兼职 r
google_en_jp	chauffeur jobs tokyo english o
google_zh-CN_cn	东京 旅游 用车 司机 招聘 o
google_ja_jp	インバウンド対応 ドライバー m
google_ja_jp	英語 ドライバー l
bing_ja-JP	外国人VIP 送迎 c
bing_en-JP	multilingual chauffeur tokyo c
baidu	日本 司机 兼职 s
google_zh-CN_cn	东京 旅游 用车 司机 招聘 p
google_en_jp	chauffeur jobs tokyo english p
google_ja_jp	インバウンド対応 ドライバー n
google_ja_jp	英語 ドライバー m
bing_ja-JP	外国人VIP 送迎 d
bing_en-JP	multilingual chauffeur tokyo d
baidu	日本 司机 兼职 t
google_zh-CN_cn	东京 旅游 用车 司机 招聘 q
google_ja_jp	インバウンド対応 ドライバー o
google_ja_jp	英語 ドライバー n
google_en_jp	chauffeur jobs tokyo english q
bing_ja-JP	外国人VIP 送迎 e
bing_en-JP	multilingual chauffeur tokyo e
google_ja_jp	インバウンド対応 ドライバー p
google_zh-CN_cn	东京 旅游 用车 司机 招聘 r
baidu	日本 司机 兼职 u
google_ja_jp	英語 ドライバー o
google_en_jp	chauffeur jobs tokyo english r
bing_ja-JP	外国人VIP 送迎 f
bing_en-JP	multilingual chauffeur tokyo f
google_zh-CN_cn	东京 旅游 用车 司机 招聘 s
google_ja_jp	インバウンド対応 ドライバー q
google_ja_jp	英語 ドライバー p
google_en_jp	chauffeur jobs tokyo english s
baidu	日本 司机 兼职 v
bing_ja-JP	外国人VIP 送迎 g
bing_en-JP	multilingual chauffeur tokyo g
google_zh-CN_cn	东京 旅游 用车 司机 招聘 t
google_ja_jp	英語 ドライバー q
google_ja_jp	インバウンド対応 ドライバー r
bing_ja-JP	外国人VIP 送迎 h
google_en_jp	chauffeur jobs tokyo english t
baidu	日本 司机 兼职 w
google_zh-CN_cn	东京 旅游 用车 司机 招聘 u
bing_en-JP	multilingual chauffeur tokyo h
google_ja_jp	英語 ドライバー r
google_ja_jp	インバウンド対応 ドライバー s
bing_ja-JP	外国人VIP 送迎 i
google_en_jp	chauffeur jobs tokyo english u
google_zh-CN_cn	东京 旅游 用车 司机 招聘 v
baidu	日本 司机 兼职 x
bing_en-JP	multilingual chauffeur tokyo i
google_ja_jp	英語 ドライバー s
google_ja_jp	インバウンド対応 ドライバー t
bing_ja-JP	外国人VIP 送迎 j
baidu	日本 司机 兼职 y
google_zh-CN_cn	东京 旅游 用车 司机 招聘 w
google_en_jp	chauffeur jobs tokyo english v
bing_en-JP	multilingual chauffeur tokyo j
google_ja_jp	英語 ドライバー t
google_ja_jp	インバウンド対応 ドライバー u
bing_ja-JP	外国人VIP 送迎 k
baidu	日本 司机 兼职 z
google_zh-CN_cn	东京 旅游 用车 司机 招聘 x
google_en_jp	chauffeur jobs tokyo english w
bing_en-JP	multilingual chauffeur tokyo k
google_ja_jp	英語 ドライバー u
google_ja_jp	インバウンド対応 ドライバー v
bing_ja-JP	外国人VIP 送迎 l
google_en_jp	chauffeur jobs tokyo english x
google_zh-CN_cn	东京 旅游 用车 司机 招聘 y
bing_en-JP	multilingual chauffeur tokyo l
google_ja_jp	英語 ドライバー v
google_ja_jp	インバウンド対応 ドライバー w
bing_ja-JP	外国人VIP 送迎 m
baidu	日本 司机 兼职 招聘
google_en_jp	chauffeur jobs tokyo english y
google_zh-CN_cn	东京 旅游 用车 司机 招聘 z
bing_en-JP	multilingual chauffeur tokyo m
google_ja_jp	英語 ドライバー w
bing_ja-JP	外国人VIP 送迎 n
google_ja_jp	インバウンド対応 ドライバー x
google_zh-CN_cn	东京 旅游 用车 司机 招聘 招聘
google_en_jp	chauffeur jobs tokyo english z
baidu	日本 司机 兼职 价格
bing_en-JP	multilingual chauffeur tokyo n
google_ja_jp	英語 ドライバー x
bing_ja-JP	外国人VIP 送迎 o
google_zh-CN_cn	东京 旅游 用车 司机 招聘 价格
google_ja_jp	インバウンド対応 ドライバー y
google_en_jp	chauffeur jobs tokyo english jobs
baidu	日本 司机 兼职 介绍
bing_en-JP	multilingual chauffeur tokyo o
google_ja_jp	英語 ドライバー y
bing_ja-JP	外国人VIP 送迎 p
google_zh-CN_cn	东京 旅游 用车 司机 招聘 介绍
google_ja_jp	インバウンド対応 ドライバー z
google_en_jp	chauffeur jobs tokyo english hiring
bing_en-JP	multilingual chauffeur tokyo p
baidu	日本 司机 兼职 东京
google_ja_jp	英語 ドライバー z
bing_ja-JP	外国人VIP 送迎 q
google_ja_jp	インバウンド対応 ドライバー 募集
google_zh-CN_cn	东京 旅游 用车 司机 招聘 东京
google_en_jp	chauffeur jobs tokyo english price
bing_en-JP	multilingual chauffeur tokyo q
google_ja_jp	英語 ドライバー 募集
baidu	日本 司机 兼职 英语
bing_ja-JP	外国人VIP 送迎 r
google_zh-CN_cn	东京 旅游 用车 司机 招聘 英语
google_ja_jp	インバウンド対応 ドライバー 求人
google_en_jp	chauffeur jobs tokyo english agency
google_ja_jp	英語 ドライバー 求人
bing_en-JP	multilingual chauffeur tokyo r
bing_ja-JP	外国人VIP 送迎 s
baidu	日本 司机 兼职 兼职
google_ja_jp	インバウンド対応 ドライバー 料金
google_zh-CN_cn	东京 旅游 用车 司机 招聘 兼职
bing_en-JP	multilingual chauffeur tokyo s
google_en_jp	chauffeur jobs tokyo english tokyo
google_ja_jp	英語 ドライバー 料金
bing_ja-JP	外国人VIP 送迎 t
google_ja_jp	インバウンド対応 ドライバー 紹介
google_zh-CN_cn	东京 旅游 用车 司机 招聘 公司
baidu	日本 司机 兼职 公司
bing_en-JP	multilingual chauffeur tokyo t
google_en_jp	chauffeur jobs tokyo english english
google_ja_jp	英語 ドライバー 紹介
bing_ja-JP	外国人VIP 送迎 u
google_ja_jp	インバウンド対応 ドライバー 東京
google_zh-CN_cn	日本 包车 公司 招司机
bing_en-JP	multilingual chauffeur tokyo u
google_ja_jp	英語 ドライバー 東京
baidu	东京 旅游 用车 司机 招聘
google_en_jp	chauffeur jobs tokyo english chinese
bing_ja-JP	外国人VIP 送迎 v
google_ja_jp	インバウンド対応 ドライバー 英語
google_zh-CN_cn	日本 包车 公司 招司机 a
bing_en-JP	multilingual chauffeur tokyo v
google_en_jp	english driver japan
baidu	东京 旅游 用车 司机 招聘 a
google_ja_jp	英語 ドライバー 英語
bing_ja-JP	外国人VIP 送迎 w
google_zh-CN_cn	日本 包车 公司 招司机 b
google_ja_jp	インバウンド対応 ドライバー 中国語
google_en_jp	english driver japan a
bing_en-JP	multilingual chauffeur tokyo w
google_ja_jp	英語 ドライバー 中国語
baidu	东京 旅游 用车 司机 招聘 b
bing_ja-JP	外国人VIP 送迎 x
google_zh-CN_cn	日本 包车 公司 招司机 c
google_ja_jp	英語が話せる 運転手
google_en_jp	english driver japan b
google_ja_jp	外国語 ドライバー
bing_en-JP	multilingual chauffeur tokyo x
bing_ja-JP	外国人VIP 送迎 y
baidu	东京 旅游 用车 司机 招聘 c
google_ja_jp	英語が話せる 運転手あ
google_zh-CN_cn	日本 包车 公司 招司机 d
google_en_jp	english driver japan c
bing_en-JP	multilingual chauffeur tokyo y
bing_ja-JP	外国人VIP 送迎 z
google_ja_jp	外国語 ドライバーあ
google_zh-CN_cn	日本 包车 公司 招司机 e
google_en_jp	english driver japan d
google_ja_jp	英語が話せる 運転手い
bing_en-JP	multilingual chauffeur tokyo z
baidu	东京 旅游 用车 司机 招聘 d
bing_ja-JP	外国人VIP 送迎 募集
google_ja_jp	外国語 ドライバーい
google_ja_jp	英語が話せる 運転手う
google_en_jp	english driver japan e
bing_en-JP	multilingual chauffeur tokyo jobs
google_zh-CN_cn	日本 包车 公司 招司机 f
baidu	东京 旅游 用车 司机 招聘 e
bing_ja-JP	外国人VIP 送迎 求人
google_ja_jp	外国語 ドライバーう
google_en_jp	english driver japan f
bing_en-JP	multilingual chauffeur tokyo hiring
google_ja_jp	英語が話せる 運転手え
google_zh-CN_cn	日本 包车 公司 招司机 g
bing_ja-JP	外国人VIP 送迎 料金
baidu	东京 旅游 用车 司机 招聘 f
google_ja_jp	外国語 ドライバーえ
bing_en-JP	multilingual chauffeur tokyo price
google_en_jp	english driver japan g
google_zh-CN_cn	日本 包车 公司 招司机 h
google_ja_jp	英語が話せる 運転手お
bing_ja-JP	外国人VIP 送迎 紹介
google_ja_jp	外国語 ドライバーお
bing_en-JP	multilingual chauffeur tokyo agency
baidu	东京 旅游 用车 司机 招聘 g
google_en_jp	english driver japan h
google_ja_jp	英語が話せる 運転手か
google_zh-CN_cn	日本 包车 公司 招司机 i
bing_ja-JP	外国人VIP 送迎 東京
google_ja_jp	外国語 ドライバーか
bing_en-JP	multilingual chauffeur tokyo tokyo
google_zh-CN_cn	日本 包车 公司 招司机 j
google_en_jp	english driver japan i
baidu	东京 旅游 用车 司机 招聘 h
bing_ja-JP	外国人VIP 送迎 英語
google_ja_jp	英語が話せる 運転手き
google_ja_jp	外国語 ドライバーき
bing_en-JP	multilingual chauffeur tokyo english
bing_ja-JP	外国人VIP 送迎 中国語
google_zh-CN_cn	日本 包车 公司 招司机 k
google_en_jp	english driver japan j
google_ja_jp	英語が話せる 運転手く
baidu	东京 旅游 用车 司机 招聘 i
google_ja_jp	外国語 ドライバーく
bing_en-JP	multilingual chauffeur tokyo chinese
bing_ja-JP	二種免許 英語
google_zh-CN_cn	日本 包车 公司 招司机 l
google_en_jp	english driver japan k
google_ja_jp	英語が話せる 運転手け
baidu	东京 旅游 用车 司机 招聘 j
google_ja_jp	外国語 ドライバーけ
bing_en-JP	hire driver japan
google_zh-CN_cn	日本 包车 公司 招司机 m
bing_ja-JP	二種免許 英語 a
google_en_jp	english driver japan l
google_ja_jp	英語が話せる 運転手こ
google_ja_jp	外国語 ドライバーこ
baidu	东京 旅游 用车 司机 招聘 k
google_zh-CN_cn	日本 包车 公司 招司机 n
bing_ja-JP	二種免許 英語 b
bing_en-JP	hire driver japan a
google_en_jp	english driver japan m
google_ja_jp	英語が話せる 運転手さ
google_ja_jp	外国語 ドライバーさ
baidu	东京 旅游 用车 司机 招聘 l
bing_en-JP	hire driver japan b
google_zh-CN_cn	日本 包车 公司 招司机 o
google_en_jp	english driver japan n
bing_ja-JP	二種免許 英語 c
google_ja_jp	英語が話せる 運転手し
google_ja_jp	外国語 ドライバーし
google_zh-CN_cn	日本 包车 公司 招司机 p
bing_en-JP	hire driver japan c
bing_ja-JP	二種免許 英語 d
google_en_jp	english driver japan o
baidu	东京 旅游 用车 司机 招聘 m
google_ja_jp	英語が話せる 運転手す
google_ja_jp	外国語 ドライバーす
bing_en-JP	hire driver japan d
google_en_jp	english driver japan p
google_zh-CN_cn	日本 包车 公司 招司机 q
bing_ja-JP	二種免許 英語 e
google_ja_jp	英語が話せる 運転手せ
baidu	东京 旅游 用车 司机 招聘 n
google_ja_jp	外国語 ドライバーせ
bing_en-JP	hire driver japan e
google_en_jp	english driver japan q
bing_ja-JP	二種免許 英語 f
google_zh-CN_cn	日本 包车 公司 招司机 r
google_ja_jp	英語が話せる 運転手そ
baidu	东京 旅游 用车 司机 招聘 o
google_ja_jp	外国語 ドライバーそ
google_en_jp	english driver japan r
bing_ja-JP	二種免許 英語 g
google_zh-CN_cn	日本 包车 公司 招司机 s
bing_en-JP	hire driver japan f
google_ja_jp	英語が話せる 運転手た
baidu	东京 旅游 用车 司机 招聘 p
google_ja_jp	外国語 ドライバーた
google_en_jp	english driver japan s
google_ja_jp	英語が話せる 運転手ち
bing_ja-JP	二種免許 英語 h
bing_en-JP	hire driver japan g
google_zh-CN_cn	日本 包车 公司 招司机 t
google_ja_jp	外国語 ドライバーち
google_en_jp	english driver japan t
baidu	东京 旅游 用车 司机 招聘 q
bing_en-JP	hire driver japan h
google_ja_jp	英語が話せる 運転手つ
bing_ja-JP	二種免許 英語 i
google_zh-CN_cn	日本 包车 公司 招司机 u
google_en_jp	english driver japan u
bing_en-JP	hire driver japan i
google_ja_jp	英語が話せる 運転手て
google_ja_jp	外国語 ドライバーつ
baidu	东京 旅游 用车 司机 招聘 r
google_zh-CN_cn	日本 包车 公司 招司机 v
bing_ja-JP	二種免許 英語 j
bing_en-JP	hire driver japan j
google_en_jp	english driver japan v
google_ja_jp	英語が話せる 運転手と
google_ja_jp	外国語 ドライバーて
google_zh-CN_cn	日本 包车 公司 招司机 w
bing_ja-JP	二種免許 英語 k
baidu	东京 旅游 用车 司机 招聘 s
bing_en-JP	hire driver japan k
google_ja_jp	外国語 ドライバーと
google_ja_jp	英語が話せる 運転手な
google_en_jp	english driver japan w
google_zh-CN_cn	日本 包车 公司 招司机 x
bing_ja-JP	二種免許 英語 l
baidu	东京 旅游 用车 司机 招聘 t
google_ja_jp	外国語 ドライバーな
bing_en-JP	hire driver japan l
google_ja_jp	英語が話せる 運転手に
google_en_jp	english driver japan x
google_zh-CN_cn	日本 包车 公司 招司机 y
bing_ja-JP	二種免許 英語 m
baidu	东京 旅游 用车 司机 招聘 u
google_ja_jp	外国語 ドライバーに
bing_en-JP	hire driver japan m
google_ja_jp	英語が話せる 運転手ぬ
google_zh-CN_cn	日本 包车 公司 招司机 z
google_en_jp	english driver japan y
bing_ja-JP	二種免許 英語 n
baidu	东京 旅游 用车 司机 招聘 v
google_ja_jp	英語が話せる 運転手ね
google_zh-CN_cn	日本 包车 公司 招司机 招聘
google_ja_jp	外国語 ドライバーぬ
google_en_jp	english driver japan z
bing_en-JP	hire driver japan n
bing_ja-JP	二種免許 英語 o
google_ja_jp	英語が話せる 運転手の
google_zh-CN_cn	日本 包车 公司 招司机 价格
baidu	东京 旅游 用车 司机 招聘 w
bing_en-JP	hire driver japan o
google_en_jp	english driver japan jobs
bing_ja-JP	二種免許 英語 p
google_ja_jp	外国語 ドライバーね
google_ja_jp	英語が話せる 運転手は
google_zh-CN_cn	日本 包车 公司 招司机 介绍
google_en_jp	english driver japan hiring
baidu	东京 旅游 用车 司机 招聘 x
bing_en-JP	hire driver japan p
bing_ja-JP	二種免許 英語 q
google_ja_jp	外国語 ドライバーの
google_zh-CN_cn	日本 包车 公司 招司机 东京
google_en_jp	english driver japan price
bing_en-JP	hire driver japan q
google_ja_jp	英語が話せる 運転手ひ
baidu	东京 旅游 用车 司机 招聘 y
bing_ja-JP	二種免許 英語 r
google_ja_jp	外国語 ドライバーは
google_zh-CN_cn	日本 包车 公司 招司机 英语
google_en_jp	english driver japan agency
bing_en-JP	hire driver japan r
google_ja_jp	英語が話せる 運転手ふ
baidu	东京 旅游 用车 司机 招聘 z
bing_ja-JP	二種免許 英語 s
google_ja_jp	外国語 ドライバーひ
google_ja_jp	英語が話せる 運転手へ
google_zh-CN_cn	日本 包车 公司 招司机 兼职
bing_ja-JP	二種免許 英語 t
bing_en-JP	hire driver japan s
google_en_jp	english driver japan tokyo
baidu	东京 旅游 用车 司机 招聘 招聘
google_ja_jp	外国語 ドライバーふ
google_zh-CN_cn	日本 包车 公司 招司机 公司
bing_ja-JP	二種免許 英語 u
bing_en-JP	hire driver japan t
google_ja_jp	外国語 ドライバーへ
google_ja_jp	英語が話せる 運転手ほ
google_en_jp	english driver japan english
bing_en-JP	hire driver japan u
baidu	东京 旅游 用车 司机 招聘 价格
bing_ja-JP	二種免許 英語 v
google_zh-CN_cn	日本 包车
google_ja_jp	外国語 ドライバーほ
google_ja_jp	英語が話せる 運転手ま
google_en_jp	english driver japan chinese
bing_en-JP	hire driver japan v
baidu	东京 旅游 用车 司机 招聘 介绍
google_zh-CN_cn	日本 包车 a
bing_ja-JP	二種免許 英語 w
google_ja_jp	英語が話せる 運転手み
google_en_jp	driver japan
google_ja_jp	外国語 ドライバーま
bing_en-JP	hire driver japan w
google_zh-CN_cn	日本 包车 b
bing_ja-JP	二種免許 英語 x
baidu	东京 旅游 用车 司机 招聘 东京
google_ja_jp	英語が話せる 運転手む
google_en_jp	driver japan a
google_ja_jp	外国語 ドライバーみ
bing_en-JP	hire driver japan x
google_zh-CN_cn	日本 包车 c
bing_ja-JP	二種免許 英語 y
baidu	东京 旅游 用车 司机 招聘 英语
google_ja_jp	英語が話せる 運転手め
google_en_jp	driver japan b
google_ja_jp	外国語 ドライバーむ
bing_en-JP	hire driver japan y
google_zh-CN_cn	日本 包车 d
bing_ja-JP	二種免許 英語 z
baidu	东京 旅游 用车 司机 招聘 兼职
google_en_jp	driver japan c
google_ja_jp	英語が話せる 運転手も
google_ja_jp	外国語 ドライバーめ
bing_en-JP	hire driver japan z
google_zh-CN_cn	日本 包车 e
bing_ja-JP	二種免許 英語 募集
google_ja_jp	英語が話せる 運転手や
google_en_jp	driver japan d
google_ja_jp	外国語 ドライバーも
baidu	东京 旅游 用车 司机 招聘 公司
bing_en-JP	hire driver japan jobs
google_zh-CN_cn	日本 包车 f
bing_ja-JP	二種免許 英語 求人
google_ja_jp	英語が話せる 運転手ゆ
google_ja_jp	外国語 ドライバーや
google_en_jp	driver japan e
bing_en-JP	hire driver japan hiring
google_zh-CN_cn	日本 包车 g
baidu	日本 包车 公司 招司机
bing_ja-JP	二種免許 英語 料金
google_ja_jp	英語が話せる 運転手よ
bing_en-JP	hire driver japan price
google_en_jp	driver japan f
google_zh-CN_cn	日本 包车 h
baidu	日本 包车 公司 招司机 a
google_ja_jp	外国語 ドライバーゆ
google_ja_jp	英語が話せる 運転手ら
bing_ja-JP	二種免許 英語 紹介
bing_en-JP	hire driver japan agency
google_en_jp	driver japan g
google_zh-CN_cn	日本 包车 i
baidu	日本 包车 公司 招司机 b
google_ja_jp	外国語 ドライバーよ
google_ja_jp	英語が話せる 運転手り
bing_ja-JP	二種免許 英語 東京
bing_en-JP	hire driver japan tokyo
google_en_jp	driver japan h
bing_en-JP	hire driver japan english
bing_ja-JP	ハイヤー 英語
google_ja_jp	登録ドライバー ハイヤー
google_ja_jp	多言語 ドライバー
bing_ja-JP	二種免許 英語 英語
google_ja_jp	外国語 ドライバーら
google_ja_jp	英語が話せる 運転手る
google_zh-CN_cn	日本 包车 j
baidu	日本 包车 公司 招司机 c
google_ja_jp	英語が話せる 運転手れ
google_en_jp	driver japan i
bing_ja-JP	ハイヤー 英語 a
google_ja_jp	多言語 ドライバーあ
google_ja_jp	登録ドライバー ハイヤーあ
google_ja_jp	外国語 ドライバーり
bing_en-JP	hire driver japan chinese
bing_ja-JP	二種免許 英語 中国語
google_zh-CN_cn	日本 包车 k
baidu	日本 包车 公司 招司机 d
google_ja_jp	英語が話せる 運転手ろ
google_ja_jp	登録ドライバー ハイヤーい
bing_ja-JP	ハイヤー 英語 b
google_en_jp	driver japan j
google_ja_jp	多言語 ドライバーい
google_ja_jp	外国語 ドライバーる
bing_ja-JP	多言語 ドライバー 東京
bing_en-JP	bilingual driver jobs japan
baidu	日本 包车 公司 招司机 e
google_zh-CN_cn	日本 包车 l
google_ja_jp	英語が話せる 運転手わ
google_ja_jp	登録ドライバー ハイヤーう
google_ja_jp	多言語 ドライバーう
google_en_jp	driver japan k
bing_ja-JP	ハイヤー 英語 c
bing_en-JP	bilingual driver jobs japan a
google_ja_jp	外国語 ドライバーれ
bing_ja-JP	多言語 ドライバー 東京 a
google_zh-CN_cn	日本 包车 m
baidu	日本 包车 公司 招司机 f
google_ja_jp	英語が話せる 運転手を
google_ja_jp	登録ドライバー ハイヤーえ
bing_ja-JP	ハイヤー 英語 d
google_ja_jp	多言語 ドライバーえ
google_en_jp	driver japan l
bing_en-JP	bilingual driver jobs japan b
bing_ja-JP	多言語 ドライバー 東京 b
google_zh-CN_cn	日本 包车 n
google_ja_jp	外国語 ドライバーろ
baidu	日本 包车 公司 招司机 g
google_ja_jp	英語が話せる 運転手ん
bing_ja-JP	ハイヤー 英語 e
google_ja_jp	登録ドライバー ハイヤーお
google_ja_jp	多言語 ドライバーお
google_en_jp	driver japan m
bing_ja-JP	多言語 ドライバー 東京 c
bing_en-JP	bilingual driver jobs japan c
google_ja_jp	外国語 ドライバーわ
google_zh-CN_cn	日本 包车 o
baidu	日本 包车 公司 招司机 h
google_ja_jp	英語が話せる 運転手 a
bing_ja-JP	ハイヤー 英語 f
google_ja_jp	多言語 ドライバーか
google_ja_jp	登録ドライバー ハイヤーか
google_en_jp	driver japan n
bing_ja-JP	多言語 ドライバー 東京 d
google_ja_jp	外国語 ドライバーを
bing_en-JP	bilingual driver jobs japan d
google_zh-CN_cn	日本 包车 p
baidu	日本 包车 公司 招司机 i
google_ja_jp	英語が話せる 運転手 b
google_ja_jp	登録ドライバー ハイヤーき
google_en_jp	driver japan o
bing_ja-JP	ハイヤー 英語 g
google_ja_jp	多言語 ドライバーき
bing_ja-JP	多言語 ドライバー 東京 e
google_ja_jp	外国語 ドライバーん
google_zh-CN_cn	日本 包车 q
bing_en-JP	bilingual driver jobs japan e
google_ja_jp	英語が話せる 運転手 c
baidu	日本 包车 公司 招司机 j
google_en_jp	driver japan p
google_ja_jp	登録ドライバー ハイヤーく
google_ja_jp	多言語 ドライバーく
bing_ja-JP	ハイヤー 英語 h
bing_ja-JP	多言語 ドライバー 東京 f
google_zh-CN_cn	日本 包车 r
google_ja_jp	外国語 ドライバー a
bing_en-JP	bilingual driver jobs japan f
google_ja_jp	英語が話せる 運転手 d
google_ja_jp	登録ドライバー ハイヤーけ
baidu	日本 包车 公司 招司机 k
google_ja_jp	多言語 ドライバーけ
google_en_jp	driver japan q
bing_ja-JP	ハイヤー 英語 i
bing_ja-JP	多言語 ドライバー 東京 g
google_ja_jp	外国語 ドライバー b
bing_en-JP	bilingual driver jobs japan g
google_zh-CN_cn	日本 包车 s
google_ja_jp	英語が話せる 運転手 e
google_ja_jp	多言語 ドライバーこ
google_ja_jp	登録ドライバー ハイヤーこ
google_en_jp	driver japan r
baidu	日本 包车 公司 招司机 l
bing_ja-JP	ハイヤー 英語 j
google_ja_jp	外国語 ドライバー c
bing_en-JP	bilingual driver jobs japan h
bing_ja-JP	多言語 ドライバー 東京 h
google_zh-CN_cn	日本 包车 t
google_ja_jp	英語が話せる 運転手 f
google_ja_jp	多言語 ドライバーさ
google_ja_jp	登録ドライバー ハイヤーさ
google_en_jp	driver japan s
baidu	日本 包车 公司 招司机 m
bing_ja-JP	ハイヤー 英語 k
google_ja_jp	外国語 ドライバー d
bing_en-JP	bilingual driver jobs japan i
bing_ja-JP	多言語 ドライバー 東京 i
google_zh-CN_cn	日本 包车 u
google_ja_jp	多言語 ドライバーし
google_ja_jp	英語が話せる 運転手 g
google_ja_jp	登録ドライバー ハイヤーし
google_en_jp	driver japan t
bing_ja-JP	ハイヤー 英語 l
bing_en-JP	bilingual driver jobs japan j
google_ja_jp	外国語 ドライバー e
bing_ja-JP	多言語 ドライバー 東京 j
baidu	日本 包车 公司 招司机 n
google_zh-CN_cn	日本 包车 v
google_ja_jp	多言語 ドライバーす
google_ja_jp	英語が話せる 運転手 h
google_ja_jp	登録ドライバー ハイヤーす
google_en_jp	driver japan u
bing_en-JP	bilingual driver jobs japan k
bing_ja-JP	多言語 ドライバー 東京 k
bing_ja-JP	ハイヤー 英語 m
google_zh-CN_cn	日本 包车 w
google_ja_jp	外国語 ドライバー f
google_ja_jp	多言語 ドライバーせ
google_ja_jp	英語が話せる 運転手 i
google_ja_jp	登録ドライバー ハイヤーせ
baidu	日本 包车 公司 招司机 o
google_en_jp	driver japan v
bing_en-JP	bilingual driver jobs japan l
bing_ja-JP	ハイヤー 英語 n
bing_ja-JP	多言語 ドライバー 東京 l
google_zh-CN_cn	日本 包车 x
google_ja_jp	外国語 ドライバー g
google_ja_jp	英語が話せる 運転手 j
google_ja_jp	多言語 ドライバーそ
google_ja_jp	登録ドライバー ハイヤーそ
baidu	日本 包车 公司 招司机 p
bing_en-JP	bilingual driver jobs japan m
google_en_jp	driver japan w
bing_ja-JP	ハイヤー 英語 o
bing_ja-JP	多言語 ドライバー 東京 m
google_zh-CN_cn	日本 包车 y
google_ja_jp	多言語 ドライバーた
google_ja_jp	外国語 ドライバー h
google_ja_jp	英語が話せる 運転手 k
google_ja_jp	登録ドライバー ハイヤーた
bing_en-JP	bilingual driver jobs japan n
bing_ja-JP	ハイヤー 英語 p
google_en_jp	driver japan x
baidu	日本 包车 公司 招司机 q
bing_ja-JP	多言語 ドライバー 東京 n
google_zh-CN_cn	日本 包车 z
google_ja_jp	多言語 ドライバーち
google_ja_jp	外国語 ドライバー i
google_ja_jp	英語が話せる 運転手 l
google_ja_jp	登録ドライバー ハイヤーち
bing_en-JP	bilingual driver jobs japan o
bing_ja-JP	ハイヤー 英語 q
google_zh-CN_cn	日本 包车 招聘
google_ja_jp	多言語 ドライバーつ
google_en_jp	driver japan y
bing_ja-JP	多言語 ドライバー 東京 o
google_ja_jp	英語が話せる 運転手 m
baidu	日本 包车 公司 招司机 r
google_ja_jp	外国語 ドライバー j
google_ja_jp	登録ドライバー ハイヤーつ
bing_en-JP	bilingual driver jobs japan p
bing_ja-JP	ハイヤー 英語 r
google_zh-CN_cn	日本 包车 价格
google_en_jp	driver japan z
google_ja_jp	多言語 ドライバーて
bing_ja-JP	多言語 ドライバー 東京 p
google_ja_jp	外国語 ドライバー k
google_ja_jp	英語が話せる 運転手 n
google_ja_jp	登録ドライバー ハイヤーて
baidu	日本 包车 公司 招司机 s
bing_en-JP	bilingual driver jobs japan q
google_zh-CN_cn	日本 包车 介绍
bing_ja-JP	ハイヤー 英語 s
google_en_jp	driver japan jobs
google_ja_jp	多言語 ドライバーと
bing_ja-JP	多言語 ドライバー 東京 q
google_ja_jp	外国語 ドライバー l
google_ja_jp	登録ドライバー ハイヤーと
google_ja_jp	英語が話せる 運転手 o
baidu	日本 包车 公司 招司机 t
bing_ja-JP	ハイヤー 英語 t
google_zh-CN_cn	日本 包车 东京
bing_en-JP	bilingual driver jobs japan r
google_ja_jp	多言語 ドライバーな
google_en_jp	driver japan hiring
bing_ja-JP	多言語 ドライバー 東京 r
google_ja_jp	外国語 ドライバー m
google_ja_jp	登録ドライバー ハイヤーな
google_ja_jp	英語が話せる 運転手 p
bing_ja-JP	ハイヤー 英語 u
google_zh-CN_cn	日本 包车 英语
baidu	日本 包车 公司 招司机 u
bing_en-JP	bilingual driver jobs japan s
google_en_jp	driver japan price
google_ja_jp	多言語 ドライバーに
bing_ja-JP	多言語 ドライバー 東京 s
google_ja_jp	外国語 ドライバー n
google_ja_jp	登録ドライバー ハイヤーに
google_ja_jp	英語が話せる 運転手 q
bing_ja-JP	ハイヤー 英語 v
bing_en-JP	bilingual driver jobs japan t
google_zh-CN_cn	日本 包车 兼职
google_en_jp	driver japan agency
google_ja_jp	多言語 ドライバーぬ
bing_ja-JP	多言語 ドライバー 東京 t
baidu	日本 包车 公司 招司机 v
google_ja_jp	外国語 ドライバー o
google_ja_jp	英語が話せる 運転手 r
google_ja_jp	登録ドライバー ハイヤーぬ
bing_ja-JP	ハイヤー 英語 w
bing_en-JP	bilingual driver jobs japan u
google_ja_jp	多言語 ドライバーね
google_zh-CN_cn	日本 包车 公司
google_en_jp	driver japan tokyo
google_ja_jp	外国語 ドライバー p
baidu	日本 包车 公司 招司机 w
bing_ja-JP	多言語 ドライバー 東京 u
google_ja_jp	英語が話せる 運転手 s
google_ja_jp	登録ドライバー ハイヤーね
bing_ja-JP	ハイヤー 英語 x
bing_en-JP	bilingual driver jobs japan v
google_zh-CN_cn	日本 司机
google_ja_jp	外国語 ドライバー q
google_ja_jp	多言語 ドライバーの
google_en_jp	driver japan english
bing_ja-JP	多言語 ドライバー 東京 v
google_ja_jp	英語が話せる 運転手 t
baidu	日本 包车 公司 招司机 x
google_ja_jp	登録ドライバー ハイヤーの
bing_ja-JP	ハイヤー 英語 y
google_ja_jp	外国語 ドライバー r
google_zh-CN_cn	日本 司机 a
bing_en-JP	bilingual driver jobs japan w
google_ja_jp	多言語 ドライバーは
bing_ja-JP	多言語 ドライバー 東京 w
google_ja_jp	英語が話せる 運転手 u
google_en_jp	driver japan chinese
google_ja_jp	登録ドライバー ハイヤーは
baidu	日本 包车 公司 招司机 y
bing_ja-JP	ハイヤー 英語 z
google_zh-CN_cn	日本 司机 b
bing_en-JP	bilingual driver jobs japan x
google_ja_jp	外国語 ドライバー s
google_ja_jp	多言語 ドライバーひ
bing_ja-JP	多言語 ドライバー 東京 x
google_en_jp	chauffeur tokyo
google_ja_jp	英語が話せる 運転手 v
bing_ja-JP	ハイヤー 英語 募集
google_ja_jp	登録ドライバー ハイヤーひ
baidu	日本 包车 公司 招司机 z
google_zh-CN_cn	日本 司机 c
google_en_jp	chauffeur tokyo a
google_ja_jp	外国語 ドライバー t
bing_en-JP	bilingual driver jobs japan y
bing_ja-JP	多言語 ドライバー 東京 y
google_ja_jp	英語が話せる 運転手 w
google_ja_jp	多言語 ドライバーふ
bing_ja-JP	ハイヤー 英語 求人
google_ja_jp	登録ドライバー ハイヤーふ
baidu	日本 包车 公司 招司机 招聘
google_zh-CN_cn	日本 司机 d
google_ja_jp	外国語 ドライバー u
bing_en-JP	bilingual driver jobs japan z
google_en_jp	chauffeur tokyo b
bing_ja-JP	多言語 ドライバー 東京 z
google_ja_jp	英語が話せる 運転手 x
google_ja_jp	多言語 ドライバーへ
bing_ja-JP	ハイヤー 英語 料金
google_ja_jp	登録ドライバー ハイヤーへ
baidu	日本 包车 公司 招司机 价格
google_zh-CN_cn	日本 司机 e
bing_en-JP	bilingual driver jobs japan jobs
google_ja_jp	外国語 ドライバー v
bing_ja-JP	多言語 ドライバー 東京 募集
google_en_jp	chauffeur tokyo c
google_ja_jp	英語が話せる 運転手 y
google_ja_jp	多言語 ドライバーほ
google_ja_jp	登録ドライバー ハイヤーほ
bing_ja-JP	ハイヤー 英語 紹介
baidu	日本 包车 公司 招司机 介绍
google_zh-CN_cn	日本 司机 f
bing_en-JP	bilingual driver jobs japan hiring
bing_ja-JP	多言語 ドライバー 東京 求人
google_en_jp	chauffeur tokyo d
google_ja_jp	外国語 ドライバー w
google_ja_jp	多言語 ドライバーま
google_ja_jp	英語が話せる 運転手 z
google_ja_jp	登録ドライバー ハイヤーま
bing_ja-JP	ハイヤー 英語 東京
bing_en-JP	bilingual driver jobs japan price
google_zh-CN_cn	日本 司机 g
baidu	日本 包车 公司 招司机 东京
bing_ja-JP	多言語 ドライバー 東京 料金
google_ja_jp	多言語 ドライバーみ
google_ja_jp	外国語 ドライバー x
google_ja_jp	英語が話せる 運転手 募集
google_en_jp	chauffeur tokyo e
google_ja_jp	登録ドライバー ハイヤーみ
bing_ja-JP	ハイヤー 英語 英語
google_zh-CN_cn	日本 司机 h
bing_en-JP	bilingual driver jobs japan agency
google_ja_jp	英語が話せる 運転手 求人
google_ja_jp	多言語 ドライバーむ
google_ja_jp	外国語 ドライバー y
bing_ja-JP	多言語 ドライバー 東京 紹介
google_ja_jp	登録ドライバー ハイヤーむ
google_en_jp	chauffeur tokyo f
bing_ja-JP	ハイヤー 英語 中国語
baidu	日本 包车 公司 招司机 英语
google_ja_jp	多言語 ドライバーめ
google_ja_jp	英語が話せる 運転手 料金
bing_en-JP	bilingual driver jobs japan tokyo
google_zh-CN_cn	日本 司机 i
google_ja_jp	外国語 ドライバー z
bing_ja-JP	多言語 ドライバー 東京 東京
google_en_jp	chauffeur tokyo g
google_ja_jp	登録ドライバー ハイヤーめ
bing_ja-JP	英語 運転手
baidu	日本 包车 公司 招司机 兼职
google_zh-CN_cn	日本 司机 j
bing_en-JP	bilingual driver jobs japan english
google_ja_jp	外国語 ドライバー 募集
google_ja_jp	多言語 ドライバーも
google_en_jp	chauffeur tokyo h
bing_ja-JP	英語 運転手 a
bing_ja-JP	多言語 ドライバー 東京 英語
google_ja_jp	英語が話せる 運転手 紹介
google_ja_jp	登録ドライバー ハイヤーも
baidu	日本 包车 公司 招司机 公司
google_zh-CN_cn	日本 司机 k
bing_en-JP	bilingual driver jobs japan chinese
google_ja_jp	外国語 ドライバー 求人
google_ja_jp	英語が話せる 運転手 東京
bing_ja-JP	英語 運転手 b
bing_ja-JP	多言語 ドライバー 東京 中国語
google_ja_jp	多言語 ドライバーや
google_en_jp	chauffeur tokyo i
google_ja_jp	登録ドライバー ハイヤーや
google_zh-CN_cn	日本 司机 l
bing_en-JP	chauffeur jobs tokyo english
google_ja_jp	多言語 ドライバーゆ
google_ja_jp	外国語 ドライバー 料金
bing_ja-JP	登録ドライバー ハイヤー
baidu	日本 包车
bing_ja-JP	英語 運転手 c
google_ja_jp	英語が話せる 運転手 英語
google_en_jp	chauffeur tokyo j
google_ja_jp	登録ドライバー ハイヤーゆ
google_ja_jp	多言語 ドライバーよ
bing_ja-JP	登録ドライバー ハイヤー a
bing_ja-JP	英語 運転手 d
google_en_jp	chauffeur tokyo k
google_ja_jp	登録ドライバー ハイヤーよ
bing_en-JP	chauffeur jobs tokyo english a
google_ja_jp	外国語 ドライバー 紹介
google_ja_jp	英語が話せる 運転手 中国語
baidu	日本 包车 a
google_zh-CN_cn	日本 司机 m
bing_ja-JP	英語 運転手 e
google_ja_jp	多言語 ドライバーら
bing_en-JP	chauffeur jobs tokyo english b
google_ja_jp	外国語 ドライバー 東京
google_ja_jp	登録ドライバー ハイヤーら
bing_ja-JP	登録ドライバー ハイヤー b
google_en_jp	chauffeur tokyo l
google_ja_jp	外国人VIP 送迎
baidu	日本 包车 b
google_zh-CN_cn	日本 司机 n
bing_en-JP	chauffeur jobs tokyo english c
bing_ja-JP	英語 運転手 f
google_ja_jp	多言語 ドライバーり
google_ja_jp	外国語 ドライバー 英語
google_ja_jp	登録ドライバー ハイヤーり
google_ja_jp	外国人VIP 送迎あ
bing_ja-JP	登録ドライバー ハイヤー c
google_en_jp	chauffeur tokyo m
google_zh-CN_cn	日本 司机 o
baidu	日本 包车 c
bing_en-JP	chauffeur jobs tokyo english d
google_ja_jp	多言語 ドライバーる
google_ja_jp	外国語 ドライバー 中国語
bing_ja-JP	英語 運転手 g
bing_ja-JP	登録ドライバー ハイヤー d
google_ja_jp	登録ドライバー ハイヤーる
google_ja_jp	外国人VIP 送迎い
google_en_jp	chauffeur tokyo n
google_zh-CN_cn	日本 司机 p
google_ja_jp	多言語 ドライバーれ
baidu	日本 包车 d
bing_en-JP	chauffeur jobs tokyo english e
bing_ja-JP	英語 運転手 h
google_ja_jp	インバウンド ドライバー
google_en_jp	chauffeur tokyo o
bing_ja-JP	登録ドライバー ハイヤー e
google_ja_jp	外国人VIP 送迎う
google_ja_jp	登録ドライバー ハイヤーれ
google_zh-CN_cn	日本 司机 q
bing_en-JP	chauffeur jobs tokyo english f
baidu	日本 包车 e
google_ja_jp	多言語 ドライバーろ
bing_ja-JP	英語 運転手 i
google_ja_jp	インバウンド ドライバーあ
bing_ja-JP	登録ドライバー ハイヤー f
google_en_jp	chauffeur tokyo p
google_ja_jp	外国人VIP 送迎え
google_ja_jp	登録ドライバー ハイヤーろ
google_zh-CN_cn	日本 司机 r
bing_en-JP	chauffeur jobs tokyo english g
bing_ja-JP	英語 運転手 j
baidu	日本 包车 f
google_en_jp	chauffeur tokyo q
google_ja_jp	多言語 ドライバーわ
bing_ja-JP	登録ドライバー ハイヤー g
google_ja_jp	外国人VIP 送迎お
google_ja_jp	インバウンド ドライバーい
google_ja_jp	登録ドライバー ハイヤーわ
google_zh-CN_cn	日本 司机 s
bing_en-JP	chauffeur jobs tokyo english h
bing_ja-JP	英語 運転手 k
google_ja_jp	多言語 ドライバーを
bing_ja-JP	登録ドライバー ハイヤー h
google_ja_jp	インバウンド ドライバーう
google_en_jp	chauffeur tokyo r
baidu	日本 包车 g
google_ja_jp	外国人VIP 送迎か
google_ja_jp	登録ドライバー ハイヤーを
bing_en-JP	chauffeur jobs tokyo english i
google_zh-CN_cn	日本 司机 t
bing_ja-JP	英語 運転手 l
google_ja_jp	多言語 ドライバーん
google_ja_jp	インバウンド ドライバーえ
bing_ja-JP	登録ドライバー ハイヤー i
google_en_jp	chauffeur tokyo s
google_ja_jp	外国人VIP 送迎き
baidu	日本 包车 h
google_ja_jp	登録ドライバー ハイヤーん
google_zh-CN_cn	日本 司机 u
bing_ja-JP	英語 運転手 m
bing_en-JP	chauffeur jobs tokyo english j
google_ja_jp	多言語 ドライバー a
bing_ja-JP	登録ドライバー ハイヤー j
google_ja_jp	インバウンド ドライバーお
google_ja_jp	外国人VIP 送迎く
google_en_jp	chauffeur tokyo t
google_ja_jp	登録ドライバー ハイヤー a
baidu	日本 包车 i
google_zh-CN_cn	日本 司机 v
bing_ja-JP	英語 運転手 n
bing_en-JP	chauffeur jobs tokyo english k
google_ja_jp	多言語 ドライバー b
google_ja_jp	インバウンド ドライバーか
bing_ja-JP	登録ドライバー ハイヤー k
google_ja_jp	外国人VIP 送迎け
google_en_jp	chauffeur tokyo u
google_ja_jp	登録ドライバー ハイヤー b
google_zh-CN_cn	日本 司机 w
bing_en-JP	chauffeur jobs tokyo english l
bing_ja-JP	英語 運転手 o
baidu	日本 包车 j
google_ja_jp	多言語 ドライバー c
bing_ja-JP	登録ドライバー ハイヤー l
google_ja_jp	インバウンド ドライバーき
google_ja_jp	外国人VIP 送迎こ
google_zh-CN_cn	日本 司机 x
google_en_jp	chauffeur tokyo v
google_ja_jp	登録ドライバー ハイヤー c
bing_en-JP	chauffeur jobs tokyo english m
baidu	日本 包车 k
bing_ja-JP	英語 運転手 p
google_ja_jp	外国人VIP 送迎さ
google_ja_jp	多言語 ドライバー d
google_ja_jp	インバウンド ドライバーく
bing_ja-JP	登録ドライバー ハイヤー m
google_ja_jp	登録ドライバー ハイヤー d
google_zh-CN_cn	日本 司机 y
google_en_jp	chauffeur tokyo w
bing_ja-JP	英語 運転手 q
bing_en-JP	chauffeur jobs tokyo english n
google_ja_jp	インバウンド ドライバーけ
baidu	日本 包车 l
google_ja_jp	多言語 ドライバー e
google_ja_jp	外国人VIP 送迎し
bing_ja-JP	登録ドライバー ハイヤー n
google_en_jp	chauffeur tokyo x
google_ja_jp	登録ドライバー ハイヤー e
google_zh-CN_cn	日本 司机 z
bing_en-JP	chauffeur jobs tokyo english o
bing_ja-JP	英語 運転手 r
baidu	日本 包车 m
google_ja_jp	インバウンド ドライバーこ
google_ja_jp	多言語 ドライバー f
google_ja_jp	外国人VIP 送迎す
bing_ja-JP	登録ドライバー ハイヤー o
google_ja_jp	登録ドライバー ハイヤー f
google_en_jp	chauffeur tokyo y
google_zh-CN_cn	日本 司机 招聘
bing_en-JP	chauffeur jobs tokyo english p
bing_ja-JP	英語 運転手 s
google_ja_jp	外国人VIP 送迎せ
baidu	日本 包车 n
google_ja_jp	多言語 ドライバー g
google_ja_jp	インバウンド ドライバーさ
google_ja_jp	登録ドライバー ハイヤー g
bing_ja-JP	登録ドライバー ハイヤー p
google_zh-CN_cn	日本 司机 价格
google_en_jp	chauffeur tokyo z
bing_en-JP	chauffeur jobs tokyo english q
bing_ja-JP	英語 運転手 t
google_ja_jp	多言語 ドライバー h
baidu	日本 包车 o
google_ja_jp	外国人VIP 送迎そ
google_ja_jp	インバウンド ドライバーし
bing_ja-JP	登録ドライバー ハイヤー q
google_ja_jp	登録ドライバー ハイヤー h
google_zh-CN_cn	日本 司机 介绍
google_en_jp	chauffeur tokyo jobs
bing_en-JP	chauffeur jobs tokyo english r
bing_ja-JP	英語 運転手 u
google_ja_jp	多言語 ドライバー i
google_ja_jp	インバウンド ドライバーす
google_ja_jp	外国人VIP 送迎た
baidu	日本 包车 p
google_ja_jp	登録ドライバー ハイヤー i
bing_ja-JP	登録ドライバー ハイヤー r
google_en_jp	chauffeur tokyo hiring
google_zh-CN_cn	日本 司机 东京
bing_ja-JP	英語 運転手 v
bing_en-JP	chauffeur jobs tokyo english s
google_ja_jp	多言語 ドライバー j
google_ja_jp	外国人VIP 送迎ち
google_ja_jp	インバウンド ドライバーせ
bing_ja-JP	登録ドライバー ハイヤー s
google_en_jp	chauffeur tokyo price
google_zh-CN_cn	日本 司机 英语
baidu	日本 包车 q
google_ja_jp	登録ドライバー ハイヤー j
bing_ja-JP	英語 運転手 w
bing_en-JP	chauffeur jobs tokyo english t
google_ja_jp	多言語 ドライバー k
google_ja_jp	外国人VIP 送迎つ
google_ja_jp	インバウンド ドライバーそ
google_en_jp	chauffeur tokyo agency
google_zh-CN_cn	日本 司机 公司
bing_ja-JP	登録ドライバー ハイヤー t
baidu	日本 包车 r
google_ja_jp	登録ドライバー ハイヤー k
bing_en-JP	chauffeur jobs tokyo english u
bing_ja-JP	英語 運転手 x
google_ja_jp	多言語 ドライバー l
google_ja_jp	外国人VIP 送迎て
google_en_jp	chauffeur tokyo tokyo
bing_ja-JP	登録ドライバー ハイヤー u
google_ja_jp	インバウンド ドライバーた
google_zh-CN_cn	东京 司机
google_ja_jp	登録ドライバー ハイヤー l
bing_en-JP	chauffeur jobs tokyo english v
baidu	日本 包车 s
google_ja_jp	多言語 ドライバー m
bing_ja-JP	英語 運転手 y
google_ja_jp	外国人VIP 送迎と
google_en_jp	chauffeur tokyo english
google_ja_jp	インバウンド ドライバーち
bing_ja-JP	登録ドライバー ハイヤー v
google_zh-CN_cn	东京 司机 a
google_ja_jp	登録ドライバー ハイヤー m
bing_en-JP	chauffeur jobs tokyo english w
baidu	日本 包车 t
bing_ja-JP	英語 運転手 z
google_ja_jp	多言語 ドライバー n
google_ja_jp	外国人VIP 送迎な
google_en_jp	chauffeur tokyo chinese
bing_ja-JP	登録ドライバー ハイヤー w
google_ja_jp	インバウンド ドライバーつ
google_ja_jp	登録ドライバー ハイヤー n
google_zh-CN_cn	东京 司机 b
bing_en-JP	chauffeur jobs tokyo english x
baidu	日本 包车 u
google_ja_jp	多言語 ドライバー o
bing_ja-JP	英語 運転手 募集
google_ja_jp	外国人VIP 送迎に
google_en_jp	chauffeur japan
bing_ja-JP	登録ドライバー ハイヤー x
google_ja_jp	インバウンド ドライバーて
google_ja_jp	登録ドライバー ハイヤー o
google_zh-CN_cn	东京 司机 c
bing_en-JP	chauffeur jobs tokyo english y
bing_ja-JP	英語 運転手 求人
google_ja_jp	多言語 ドライバー p
baidu	日本 包车 v
google_ja_jp	外国人VIP 送迎ぬ
google_en_jp	chauffeur japan a
google_ja_jp	登録ドライバー ハイヤー p
bing_ja-JP	登録ドライバー ハイヤー y
google_zh-CN_cn	东京 司机 d
bing_en-JP	chauffeur jobs tokyo english z
bing_ja-JP	英語 運転手 料金
google_ja_jp	多言語 ドライバー q
baidu	日本 包车 w
google_ja_jp	外国人VIP 送迎ね
google_en_jp	chauffeur japan b
google_ja_jp	登録ドライバー ハイヤー q
google_ja_jp	インバウンド ドライバーと
bing_ja-JP	登録ドライバー ハイヤー z
google_zh-CN_cn	东京 司机 e
bing_ja-JP	英語 運転手 紹介
bing_en-JP	chauffeur jobs tokyo english jobs
google_ja_jp	多言語 ドライバー r
google_en_jp	chauffeur japan c
google_ja_jp	外国人VIP 送迎の
baidu	日本 包车 x
google_ja_jp	インバウンド ドライバーな
google_ja_jp	登録ドライバー ハイヤー r
bing_ja-JP	登録ドライバー ハイヤー 募集
google_zh-CN_cn	东京 司机 f
bing_ja-JP	英語 運転手 東京
google_ja_jp	多言語 ドライバー s
bing_en-JP	chauffeur jobs tokyo english hiring
google_ja_jp	外国人VIP 送迎は
google_en_jp	chauffeur japan d
google_ja_jp	登録ドライバー ハイヤー s
google_ja_jp	インバウンド ドライバーに
google_zh-CN_cn	东京 司机 g
baidu	日本 包车 y
bing_ja-JP	登録ドライバー ハイヤー 求人
google_ja_jp	多言語 ドライバー t
bing_ja-JP	英語 運転手 英語
bing_en-JP	chauffeur jobs tokyo english price
google_ja_jp	外国人VIP 送迎ひ
google_en_jp	chauffeur japan e
google_ja_jp	登録ドライバー ハイヤー t
google_ja_jp	インバウンド ドライバーぬ
google_zh-CN_cn	东京 司机 h
bing_ja-JP	登録ドライバー ハイヤー 料金
google_ja_jp	多言語 ドライバー u
bing_ja-JP	英語 運転手 中国語
baidu	日本 包车 z
bing_en-JP	chauffeur jobs tokyo english agency
google_ja_jp	外国人VIP 送迎ふ
google_en_jp	chauffeur japan f
google_ja_jp	登録ドライバー ハイヤー u
google_ja_jp	インバウンド ドライバーね
google_zh-CN_cn	东京 司机 i
bing_ja-JP	登録ドライバー ハイヤー 紹介
google_ja_jp	多言語 ドライバー v
bing_ja-JP	英語 ドライバー
bing_en-JP	chauffeur jobs tokyo english tokyo
baidu	日本 包车 招聘
google_ja_jp	外国人VIP 送迎へ
google_en_jp	chauffeur japan g
google_ja_jp	インバウンド ドライバーの
google_zh-CN_cn	东京 司机 j
google_ja_jp	登録ドライバー ハイヤー v
bing_ja-JP	登録ドライバー ハイヤー 東京
google_ja_jp	多言語 ドライバー w
bing_en-JP	chauffeur jobs tokyo english english
bing_ja-JP	英語 ドライバー a
baidu	日本 包车 价格
google_ja_jp	外国人VIP 送迎ほ
google_en_jp	chauffeur japan h
google_zh-CN_cn	东京 司机 k
google_ja_jp	インバウンド ドライバーは
google_ja_jp	登録ドライバー ハイヤー w
bing_ja-JP	登録ドライバー ハイヤー 英語
google_ja_jp	多言語 ドライバー x
bing_en-JP	chauffeur jobs tokyo english chinese
bing_ja-JP	英語 ドライバー b
google_ja_jp	外国人VIP 送迎ま
baidu	日本 包车 介绍
google_en_jp	chauffeur japan i
google_zh-CN_cn	东京 司机 l
google_ja_jp	登録ドライバー ハイヤー x
google_ja_jp	インバウンド ドライバーひ
google_ja_jp	多言語 ドライバー y
bing_ja-JP	登録ドライバー ハイヤー 中国語
bing_en-JP	english driver japan
bing_ja-JP	英語 ドライバー c
google_ja_jp	外国人VIP 送迎み
google_en_jp	chauffeur japan j
baidu	日本 包车 东京
google_ja_jp	インバウンド ドライバーふ
google_ja_jp	登録ドライバー ハイヤー y
google_zh-CN_cn	东京 司机 m
bing_ja-JP	ハイヤー 乗務員 兼業
bing_en-JP	english driver japan a
bing_ja-JP	英語 ドライバー d
google_ja_jp	多言語 ドライバー z
google_en_jp	chauffeur japan k
google_ja_jp	外国人VIP 送迎む
google_zh-CN_cn	东京 司机 n
google_ja_jp	登録ドライバー ハイヤー z
google_ja_jp	インバウンド ドライバーへ
bing_ja-JP	英語 ドライバー e
bing_ja-JP	ハイヤー 乗務員 兼業 a
bing_en-JP	english driver japan b
google_ja_jp	多言語 ドライバー 募集
baidu	日本 包车 英语
google_ja_jp	外国人VIP 送迎め
google_en_jp	chauffeur japan l
google_ja_jp	登録ドライバー ハイヤー 募集
google_zh-CN_cn	东京 司机 o
google_ja_jp	インバウンド ドライバーほ
bing_ja-JP	ハイヤー 乗務員 兼業 b
bing_ja-JP	英語 ドライバー f
bing_en-JP	english driver japan c
google_ja_jp	多言語 ドライバー 求人
google_ja_jp	外国人VIP 送迎も
baidu	日本 包车 兼职
google_en_jp	chauffeur japan m
google_ja_jp	登録ドライバー ハイヤー 求人
google_zh-CN_cn	东京 司机 p
google_ja_jp	インバウンド ドライバーま
bing_ja-JP	ハイヤー 乗務員 兼業 c
bing_en-JP	english driver japan d
bing_ja-JP	英語 ドライバー g
google_ja_jp	多言語 ドライバー 料金
google_ja_jp	外国人VIP 送迎や
google_en_jp	chauffeur japan n
google_ja_jp	登録ドライバー ハイヤー 料金
baidu	日本 包车 公司
bing_ja-JP	ハイヤー 乗務員 兼業 d
bing_en-JP	english driver japan e
google_ja_jp	インバウンド ドライバーみ
google_zh-CN_cn	东京 司机 q
bing_ja-JP	英語 ドライバー h
google_ja_jp	多言語 ドライバー 紹介
google_ja_jp	外国人VIP 送迎ゆ
google_en_jp	chauffeur japan o
google_ja_jp	登録ドライバー ハイヤー 紹介
bing_ja-JP	ハイヤー 乗務員 兼業 e
baidu	日本 司机
google_zh-CN_cn	东京 司机 r
google_ja_jp	インバウンド ドライバーむ
bing_en-JP	english driver japan f
bing_ja-JP	英語 ドライバー i
google_ja_jp	多言語 ドライバー 東京
google_ja_jp	外国人VIP 送迎よ
google_en_jp	chauffeur japan p
google_ja_jp	登録ドライバー ハイヤー 東京
bing_ja-JP	ハイヤー 乗務員 兼業 f
google_zh-CN_cn	东京 司机 s
google_ja_jp	インバウンド ドライバーめ
bing_en-JP	english driver japan g
baidu	日本 司机 a
google_ja_jp	多言語 ドライバー 英語
bing_ja-JP	英語 ドライバー j
google_ja_jp	外国人VIP 送迎ら
google_ja_jp	登録ドライバー ハイヤー 英語
google_en_jp	chauffeur japan q
bing_ja-JP	ハイヤー 乗務員 兼業 g
google_zh-CN_cn	东京 司机 t
bing_en-JP	english driver japan h
google_ja_jp	インバウンド ドライバーも
baidu	日本 司机 b
bing_ja-JP	英語 ドライバー k
google_ja_jp	多言語 ドライバー 中国語
google_ja_jp	外国人VIP 送迎り
google_ja_jp	登録ドライバー ハイヤー 中国語
google_en_jp	chauffeur japan r
bing_ja-JP	ハイヤー 乗務員 兼業 h
google_zh-CN_cn	东京 司机 u
google_ja_jp	インバウンド ドライバーや
bing_en-JP	english driver japan i
google_ja_jp	外国人 送迎
bing_ja-JP	英語 ドライバー l
baidu	日本 司机 c
google_ja_jp	外国人VIP 送迎る
google_ja_jp	ハイヤー 乗務員 兼業
google_zh-CN_cn	东京 司机 v
bing_ja-JP	ハイヤー 乗務員 兼業 i
google_en_jp	chauffeur japan s
bing_en-JP	english driver japan j
google_ja_jp	インバウンド ドライバーゆ
google_ja_jp	外国人 送迎あ
bing_ja-JP	英語 ドライバー m
baidu	日本 司机 d
google_ja_jp	外国人VIP 送迎れ
google_ja_jp	ハイヤー 乗務員 兼業あ
google_zh-CN_cn	东京 司机 w
bing_ja-JP	ハイヤー 乗務員 兼業 j
bing_en-JP	english driver japan k
google_en_jp	chauffeur japan t
google_ja_jp	外国人 送迎い
google_ja_jp	インバウンド ドライバーよ
bing_ja-JP	英語 ドライバー n
google_ja_jp	外国人VIP 送迎ろ
baidu	日本 司机 e
bing_ja-JP	ハイヤー 乗務員 兼業 k
google_ja_jp	ハイヤー 乗務員 兼業い
google_zh-CN_cn	东京 司机 x
bing_en-JP	english driver japan l
google_en_jp	chauffeur japan u
google_ja_jp	外国人 送迎う
google_ja_jp	インバウンド ドライバーら
bing_ja-JP	英語 ドライバー o
google_ja_jp	外国人VIP 送迎わ
google_ja_jp	ハイヤー 乗務員 兼業う
bing_ja-JP	ハイヤー 乗務員 兼業 l
bing_en-JP	english driver japan m
google_zh-CN_cn	东京 司机 y
google_en_jp	chauffeur japan v
google_ja_jp	外国人 送迎え
google_ja_jp	インバウンド ドライバーり
baidu	日本 司机 f
google_ja_jp	外国人VIP 送迎を
bing_ja-JP	英語 ドライバー p
bing_en-JP	english driver japan n
google_ja_jp	ハイヤー 乗務員 兼業え
google_zh-CN_cn	东京 司机 z
bing_ja-JP	ハイヤー 乗務員 兼業 m
google_en_jp	chauffeur japan w
google_ja_jp	インバウンド ドライバーる
baidu	日本 司机 g
google_ja_jp	外国人VIP 送迎ん
bing_ja-JP	英語 ドライバー q
bing_en-JP	english driver japan o
google_ja_jp	ハイヤー 乗務員 兼業お
google_ja_jp	外国人 送迎お
google_zh-CN_cn	东京 司机 招聘
bing_ja-JP	ハイヤー 乗務員 兼業 n
google_ja_jp	インバウンド ドライバーれ
google_en_jp	chauffeur japan x
baidu	日本 司机 h
google_ja_jp	外国人VIP 送迎 a
bing_ja-JP	英語 ドライバー r
bing_en-JP	english driver japan p
google_ja_jp	外国人 送迎か
google_ja_jp	ハイヤー 乗務員 兼業か
bing_ja-JP	ハイヤー 乗務員 兼業 o
google_zh-CN_cn	东京 司机 价格
google_ja_jp	インバウンド ドライバーろ
google_en_jp	chauffeur japan y
google_ja_jp	外国人VIP 送迎 b
bing_ja-JP	英語 ドライバー s
bing_en-JP	english driver japan q
google_ja_jp	ハイヤー 乗務員 兼業き
google_zh-CN_cn	东京 司机 介绍
google_ja_jp	外国人 送迎き
bing_ja-JP	ハイヤー 乗務員 兼業 p
baidu	日本 司机 i
google_ja_jp	インバウンド ドライバーわ
google_en_jp	chauffeur japan z
bing_ja-JP	英語 ドライバー t
google_ja_jp	外国人VIP 送迎 c
google_ja_jp	ハイヤー 乗務員 兼業く
bing_en-JP	english driver japan r
google_ja_jp	外国人 送迎く
google_zh-CN_cn	东京 司机 东京
bing_ja-JP	ハイヤー 乗務員 兼業 q
baidu	日本 司机 j
google_en_jp	chauffeur japan jobs
google_ja_jp	インバウンド ドライバーを
bing_ja-JP	英語 ドライバー u
google_ja_jp	外国人VIP 送迎 d
google_ja_jp	外国人 送迎け
google_ja_jp	ハイヤー 乗務員 兼業け
bing_en-JP	english driver japan s
bing_ja-JP	ハイヤー 乗務員 兼業 r
google_zh-CN_cn	东京 司机 英语
google_en_jp	chauffeur japan hiring
google_ja_jp	インバウンド ドライバーん
baidu	日本 司机 k
google_ja_jp	外国人VIP 送迎 e
bing_ja-JP	英語 ドライバー v
google_ja_jp	外国人 送迎こ
bing_ja-JP	ハイヤー 乗務員 兼業 s
google_ja_jp	ハイヤー 乗務員 兼業こ
bing_en-JP	english driver japan t
google_zh-CN_cn	东京 司机 兼职
google_en_jp	chauffeur japan price
baidu	日本 司机 l
google_ja_jp	インバウンド ドライバー a
google_ja_jp	外国人VIP 送迎 f
bing_ja-JP	英語 ドライバー w
google_ja_jp	外国人 送迎さ
bing_ja-JP	ハイヤー 乗務員 兼業 t
bing_en-JP	english driver japan u
google_ja_jp	ハイヤー 乗務員 兼業さ
google_en_jp	chauffeur japan agency
google_zh-CN_cn	东京 司机 公司
google_ja_jp	インバウンド ドライバー b
baidu	日本 司机 m
google_ja_jp	外国人VIP 送迎 g
google_ja_jp	外国人 送迎し
bing_ja-JP	英語 ドライバー x
bing_en-JP	english driver japan v
bing_ja-JP	ハイヤー 乗務員 兼業 u
google_en_jp	chauffeur japan tokyo
google_zh-CN_cn	日本 司机 招聘 a
google_ja_jp	ハイヤー 乗務員 兼業し
google_ja_jp	インバウンド ドライバー c
google_ja_jp	外国人 送迎す
baidu	日本 司机 n
bing_ja-JP	英語 ドライバー y
google_ja_jp	外国人VIP 送迎 h
google_en_jp	chauffeur japan english
bing_en-JP	english driver japan w
google_ja_jp	ハイヤー 乗務員 兼業す
google_zh-CN_cn	日本 司机 招聘 b
bing_ja-JP	ハイヤー 乗務員 兼業 v
google_ja_jp	インバウンド ドライバー d
google_ja_jp	外国人 送迎せ
google_ja_jp	外国人VIP 送迎 i
bing_ja-JP	英語 ドライバー z
baidu	日本 司机 o
google_ja_jp	ハイヤー 乗務員 兼業せ
google_en_jp	chauffeur japan chinese
bing_ja-JP	ハイヤー 乗務員 兼業 w
google_zh-CN_cn	日本 司机 招聘 c
bing_en-JP	english driver japan x
google_ja_jp	インバウンド ドライバー e
google_ja_jp	外国人 送迎そ
bing_ja-JP	英語 ドライバー 募集
google_ja_jp	外国人VIP 送迎 j
baidu	日本 司机 p
google_ja_jp	ハイヤー 乗務員 兼業そ
google_zh-CN_cn	日本 司机 招聘 d
google_en_jp	driver jobs japan
bing_en-JP	english driver japan y
bing_ja-JP	ハイヤー 乗務員 兼業 x
google_ja_jp	インバウンド ドライバー f
bing_ja-JP	英語 ドライバー 求人
google_ja_jp	外国人VIP 送迎 k
google_ja_jp	外国人 送迎た
google_ja_jp	ハイヤー 乗務員 兼業た
bing_en-JP	english driver japan z
google_zh-CN_cn	日本 司机 招聘 e
baidu	日本 司机 q
google_en_jp	driver jobs japan a
bing_ja-JP	ハイヤー 乗務員 兼業 y
google_ja_jp	インバウンド ドライバー g
bing_ja-JP	英語 ドライバー 料金
google_ja_jp	外国人VIP 送迎 l
google_ja_jp	外国人 送迎ち
google_ja_jp	ハイヤー 乗務員 兼業ち
bing_en-JP	english driver japan jobs
google_zh-CN_cn	日本 司机 招聘 f
google_en_jp	driver jobs japan b
baidu	日本 司机 r
bing_ja-JP	ハイヤー 乗務員 兼業 z
google_ja_jp	インバウンド ドライバー h
bing_ja-JP	英語 ドライバー 紹介
google_ja_jp	外国人VIP 送迎 m
google_ja_jp	外国人 送迎つ
google_ja_jp	ハイヤー 乗務員 兼業つ
bing_en-JP	english driver japan hiring
google_zh-CN_cn	日本 司机 招聘 g
baidu	日本 司机 s
google_en_jp	driver jobs japan c
bing_ja-JP	ハイヤー 乗務員 兼業 募集
google_ja_jp	インバウンド ドライバー i
bing_ja-JP	英語 ドライバー 東京
google_ja_jp	外国人VIP 送迎 n
google_ja_jp	外国人 送迎て
google_ja_jp	ハイヤー 乗務員 兼業て
bing_en-JP	english driver japan price
google_zh-CN_cn	日本 司机 招聘 h
baidu	日本 司机 t
google_en_jp	driver jobs japan d
bing_ja-JP	ハイヤー 乗務員 兼業 求人
google_ja_jp	インバウンド ドライバー j
bing_ja-JP	英語 ドライバー 英語
google_ja_jp	外国人VIP 送迎 o
bing_en-JP	english driver japan agency
google_ja_jp	ハイヤー 乗務員 兼業と
google_ja_jp	外国人 送迎と
baidu	日本 司机 u
google_zh-CN_cn	日本 司机 招聘 i
google_en_jp	driver jobs japan e
google_ja_jp	インバウンド ドライバー k
bing_ja-JP	ハイヤー 乗務員 兼業 料金
bing_ja-JP	英語 ドライバー 中国語
google_ja_jp	外国人VIP 送迎 p
google_ja_jp	外国人 送迎な
google_ja_jp	ハイヤー 乗務員 兼業な
bing_en-JP	english driver japan tokyo
google_zh-CN_cn	日本 司机 招聘 j
baidu	日本 司机 v
google_en_jp	driver jobs japan f
google_ja_jp	インバウンド ドライバー l
bing_ja-JP	外国語 ドライバー
bing_ja-JP	ハイヤー 乗務員 兼業 紹介
google_ja_jp	外国人VIP 送迎 q
google_ja_jp	外国人 送迎に
bing_en-JP	english driver japan english
google_ja_jp	ハイヤー 乗務員 兼業に
google_zh-CN_cn	日本 司机 招聘 k
baidu	日本 司机 w
google_en_jp	driver jobs japan g
google_ja_jp	インバウンド ドライバー m
bing_ja-JP	外国語 ドライバー a
bing_ja-JP	ハイヤー 乗務員 兼業 東京
google_ja_jp	外国人VIP 送迎 r
google_ja_jp	外国人 送迎ぬ
bing_en-JP	english driver japan chinese
google_ja_jp	ハイヤー 乗務員 兼業ぬ
google_zh-CN_cn	日本 司机 招聘 l
bing_ja-JP	外国語 ドライバー b
google_en_jp	driver jobs japan h
google_ja_jp	インバウンド ドライバー n
baidu	日本 司机 x
google_ja_jp	外国人VIP 送迎 s
bing_ja-JP	ハイヤー 乗務員 兼業 英語
google_ja_jp	外国人 送迎ね
google_zh-CN_cn	日本 司机 招聘 m
bing_en-JP	driver japan
google_ja_jp	ハイヤー 乗務員 兼業ね
bing_ja-JP	外国語 ドライバー c
google_ja_jp	インバウンド ドライバー o
google_en_jp	driver jobs japan i
google_ja_jp	外国人VIP 送迎 t
baidu	日本 司机 y
google_ja_jp	外国人 送迎の
bing_ja-JP	ハイヤー 乗務員 兼業 中国語
google_ja_jp	ハイヤー 乗務員 兼業の
google_zh-CN_cn	日本 司机 招聘 n
bing_en-JP	driver japan a
bing_ja-JP	外国語 ドライバー d
google_ja_jp	インバウンド ドライバー p
google_ja_jp	外国人VIP 送迎 u
google_en_jp	driver jobs japan j
bing_ja-JP	ハイヤー ドライバー 紹介
google_ja_jp	外国人 送迎は
baidu	日本 司机 z
bing_en-JP	driver japan b
google_zh-CN_cn	日本 司机 招聘 o
google_ja_jp	ハイヤー 乗務員 兼業は
bing_ja-JP	外国語 ドライバー e
google_ja_jp	インバウンド ドライバー q
google_ja_jp	外国人VIP 送迎 v
bing_ja-JP	ハイヤー ドライバー 紹介 a
google_en_jp	driver jobs japan k
google_ja_jp	外国人 送迎ひ
google_ja_jp	ハイヤー 乗務員 兼業ひ
google_zh-CN_cn	日本 司机 招聘 p
bing_en-JP	driver japan c
baidu	日本 司机 招聘
bing_ja-JP	外国語 ドライバー f
google_ja_jp	インバウンド ドライバー r
google_ja_jp	外国人VIP 送迎 w
google_en_jp	driver jobs japan l
google_ja_jp	ハイヤー 乗務員 兼業ふ
google_ja_jp	外国人 送迎ふ
bing_ja-JP	ハイヤー ドライバー 紹介 b
google_zh-CN_cn	日本 司机 招聘 q
bing_en-JP	driver japan d
baidu	日本 司机 价格
bing_ja-JP	外国語 ドライバー g
google_ja_jp	インバウンド ドライバー s
google_ja_jp	外国人 送迎へ
bing_ja-JP	ハイヤー ドライバー 紹介 c
google_en_jp	driver jobs japan m
google_ja_jp	ハイヤー 乗務員 兼業へ
google_ja_jp	外国人VIP 送迎 x
google_zh-CN_cn	日本 司机 招聘 r
bing_en-JP	driver japan e
baidu	日本 司机 介绍
bing_ja-JP	外国語 ドライバー h
google_ja_jp	インバウンド ドライバー t
google_en_jp	driver jobs japan n
bing_ja-JP	ハイヤー ドライバー 紹介 d
google_ja_jp	外国人VIP 送迎 y
google_ja_jp	外国人 送迎ほ
google_zh-CN_cn	日本 司机 招聘 s
bing_en-JP	driver japan f
baidu	日本 司机 东京
google_ja_jp	ハイヤー 乗務員 兼業ほ
bing_ja-JP	外国語 ドライバー i
google_ja_jp	インバウンド ドライバー u
bing_ja-JP	ハイヤー ドライバー 紹介 e
google_en_jp	driver jobs japan o
google_ja_jp	外国人VIP 送迎 z
google_ja_jp	外国人 送迎ま
google_zh-CN_cn	日本 司机 招聘 t
bing_en-JP	driver japan g
bing_ja-JP	外国語 ドライバー j
google_ja_jp	ハイヤー 乗務員 兼業ま
bing_ja-JP	ハイヤー ドライバー 紹介 f
google_ja_jp	インバウンド ドライバー v
baidu	日本 司机 英语
google_en_jp	driver jobs japan p
google_ja_jp	外国人VIP 送迎 募集
google_zh-CN_cn	日本 司机 招聘 u
google_ja_jp	外国人 送迎み
bing_en-JP	driver japan h
bing_ja-JP	ハイヤー ドライバー 紹介 g
google_ja_jp	ハイヤー 乗務員 兼業み
bing_ja-JP	外国語 ドライバー k
google_ja_jp	インバウンド ドライバー w
google_en_jp	driver jobs japan q
google_ja_jp	外国人VIP 送迎 求人
google_zh-CN_cn	日本 司机 招聘 v
baidu	日本 司机 公司
google_ja_jp	外国人 送迎む
bing_en-JP	driver japan i
bing_ja-JP	ハイヤー ドライバー 紹介 h
google_ja_jp	ハイヤー 乗務員 兼業む
bing_ja-JP	外国語 ドライバー l
google_en_jp	driver jobs japan r
google_zh-CN_cn	日本 司机 招聘 w
google_ja_jp	インバウンド ドライバー x
google_ja_jp	外国人VIP 送迎 料金
google_ja_jp	外国人 送迎め
baidu	东京 司机
bing_en-JP	driver japan j
bing_ja-JP	ハイヤー ドライバー 紹介 i
google_ja_jp	ハイヤー 乗務員 兼業め
bing_ja-JP	外国語 ドライバー m
google_en_jp	driver jobs japan s
google_zh-CN_cn	日本 司机 招聘 x
google_ja_jp	インバウンド ドライバー y
google_ja_jp	外国人 送迎も
bing_en-JP	driver japan k
google_ja_jp	外国人VIP 送迎 紹介
baidu	东京 司机 a
bing_ja-JP	ハイヤー ドライバー 紹介 j
google_ja_jp	ハイヤー 乗務員 兼業も
bing_ja-JP	外国語 ドライバー n
google_zh-CN_cn	日本 司机 招聘 y
google_en_jp	driver jobs japan t
bing_en-JP	driver japan l
google_ja_jp	インバウンド ドライバー z
google_ja_jp	外国人VIP 送迎 東京
google_ja_jp	外国人 送迎や
baidu	东京 司机 b
bing_ja-JP	ハイヤー ドライバー 紹介 k
bing_ja-JP	外国語 ドライバー o
google_zh-CN_cn	日本 司机 招聘 z
google_ja_jp	ハイヤー 乗務員 兼業や
google_en_jp	driver jobs japan u
google_ja_jp	インバウンド ドライバー 募集
google_ja_jp	外国人 送迎ゆ
google_ja_jp	外国人VIP 送迎 英語
bing_en-JP	driver japan m
baidu	东京 司机 c
bing_ja-JP	外国語 ドライバー p
bing_ja-JP	ハイヤー ドライバー 紹介 l
google_ja_jp	ハイヤー 乗務員 兼業ゆ
google_zh-CN_cn	日本 司机 招聘 招聘
google_en_jp	driver jobs japan v
google_ja_jp	外国人VIP 送迎 中国語
bing_en-JP	driver japan n
google_ja_jp	インバウンド ドライバー 求人
google_ja_jp	外国人 送迎よ
bing_ja-JP	外国語 ドライバー q
bing_ja-JP	ハイヤー ドライバー 紹介 m
baidu	东京 司机 d
google_ja_jp	ハイヤー 乗務員 兼業よ
google_zh-CN_cn	日本 司机 招聘 价格
google_ja_jp	二種免許 英語
google_ja_jp	インバウンド ドライバー 料金
bing_en-JP	driver japan o
google_en_jp	driver jobs japan w
google_ja_jp	外国人 送迎ら
bing_ja-JP	外国語 ドライバー r
bing_ja-JP	ハイヤー ドライバー 紹介 n
google_ja_jp	ハイヤー 乗務員 兼業ら
google_ja_jp	二種免許 英語あ
baidu	东京 司机 e
google_zh-CN_cn	日本 司机 招聘 介绍
bing_en-JP	driver japan p
google_ja_jp	インバウンド ドライバー 紹介
google_en_jp	driver jobs japan x
google_ja_jp	外国人 送迎り
bing_ja-JP	外国語 ドライバー s
bing_ja-JP	ハイヤー ドライバー 紹介 o
google_ja_jp	ハイヤー 乗務員 兼業り
google_ja_jp	二種免許 英語い
google_zh-CN_cn	日本 司机 招聘 东京
baidu	东京 司机 f
bing_en-JP	driver japan q
google_en_jp	driver jobs japan y
google_ja_jp	インバウンド ドライバー 東京
google_ja_jp	外国人 送迎る
bing_ja-JP	外国語 ドライバー t
bing_ja-JP	ハイヤー ドライバー 紹介 p
google_ja_jp	二種免許 英語う
google_ja_jp	ハイヤー 乗務員 兼業る
google_zh-CN_cn	日本 司机 招聘 英语
bing_en-JP	driver japan r
baidu	东京 司机 g
google_en_jp	driver jobs japan z
google_ja_jp	インバウンド ドライバー 英語
google_ja_jp	外国人 送迎れ
bing_ja-JP	外国語 ドライバー u
google_ja_jp	二種免許 英語え
bing_ja-JP	ハイヤー ドライバー 紹介 q
google_ja_jp	ハイヤー 乗務員 兼業れ
google_zh-CN_cn	日本 司机 招聘 兼职
bing_en-JP	driver japan s
google_ja_jp	インバウンド ドライバー 中国語
google_en_jp	driver jobs japan jobs
baidu	东京 司机 h
google_ja_jp	外国人 送迎ろ
bing_ja-JP	外国語 ドライバー v
bing_ja-JP	ハイヤー ドライバー 紹介 r
google_ja_jp	二種免許 英語お
google_ja_jp	ハイヤー 乗務員 兼業ろ
google_zh-CN_cn	日本 司机 招聘 公司
bing_en-JP	driver japan t
google_ja_jp	二種免許
google_en_jp	driver jobs japan hiring
google_ja_jp	外国人 送迎わ
baidu	东京 司机 i
bing_ja-JP	ハイヤー ドライバー 紹介 s
bing_ja-JP	外国語 ドライバー w
google_ja_jp	二種免許 英語か
google_ja_jp	ハイヤー 乗務員 兼業わ
google_zh-CN_cn	日本 包车 司机
bing_en-JP	driver japan u
google_ja_jp	二種免許あ
google_en_jp	driver jobs japan price
google_ja_jp	外国人 送迎を
baidu	东京 司机 j
bing_ja-JP	外国語 ドライバー x
bing_ja-JP	ハイヤー ドライバー 紹介 t
google_ja_jp	二種免許 英語き
google_zh-CN_cn	日本 包车 司机 a
google_ja_jp	ハイヤー 乗務員 兼業を
google_ja_jp	二種免許い
bing_en-JP	driver japan v
google_en_jp	driver jobs japan agency
google_ja_jp	外国人 送迎ん
baidu	东京 司机 k
bing_ja-JP	外国語 ドライバー y
bing_ja-JP	ハイヤー ドライバー 紹介 u
google_ja_jp	二種免許 英語く
google_zh-CN_cn	日本 包车 司机 b
google_ja_jp	ハイヤー 乗務員 兼業ん
google_ja_jp	二種免許う
bing_en-JP	driver japan w
google_en_jp	driver jobs japan tokyo
bing_ja-JP	外国語 ドライバー z
google_ja_jp	外国人 送迎 a
bing_ja-JP	ハイヤー ドライバー 紹介 v
google_ja_jp	二種免許 英語け
baidu	东京 司机 l
google_zh-CN_cn	日本 包车 司机 c
google_ja_jp	二種免許え
google_ja_jp	ハイヤー 乗務員 兼業 a
google_en_jp	driver jobs japan english
bing_en-JP	driver japan x
google_ja_jp	外国人 送迎 b
bing_ja-JP	外国語 ドライバー 募集
google_ja_jp	二種免許 英語こ
bing_ja-JP	ハイヤー ドライバー 紹介 w
google_ja_jp	二種免許お
baidu	东京 司机 m
google_zh-CN_cn	日本 包车 司机 d
google_ja_jp	ハイヤー 乗務員 兼業 b
google_en_jp	driver jobs japan chinese
bing_en-JP	driver japan y
google_ja_jp	外国人 送迎 c
bing_ja-JP	外国語 ドライバー 求人
bing_ja-JP	ハイヤー ドライバー 紹介 x
google_ja_jp	二種免許 英語さ
google_ja_jp	二種免許か
google_zh-CN_cn	日本 包车 司机 e
google_ja_jp	ハイヤー 乗務員 兼業 c
baidu	东京 司机 n
bing_en-JP	driver japan z
google_en_jp	driver jobs tokyo
bing_ja-JP	外国語 ドライバー 料金
google_ja_jp	外国人 送迎 d
google_ja_jp	二種免許 英語し
bing_ja-JP	ハイヤー ドライバー 紹介 y
google_zh-CN_cn	日本 包车 司机 f
google_ja_jp	二種免許き
google_ja_jp	ハイヤー 乗務員 兼業 d
google_en_jp	driver jobs tokyo a
bing_en-JP	driver japan jobs
baidu	东京 司机 o
bing_ja-JP	外国語 ドライバー 紹介
google_ja_jp	外国人 送迎 e
bing_ja-JP	ハイヤー ドライバー 紹介 z
google_ja_jp	二種免許 英語す
google_zh-CN_cn	日本 包车 司机 g
google_ja_jp	二種免許く
google_en_jp	driver jobs tokyo b
google_ja_jp	ハイヤー 乗務員 兼業 e
bing_en-JP	driver japan hiring
bing_ja-JP	外国語 ドライバー 東京
google_ja_jp	二種免許 英語せ
google_ja_jp	外国人 送迎 f
baidu	东京 司机 p
bing_ja-JP	ハイヤー ドライバー 紹介 募集
google_zh-CN_cn	日本 包车 司机 h
google_ja_jp	ハイヤー 乗務員 兼業 f
google_ja_jp	二種免許け
google_en_jp	driver jobs tokyo c
bing_en-JP	driver japan price
bing_ja-JP	外国語 ドライバー 英語
google_ja_jp	二種免許 英語そ
google_ja_jp	外国人 送迎 g
baidu	东京 司机 q
bing_ja-JP	ハイヤー ドライバー 紹介 求人
google_ja_jp	ハイヤー 乗務員 兼業 g
google_ja_jp	二種免許こ
google_zh-CN_cn	日本 包车 司机 i
google_en_jp	driver jobs tokyo d
bing_en-JP	driver japan agency
bing_ja-JP	外国語 ドライバー 中国語
google_ja_jp	二種免許 英語た
google_ja_jp	外国人 送迎 h
baidu	东京 司机 r
bing_ja-JP	ハイヤー ドライバー 紹介 料金
google_ja_jp	ハイヤー 乗務員 兼業 h
google_zh-CN_cn	日本 包车 司机 j
google_ja_jp	二種免許さ
google_en_jp	driver jobs tokyo e
bing_en-JP	driver japan tokyo
bing_ja-JP	インバウンド ドライバー
google_ja_jp	外国人 送迎 i
google_ja_jp	二種免許 英語ち
google_ja_jp	ハイヤー 乗務員 兼業 i
bing_ja-JP	ハイヤー ドライバー 紹介 紹介
google_ja_jp	二種免許し
google_zh-CN_cn	日本 包车 司机 k
baidu	东京 司机 s
google_en_jp	driver jobs tokyo f
bing_en-JP	driver japan english
bing_ja-JP	インバウンド ドライバー a
google_ja_jp	二種免許 英語つ
google_ja_jp	外国人 送迎 j
bing_ja-JP	ハイヤー ドライバー 紹介 東京
google_zh-CN_cn	日本 包车 司机 l
google_ja_jp	ハイヤー 乗務員 兼業 j
google_en_jp	driver jobs tokyo g
baidu	东京 司机 t
bing_en-JP	driver japan chinese
google_ja_jp	二種免許す
google_ja_jp	外国人 送迎 k
google_ja_jp	二種免許 英語て
bing_ja-JP	インバウンド ドライバー b
google_ja_jp	ハイヤー 乗務員 兼業 k
google_zh-CN_cn	日本 包车 司机 m
bing_ja-JP	ハイヤー ドライバー 紹介 英語
google_en_jp	driver jobs tokyo h
bing_en-JP	chauffeur tokyo
baidu	东京 司机 u
google_ja_jp	二種免許せ
bing_ja-JP	インバウンド ドライバー c
google_ja_jp	外国人 送迎 l
google_zh-CN_cn	日本 包车 司机 n
google_ja_jp	ハイヤー 乗務員 兼業 l
google_ja_jp	二種免許 英語と
bing_ja-JP	ハイヤー ドライバー 紹介 中国語
google_en_jp	driver jobs tokyo i
bing_en-JP	chauffeur tokyo a
baidu	东京 司机 v
google_ja_jp	二種免許そ
google_ja_jp	外国人 送迎 m
bing_ja-JP	インバウンド ドライバー d
google_ja_jp	ハイヤー 乗務員 兼業 m
google_ja_jp	二種免許 英語な
google_zh-CN_cn	日本 包车 司机 o
bing_ja-JP	外国語 ドライバー 不足
google_en_jp	driver jobs tokyo j
bing_en-JP	chauffeur tokyo b
baidu	东京 司机 w
google_ja_jp	二種免許た
bing_ja-JP	インバウンド ドライバー e
google_ja_jp	外国人 送迎 n
google_ja_jp	二種免許 英語に
google_zh-CN_cn	日本 包车 司机 p
google_ja_jp	ハイヤー 乗務員 兼業 n
bing_ja-JP	外国語 ドライバー 不足 a
bing_en-JP	chauffeur tokyo c
google_en_jp	driver jobs tokyo k
google_ja_jp	外国人 送迎 o
bing_ja-JP	インバウンド ドライバー f
google_ja_jp	二種免許ち
baidu	东京 司机 x
google_zh-CN_cn	日本 包车 司机 q
google_ja_jp	二種免許 英語ぬ
google_ja_jp	ハイヤー 乗務員 兼業 o
bing_ja-JP	外国語 ドライバー 不足 b
bing_en-JP	chauffeur tokyo d
google_en_jp	driver jobs tokyo l
bing_ja-JP	インバウンド ドライバー g
google_ja_jp	外国人 送迎 p
google_zh-CN_cn	日本 包车 司机 r
google_ja_jp	二種免許つ
google_ja_jp	二種免許 英語ね
google_ja_jp	ハイヤー 乗務員 兼業 p
baidu	东京 司机 y
bing_ja-JP	外国語 ドライバー 不足 c
bing_en-JP	chauffeur tokyo e
google_en_jp	driver jobs tokyo m
bing_ja-JP	インバウンド ドライバー h
google_ja_jp	外国人 送迎 q
google_zh-CN_cn	日本 包车 司机 s
google_ja_jp	二種免許て
google_ja_jp	二種免許 英語の
bing_ja-JP	外国語 ドライバー 不足 d
bing_en-JP	chauffeur tokyo f
google_ja_jp	ハイヤー 乗務員 兼業 q
baidu	东京 司机 z
google_en_jp	driver jobs tokyo n
bing_ja-JP	インバウンド ドライバー i
google_ja_jp	外国人 送迎 r
google_ja_jp	二種免許と
bing_ja-JP	外国語 ドライバー 不足 e
google_zh-CN_cn	日本 包车 司机 t
google_ja_jp	二種免許 英語は
bing_en-JP	chauffeur tokyo g
google_ja_jp	ハイヤー 乗務員 兼業 r
baidu	东京 司机 招聘
google_en_jp	driver jobs tokyo o
google_ja_jp	外国人 送迎 s
bing_ja-JP	外国語 ドライバー 不足 f
google_zh-CN_cn	日本 包车 司机 u
bing_ja-JP	インバウンド ドライバー j
google_ja_jp	二種免許な
google_ja_jp	二種免許 英語ひ
google_ja_jp	ハイヤー 乗務員 兼業 s
bing_en-JP	chauffeur tokyo h
google_en_jp	driver jobs tokyo p
baidu	东京 司机 价格
google_ja_jp	外国人 送迎 t
bing_ja-JP	インバウンド ドライバー k
google_ja_jp	二種免許に
google_ja_jp	二種免許 英語ふ
bing_ja-JP	外国語 ドライバー 不足 g
google_zh-CN_cn	日本 包车 司机 v
google_ja_jp	ハイヤー 乗務員 兼業 t
bing_en-JP	chauffeur tokyo i
google_en_jp	driver jobs tokyo q
baidu	东京 司机 介绍
bing_ja-JP	インバウンド ドライバー l
google_ja_jp	二種免許ぬ
google_ja_jp	外国人 送迎 u
google_ja_jp	二種免許 英語へ
google_zh-CN_cn	日本 包车 司机 w
bing_ja-JP	外国語 ドライバー 不足 h
google_ja_jp	ハイヤー 乗務員 兼業 u
bing_en-JP	chauffeur tokyo j
google_en_jp	driver jobs tokyo r
bing_ja-JP	インバウンド ドライバー m
baidu	东京 司机 东京
google_ja_jp	二種免許ね
bing_ja-JP	外国語 ドライバー 不足 i
google_ja_jp	外国人 送迎 v
google_ja_jp	二種免許 英語ほ
google_zh-CN_cn	日本 包车 司机 x
google_ja_jp	ハイヤー 乗務員 兼業 v
bing_en-JP	chauffeur tokyo k
google_en_jp	driver jobs tokyo s
bing_ja-JP	インバウンド ドライバー n
google_ja_jp	外国人 送迎 w
baidu	东京 司机 英语
google_ja_jp	二種免許 英語ま
google_ja_jp	二種免許の
bing_ja-JP	外国語 ドライバー 不足 j
google_ja_jp	ハイヤー 乗務員 兼業 w
google_zh-CN_cn	日本 包车 司机 y
google_en_jp	driver jobs tokyo t
bing_en-JP	chauffeur tokyo l
bing_ja-JP	インバウンド ドライバー o
google_ja_jp	二種免許 英語み
google_ja_jp	外国人 送迎 x
google_ja_jp	二種免許は
bing_ja-JP	外国語 ドライバー 不足 k
baidu	东京 司机 兼职
google_zh-CN_cn	日本 包车 司机 z
google_ja_jp	ハイヤー 乗務員 兼業 x
google_en_jp	driver jobs tokyo u
bing_en-JP	chauffeur tokyo m
bing_ja-JP	インバウンド ドライバー p
google_ja_jp	二種免許ひ
google_ja_jp	二種免許 英語む
google_ja_jp	外国人 送迎 y
bing_ja-JP	外国語 ドライバー 不足 l
google_zh-CN_cn	日本 包车 司机 招聘
google_en_jp	driver jobs tokyo v
baidu	东京 司机 公司
google_ja_jp	ハイヤー 乗務員 兼業 y
bing_en-JP	chauffeur tokyo n
bing_ja-JP	インバウンド ドライバー q
google_ja_jp	二種免許 英語め
google_ja_jp	外国人 送迎 z
google_ja_jp	二種免許ふ
bing_ja-JP	外国語 ドライバー 不足 m
google_zh-CN_cn	日本 包车 司机 价格
google_en_jp	driver jobs tokyo w
google_ja_jp	ハイヤー 乗務員 兼業 z
baidu	日本 司机 招聘 a
bing_en-JP	chauffeur tokyo o
bing_ja-JP	インバウンド ドライバー r
google_ja_jp	外国人 送迎 募集
google_ja_jp	二種免許へ
google_ja_jp	二種免許 英語も
bing_ja-JP	外国語 ドライバー 不足 n
google_en_jp	driver jobs tokyo x
google_ja_jp	ハイヤー 乗務員 兼業 募集
google_zh-CN_cn	日本 包车 司机 介绍
baidu	日本 司机 招聘 b
bing_en-JP	chauffeur tokyo p
bing_ja-JP	インバウンド ドライバー s
google_ja_jp	二種免許 英語や
bing_ja-JP	外国語 ドライバー 不足 o
google_ja_jp	外国人 送迎 求人
google_ja_jp	二種免許ほ
google_en_jp	driver jobs tokyo y
google_ja_jp	ハイヤー 乗務員 兼業 求人
google_zh-CN_cn	日本 包车 司机 东京
baidu	日本 司机 招聘 c
bing_en-JP	chauffeur tokyo q
bing_ja-JP	インバウンド ドライバー t
google_ja_jp	二種免許 英語ゆ
bing_ja-JP	外国語 ドライバー 不足 p
google_en_jp	driver jobs tokyo z
google_ja_jp	二種免許ま
google_ja_jp	外国人 送迎 料金
google_zh-CN_cn	日本 包车 司机 兼职
google_ja_jp	ハイヤー 乗務員 兼業 料金
baidu	日本 司机 招聘 d
bing_ja-JP	インバウンド ドライバー u
bing_en-JP	chauffeur tokyo r
google_ja_jp	二種免許 英語よ
google_en_jp	driver jobs tokyo jobs
bing_ja-JP	外国語 ドライバー 不足 q
google_ja_jp	二種免許み
google_ja_jp	外国人 送迎 紹介
google_ja_jp	ハイヤー 乗務員 兼業 紹介
bing_en-JP	chauffeur tokyo s
bing_ja-JP	インバウンド ドライバー v
google_ja_jp	二種免許 英語ら
baidu	日本 司机 招聘 e
google_en_jp	driver jobs tokyo hiring
google_ja_jp	外国人 送迎 東京
bing_ja-JP	外国語 ドライバー 不足 r
google_zh-CN_cn	日本 包车 司机 公司
google_ja_jp	二種免許む
google_ja_jp	ハイヤー 乗務員 兼業 東京
bing_ja-JP	インバウンド ドライバー w
bing_en-JP	chauffeur tokyo t
google_ja_jp	二種免許 英語り
baidu	日本 司机 招聘 f
google_en_jp	driver jobs tokyo price
google_ja_jp	外国人 送迎 英語
google_ja_jp	二種免許め
google_zh-CN_cn	日本 二种驾照
bing_ja-JP	外国語 ドライバー 不足 s
google_ja_jp	ハイヤー 乗務員 兼業 英語
bing_ja-JP	インバウンド ドライバー x
bing_en-JP	chauffeur tokyo u
google_ja_jp	二種免許 英語る
google_ja_jp	外国人 送迎 中国語
google_ja_jp	二種免許も
bing_ja-JP	外国語 ドライバー 不足 t
baidu	日本 司机 招聘 g
google_en_jp	driver jobs tokyo agency
google_zh-CN_cn	日本 二种驾照 a
google_ja_jp	ハイヤー 乗務員 兼業 中国語
bing_en-JP	chauffeur tokyo v
bing_ja-JP	インバウンド ドライバー y
google_ja_jp	二種免許 英語れ
google_ja_jp	VIP 送迎
google_en_jp	driver jobs tokyo tokyo
bing_ja-JP	外国語 ドライバー 不足 u
google_ja_jp	二種免許や
google_zh-CN_cn	日本 二种驾照 b
baidu	日本 司机 招聘 h
google_ja_jp	ハイヤー ドライバー 紹介
bing_ja-JP	インバウンド ドライバー z
bing_en-JP	chauffeur tokyo w
google_ja_jp	VIP 送迎あ
google_ja_jp	二種免許 英語ろ
google_en_jp	driver jobs tokyo english
google_ja_jp	二種免許ゆ
google_zh-CN_cn	日本 二种驾照 c
bing_ja-JP	外国語 ドライバー 不足 v
google_ja_jp	ハイヤー ドライバー 紹介あ
baidu	日本 司机 招聘 i
bing_ja-JP	インバウンド ドライバー 募集
google_ja_jp	二種免許 英語わ
bing_en-JP	chauffeur tokyo x
google_ja_jp	VIP 送迎い
google_zh-CN_cn	日本 二种驾照 d
google_en_jp	driver jobs tokyo chinese
google_ja_jp	二種免許よ
bing_ja-JP	外国語 ドライバー 不足 w
google_ja_jp	ハイヤー ドライバー 紹介い
baidu	日本 司机 招聘 j
bing_ja-JP	インバウンド ドライバー 求人
google_ja_jp	二種免許 英語を
google_ja_jp	VIP 送迎う
bing_en-JP	chauffeur tokyo y
google_en_jp	bilingual driver
google_zh-CN_cn	日本 二种驾照 e
bing_ja-JP	外国語 ドライバー 不足 x
google_ja_jp	二種免許ら
google_ja_jp	ハイヤー ドライバー 紹介う
bing_ja-JP	インバウンド ドライバー 料金
bing_en-JP	chauffeur tokyo z
google_ja_jp	二種免許 英語ん
baidu	日本 司机 招聘 k
google_ja_jp	VIP 送迎え
google_en_jp	bilingual driver a
bing_ja-JP	外国語 ドライバー 不足 y
google_ja_jp	二種免許り
google_zh-CN_cn	日本 二种驾照 f
google_ja_jp	ハイヤー ドライバー 紹介え
bing_ja-JP	インバウンド ドライバー 紹介
google_ja_jp	二種免許 英語 a
bing_en-JP	chauffeur tokyo jobs
google_ja_jp	VIP 送迎お
google_en_jp	bilingual driver b
bing_ja-JP	外国語 ドライバー 不足 z
google_zh-CN_cn	日本 二种驾照 g
google_ja_jp	二種免許る
baidu	日本 司机 招聘 l
google_ja_jp	ハイヤー ドライバー 紹介お
bing_ja-JP	インバウンド ドライバー 東京
bing_en-JP	chauffeur tokyo hiring
google_en_jp	bilingual driver c
google_ja_jp	二種免許 英語 b
google_ja_jp	VIP 送迎か
bing_ja-JP	外国語 ドライバー 不足 募集
google_zh-CN_cn	日本 二种驾照 h
google_ja_jp	二種免許れ
google_ja_jp	ハイヤー ドライバー 紹介か
baidu	日本 司机 招聘 m
bing_en-JP	chauffeur tokyo price
google_en_jp	bilingual driver d
google_ja_jp	二種免許 英語 c
google_ja_jp	VIP 送迎き
bing_ja-JP	インバウンド ドライバー 英語
bing_ja-JP	外国語 ドライバー 不足 求人
google_ja_jp	二種免許ろ
google_zh-CN_cn	日本 二种驾照 i
baidu	日本 司机 招聘 n
bing_en-JP	chauffeur tokyo agency
google_ja_jp	VIP 送迎く
google_ja_jp	ハイヤー ドライバー 紹介き
google_en_jp	bilingual driver e
bing_ja-JP	外国語 ドライバー 不足 料金
google_ja_jp	二種免許 英語 d
bing_ja-JP	インバウンド ドライバー 中国語
google_zh-CN_cn	日本 二种驾照 j
google_ja_jp	二種免許わ
baidu	日本 司机 招聘 o
google_en_jp	bilingual driver f
bing_en-JP	chauffeur tokyo tokyo
google_ja_jp	VIP 送迎け
google_ja_jp	二種免許 英語 e
google_ja_jp	ハイヤー ドライバー 紹介く
bing_ja-JP	二種免許
bing_ja-JP	外国語 ドライバー 不足 紹介
google_ja_jp	二種免許を
google_zh-CN_cn	日本 二种驾照 k
baidu	日本 司机 招聘 p
google_en_jp	bilingual driver g
bing_en-JP	chauffeur tokyo english
google_ja_jp	ハイヤー ドライバー 紹介け
google_ja_jp	二種免許 英語 f
google_ja_jp	VIP 送迎こ
bing_ja-JP	外国語 ドライバー 不足 東京
bing_ja-JP	二種免許 a
google_zh-CN_cn	日本 二种驾照 l
google_ja_jp	二種免許ん
baidu	日本 司机 招聘 q
google_ja_jp	ハイヤー ドライバー 紹介こ
google_en_jp	bilingual driver h
google_ja_jp	VIP 送迎さ
bing_en-JP	chauffeur tokyo chinese
bing_ja-JP	外国語 ドライバー 不足 英語
bing_ja-JP	二種免許 b
google_ja_jp	二種免許 英語 g
google_zh-CN_cn	日本 二种驾照 m
google_ja_jp	二種免許 a
baidu	日本 司机 招聘 r
google_ja_jp	ハイヤー ドライバー 紹介さ
bing_en-JP	chauffeur japan
google_ja_jp	二種免許 英語 h
google_ja_jp	VIP 送迎し
google_en_jp	bilingual driver i
bing_ja-JP	二種免許 c
bing_ja-JP	外国語 ドライバー 不足 中国語
google_ja_jp	二種免許 b
google_zh-CN_cn	日本 二种驾照 n
google_ja_jp	ハイヤー ドライバー 紹介し
bing_en-JP	chauffeur japan a
google_ja_jp	VIP 送迎す
baidu	日本 司机 招聘 s
bing_ja-JP	二種免許 d
google_en_jp	bilingual driver j
google_ja_jp	二種免許 英語 i
bing_ja-JP	英語 タクシー 運転手 東京
google_ja_jp	二種免許 c
google_zh-CN_cn	日本 二种驾照 o
google_ja_jp	ハイヤー ドライバー 紹介す
google_ja_jp	VIP 送迎せ
bing_en-JP	chauffeur japan b
bing_ja-JP	英語 タクシー 運転手 東京 a
google_en_jp	bilingual driver k
bing_ja-JP	二種免許 e
baidu	日本 司机 招聘 t
google_ja_jp	二種免許 英語 j
google_ja_jp	二種免許 d
google_zh-CN_cn	日本 二种驾照 p
google_ja_jp	ハイヤー ドライバー 紹介せ
google_ja_jp	VIP 送迎そ
bing_ja-JP	英語 タクシー 運転手 東京 b
google_ja_jp	二種免許 英語 k
google_en_jp	bilingual driver l
bing_en-JP	chauffeur japan c
bing_ja-JP	二種免許 f
google_zh-CN_cn	日本 二种驾照 q
google_ja_jp	二種免許 e
baidu	日本 司机 招聘 u
google_ja_jp	VIP 送迎た
google_ja_jp	ハイヤー ドライバー 紹介そ
bing_en-JP	chauffeur japan d
google_en_jp	bilingual driver m
google_ja_jp	二種免許 英語 l
bing_ja-JP	二種免許 g
google_zh-CN_cn	日本 二种驾照 r
google_ja_jp	二種免許 f
baidu	日本 司机 招聘 v
google_ja_jp	ハイヤー ドライバー 紹介た
bing_ja-JP	英語 タクシー 運転手 東京 c
google_ja_jp	VIP 送迎ち
google_ja_jp	二種免許 英語 m
bing_en-JP	chauffeur japan e
google_en_jp	bilingual driver n
bing_ja-JP	二種免許 h
google_ja_jp	二種免許 g
google_zh-CN_cn	日本 二种驾照 s
baidu	日本 司机 招聘 w
google_ja_jp	ハイヤー ドライバー 紹介ち
bing_ja-JP	英語 タクシー 運転手 東京 d
google_ja_jp	VIP 送迎つ
google_ja_jp	二種免許 英語 n
google_en_jp	bilingual driver o
bing_en-JP	chauffeur japan f
bing_ja-JP	二種免許 i
google_ja_jp	二種免許 h
google_zh-CN_cn	日本 二种驾照 t
google_ja_jp	ハイヤー ドライバー 紹介つ
google_ja_jp	VIP 送迎て
baidu	日本 司机 招聘 x
bing_ja-JP	英語 タクシー 運転手 東京 e
google_ja_jp	二種免許 英語 o
bing_en-JP	chauffeur japan g
bing_ja-JP	二種免許 j
google_en_jp	bilingual driver p
google_ja_jp	二種免許 i
google_ja_jp	ハイヤー ドライバー 紹介て
google_zh-CN_cn	日本 二种驾照 u
google_ja_jp	VIP 送迎と
baidu	日本 司机 招聘 y
bing_ja-JP	英語 タクシー 運転手 東京 f
bing_en-JP	chauffeur japan h
google_ja_jp	二種免許 英語 p
google_en_jp	bilingual driver q
bing_ja-JP	二種免許 k
google_ja_jp	二種免許 j
google_ja_jp	ハイヤー ドライバー 紹介と
google_ja_jp	VIP 送迎な
google_zh-CN_cn	日本 二种驾照 v
bing_ja-JP	英語 タクシー 運転手 東京 g
baidu	日本 司机 招聘 z
bing_en-JP	chauffeur japan i
google_ja_jp	二種免許 英語 q
google_en_jp	bilingual driver r
bing_ja-JP	二種免許 l
google_ja_jp	ハイヤー ドライバー 紹介な
google_ja_jp	二種免許 k
google_ja_jp	VIP 送迎に
bing_ja-JP	英語 タクシー 運転手 東京 h
google_zh-CN_cn	日本 二种驾照 w
bing_en-JP	chauffeur japan j
google_ja_jp	二種免許 英語 r
baidu	日本 司机 招聘 招聘
google_en_jp	bilingual driver s
bing_ja-JP	二種免許 m
google_ja_jp	ハイヤー ドライバー 紹介に
google_ja_jp	二種免許 l
bing_ja-JP	英語 タクシー 運転手 東京 i
google_zh-CN_cn	日本 二种驾照 x
google_ja_jp	VIP 送迎ぬ
bing_en-JP	chauffeur japan k
google_ja_jp	二種免許 英語 s
bing_ja-JP	二種免許 n
google_en_jp	bilingual driver t
baidu	日本 司机 招聘 价格
google_ja_jp	ハイヤー ドライバー 紹介ぬ
google_zh-CN_cn	日本 二种驾照 y
bing_ja-JP	英語 タクシー 運転手 東京 j
google_ja_jp	二種免許 m
google_ja_jp	VIP 送迎ね
bing_en-JP	chauffeur japan l
google_ja_jp	二種免許 英語 t
google_en_jp	bilingual driver u
bing_ja-JP	二種免許 o
baidu	日本 司机 招聘 介绍
google_ja_jp	ハイヤー ドライバー 紹介ね
google_zh-CN_cn	日本 二种驾照 z
bing_ja-JP	英語 タクシー 運転手 東京 k
google_ja_jp	二種免許 n
google_ja_jp	二種免許 英語 u
bing_en-JP	chauffeur japan m
google_en_jp	bilingual driver v
bing_ja-JP	二種免許 p
baidu	日本 司机 招聘 东京
google_ja_jp	ハイヤー ドライバー 紹介の
google_ja_jp	VIP 送迎の
google_zh-CN_cn	日本 二种驾照 招聘
bing_ja-JP	英語 タクシー 運転手 東京 l
google_ja_jp	二種免許 英語 v
google_ja_jp	二種免許 o
bing_ja-JP	二種免許 q
bing_en-JP	chauffeur japan n
google_en_jp	bilingual driver w
google_ja_jp	ハイヤー ドライバー 紹介は
baidu	日本 司机 招聘 英语
google_ja_jp	VIP 送迎は
google_zh-CN_cn	日本 二种驾照 价格
bing_ja-JP	英語 タクシー 運転手 東京 m
google_ja_jp	二種免許 p
bing_ja-JP	二種免許 r
bing_en-JP	chauffeur japan o
google_en_jp	bilingual driver x
google_ja_jp	二種免許 英語 w
google_ja_jp	ハイヤー ドライバー 紹介ひ
baidu	日本 司机 招聘 兼职
google_ja_jp	VIP 送迎ひ
google_zh-CN_cn	日本 二种驾照 介绍
bing_ja-JP	英語 タクシー 運転手 東京 n
google_ja_jp	二種免許 q
bing_ja-JP	二種免許 s
bing_en-JP	chauffeur japan p
google_ja_jp	二種免許 英語 x
google_en_jp	bilingual driver y
google_ja_jp	ハイヤー ドライバー 紹介ふ
baidu	日本 司机 招聘 公司
google_ja_jp	VIP 送迎ふ
google_zh-CN_cn	日本 二种驾照 东京
google_ja_jp	二種免許 r
bing_ja-JP	英語 タクシー 運転手 東京 o
bing_ja-JP	二種免許 t
bing_en-JP	chauffeur japan q
google_en_jp	bilingual driver z
google_ja_jp	二種免許 英語 y
google_ja_jp	ハイヤー ドライバー 紹介へ
google_ja_jp	VIP 送迎へ
baidu	日本 包车 司机
google_ja_jp	二種免許 s
google_zh-CN_cn	日本 二种驾照 英语
bing_ja-JP	英語 タクシー 運転手 東京 p
bing_ja-JP	二種免許 u
bing_en-JP	chauffeur japan r
google_en_jp	bilingual driver jobs
google_ja_jp	二種免許 英語 z
google_ja_jp	ハイヤー ドライバー 紹介ほ
google_ja_jp	VIP 送迎ほ
google_zh-CN_cn	日本 二种驾照 兼职
bing_ja-JP	英語 タクシー 運転手 東京 q
google_ja_jp	二種免許 t
baidu	日本 包车 司机 a
bing_ja-JP	二種免許 v
bing_en-JP	chauffeur japan s
google_ja_jp	二種免許 英語 募集
google_en_jp	bilingual driver hiring
google_ja_jp	ハイヤー ドライバー 紹介ま
google_ja_jp	VIP 送迎ま
google_zh-CN_cn	日本 二种驾照 公司
bing_ja-JP	英語 タクシー 運転手 東京 r
google_ja_jp	二種免許 u
baidu	日本 包车 司机 b
bing_en-JP	chauffeur japan t
bing_ja-JP	二種免許 w
google_en_jp	bilingual driver price
google_ja_jp	二種免許 英語 求人
google_ja_jp	ハイヤー ドライバー 紹介み
google_ja_jp	VIP 送迎み
google_zh-CN_cn	东京 包车
google_ja_jp	二種免許 v
bing_ja-JP	英語 タクシー 運転手 東京 s
bing_en-JP	chauffeur japan u
bing_ja-JP	二種免許 x
baidu	日本 包车 司机 c
google_en_jp	bilingual driver agency
google_ja_jp	ハイヤー ドライバー 紹介む
google_ja_jp	二種免許 英語 料金
bing_ja-JP	英語 タクシー 運転手 東京 t
google_ja_jp	VIP 送迎む
google_zh-CN_cn	东京 包车 a
bing_ja-JP	二種免許 y
google_ja_jp	二種免許 w
bing_en-JP	chauffeur japan v
google_en_jp	bilingual driver tokyo
baidu	日本 包车 司机 d
google_ja_jp	VIP 送迎め
google_ja_jp	二種免許 英語 紹介
google_zh-CN_cn	东京 包车 b
google_ja_jp	ハイヤー ドライバー 紹介め
bing_ja-JP	英語 タクシー 運転手 東京 u
google_ja_jp	二種免許 x
bing_ja-JP	二種免許 z
bing_en-JP	chauffeur japan w
google_en_jp	bilingual driver english
baidu	日本 包车 司机 e
google_zh-CN_cn	东京 包车 c
google_ja_jp	VIP 送迎も
google_ja_jp	二種免許 英語 東京
google_ja_jp	ハイヤー ドライバー 紹介も
bing_ja-JP	英語 タクシー 運転手 東京 v
bing_en-JP	chauffeur japan x
bing_ja-JP	二種免許 募集
google_ja_jp	二種免許 y
google_en_jp	bilingual driver chinese
baidu	日本 包车 司机 f
google_zh-CN_cn	东京 包车 d
google_ja_jp	ハイヤー ドライバー 紹介や
google_ja_jp	VIP 送迎や
bing_ja-JP	英語 タクシー 運転手 東京 w
bing_en-JP	chauffeur japan y
google_ja_jp	二種免許 英語 英語
bing_ja-JP	二種免許 求人
google_ja_jp	二種免許 z
google_zh-CN_jp	日本 包车 司机 英语
baidu	日本 包车 司机 g
google_zh-CN_cn	东京 包车 e
bing_ja-JP	英語 タクシー 運転手 東京 x
google_ja_jp	VIP 送迎ゆ
google_ja_jp	二種免許 募集
google_ja_jp	ハイヤー ドライバー 紹介ゆ
bing_en-JP	chauffeur japan z
bing_ja-JP	二種免許 料金
google_ja_jp	二種免許 英語 中国語
google_zh-CN_jp	日本 包车 司机 英语 a
google_zh-CN_cn	东京 包车 f
google_ja_jp	ハイヤー ドライバー 紹介よ
baidu	日本 包车 司机 h
google_ja_jp	多言語 ドライバー 東京あ
google_ja_jp	VIP 送迎よ
google_ja_jp	二種免許 求人
bing_ja-JP	英語 タクシー 運転手 東京 y
bing_en-JP	chauffeur japan jobs
bing_ja-JP	二種免許 紹介
google_zh-CN_jp	日本 包车 司机 英语 b
google_zh-CN_cn	东京 包车 g
google_ja_jp	ハイヤー ドライバー 紹介ら
google_ja_jp	多言語 ドライバー 東京い
bing_ja-JP	英語 タクシー 運転手 東京 z
google_ja_jp	二種免許 料金
google_ja_jp	VIP 送迎ら
baidu	日本 包车 司机 i
bing_en-JP	chauffeur japan hiring
bing_ja-JP	二種免許 東京
google_zh-CN_jp	日本 包车 司机 英语 c
google_zh-CN_cn	东京 包车 h
google_ja_jp	ハイヤー ドライバー 紹介り
google_ja_jp	多言語 ドライバー 東京う
bing_ja-JP	英語 タクシー 運転手 東京 募集
google_ja_jp	VIP 送迎り
bing_en-JP	chauffeur japan price
baidu	日本 包车 司机 j
bing_ja-JP	二種免許 中国語
google_zh-CN_jp	日本 包车 司机 英语 d
google_ja_jp	二種免許 紹介
google_zh-CN_cn	东京 包车 i
google_ja_jp	ハイヤー ドライバー 紹介る
google_ja_jp	多言語 ドライバー 東京え
bing_ja-JP	英語 タクシー 運転手 東京 求人
google_ja_jp	VIP 送迎る
baidu	日本 包车 司机 k
bing_ja-JP	二種免許 外国人
bing_en-JP	chauffeur japan agency
google_ja_jp	二種免許 東京
google_zh-CN_jp	日本 包车 司机 英语 e
google_zh-CN_cn	东京 包车 j
google_ja_jp	ハイヤー ドライバー 紹介れ
google_ja_jp	多言語 ドライバー 東京お
bing_ja-JP	英語 タクシー 運転手 東京 料金
google_ja_jp	VIP 送迎れ
bing_en-JP	chauffeur japan tokyo
bing_ja-JP	二種免許 外国人 a
baidu	日本 包车 司机 l
google_zh-CN_jp	日本 包车 司机 英语 f
google_ja_jp	二種免許 中国語
google_ja_jp	ハイヤー ドライバー 紹介ろ
google_ja_jp	多言語 ドライバー 東京か
bing_ja-JP	英語 タクシー 運転手 東京 紹介
google_ja_jp	VIP 送迎ろ
bing_ja-JP	二種免許 外国人 b
bing_en-JP	chauffeur japan english
google_zh-CN_cn	东京 包车 k
google_ja_jp	二種免許 外国人
google_zh-CN_jp	日本 包车 司机 英语 g
baidu	日本 包车 司机 m
google_ja_jp	ハイヤー ドライバー 紹介わ
bing_ja-JP	英語 タクシー 運転手 東京 東京
google_ja_jp	多言語 ドライバー 東京き
google_ja_jp	VIP 送迎わ
bing_ja-JP	二種免許 外国人 c
bing_en-JP	chauffeur japan chinese
google_zh-CN_cn	东京 包车 l
google_ja_jp	二種免許 外国人あ
google_zh-CN_jp	日本 包车 司机 英语 h
baidu	日本 包车 司机 n
google_ja_jp	ハイヤー ドライバー 紹介を
bing_ja-JP	英語 タクシー 運転手 東京 英語
google_ja_jp	多言語 ドライバー 東京く
bing_ja-JP	二種免許 外国人 d
google_ja_jp	VIP 送迎を
bing_en-JP	driver jobs japan
google_ja_jp	二種免許 外国人い
google_zh-CN_jp	日本 包车 司机 英语 i
google_zh-CN_cn	东京 包车 m
baidu	日本 包车 司机 o
google_ja_jp	多言語 ドライバー 東京け
google_ja_jp	ハイヤー ドライバー 紹介ん
bing_ja-JP	英語 タクシー 運転手 東京 中国語
bing_ja-JP	二種免許 外国人 e
google_ja_jp	VIP 送迎ん
google_ja_jp	二種免許 外国人う
bing_en-JP	driver jobs japan a
google_zh-CN_jp	日本 包车 司机 英语 j
google_zh-CN_cn	东京 包车 n
bing_ja-JP	ハイヤー ドライバー
baidu	日本 包车 司机 p
google_ja_jp	ハイヤー ドライバー 紹介 a
google_ja_jp	多言語 ドライバー 東京こ
bing_ja-JP	二種免許 外国人 f
google_ja_jp	VIP 送迎 a
bing_en-JP	driver jobs japan b
google_ja_jp	二種免許 外国人え
google_zh-CN_cn	东京 包车 o
google_zh-CN_jp	日本 包车 司机 英语 k
baidu	日本 包车 司机 q
google_ja_jp	ハイヤー ドライバー 紹介 b
bing_ja-JP	ハイヤー ドライバー a
google_ja_jp	多言語 ドライバー 東京さ
bing_ja-JP	二種免許 外国人 g
google_ja_jp	VIP 送迎 b
google_ja_jp	二種免許 外国人お
bing_en-JP	driver jobs japan c
google_zh-CN_cn	东京 包车 p
google_zh-CN_jp	日本 包车 司机 英语 l
bing_ja-JP	ハイヤー ドライバー b
google_ja_jp	ハイヤー ドライバー 紹介 c
google_ja_jp	多言語 ドライバー 東京し
baidu	日本 包车 司机 r
bing_ja-JP	二種免許 外国人 h
google_ja_jp	VIP 送迎 c
google_zh-CN_cn	东京 包车 q
google_ja_jp	二種免許 外国人か
bing_en-JP	driver jobs japan d
google_zh-CN_jp	日本 包车 司机 英语 m
google_ja_jp	ハイヤー ドライバー 紹介 d
bing_ja-JP	ハイヤー ドライバー c
baidu	日本 包车 司机 s
bing_ja-JP	二種免許 外国人 i
google_ja_jp	多言語 ドライバー 東京す
google_ja_jp	二種免許 外国人き
google_ja_jp	VIP 送迎 d
bing_en-JP	driver jobs japan e
google_zh-CN_cn	东京 包车 r
google_zh-CN_jp	日本 包车 司机 英语 n
google_ja_jp	ハイヤー ドライバー 紹介 e
bing_ja-JP	二種免許 外国人 j
bing_ja-JP	ハイヤー ドライバー d
google_ja_jp	多言語 ドライバー 東京せ
baidu	日本 包车 司机 t
google_ja_jp	VIP 送迎 e
google_ja_jp	二種免許 外国人く
bing_en-JP	driver jobs japan f
google_zh-CN_cn	东京 包车 s
google_zh-CN_jp	日本 包车 司机 英语 o
google_ja_jp	ハイヤー ドライバー 紹介 f
bing_ja-JP	ハイヤー ドライバー e
bing_ja-JP	二種免許 外国人 k
google_ja_jp	多言語 ドライバー 東京そ
bing_en-JP	driver jobs japan g
google_ja_jp	VIP 送迎 f
google_ja_jp	二種免許 外国人け
baidu	日本 包车 司机 u
google_zh-CN_cn	东京 包车 t
google_zh-CN_jp	日本 包车 司机 英语 p
google_ja_jp	ハイヤー ドライバー 紹介 g
bing_ja-JP	二種免許 外国人 l
bing_ja-JP	ハイヤー ドライバー f
google_ja_jp	多言語 ドライバー 東京た
google_ja_jp	二種免許 外国人こ
bing_en-JP	driver jobs japan h
google_ja_jp	VIP 送迎 g
google_zh-CN_cn	东京 包车 u
baidu	日本 包车 司机 v
google_zh-CN_jp	日本 包车 司机 英语 q
bing_ja-JP	二種免許 外国人 m
bing_ja-JP	ハイヤー ドライバー g
google_ja_jp	ハイヤー ドライバー 紹介 h
google_ja_jp	多言語 ドライバー 東京ち
bing_en-JP	driver jobs japan i
google_ja_jp	二種免許 外国人さ
google_zh-CN_cn	东京 包车 v
google_ja_jp	VIP 送迎 h
baidu	日本 包车 司机 w
google_zh-CN_jp	日本 包车 司机 英语 r
bing_ja-JP	二種免許 外国人 n
bing_ja-JP	ハイヤー ドライバー h
google_ja_jp	多言語 ドライバー 東京つ
google_ja_jp	ハイヤー ドライバー 紹介 i
bing_en-JP	driver jobs japan j
google_ja_jp	二種免許 外国人し
google_ja_jp	VIP 送迎 i
google_zh-CN_cn	东京 包车 w
baidu	日本 包车 司机 x
google_zh-CN_jp	日本 包车 司机 英语 s
bing_ja-JP	二種免許 外国人 o
google_ja_jp	多言語 ドライバー 東京て
bing_ja-JP	ハイヤー ドライバー i
bing_en-JP	driver jobs japan k
google_ja_jp	ハイヤー ドライバー 紹介 j
google_zh-CN_cn	东京 包车 x
google_ja_jp	二種免許 外国人す
google_ja_jp	VIP 送迎 j
google_zh-CN_jp	日本 包车 司机 英语 t
bing_ja-JP	二種免許 外国人 p
baidu	日本 包车 司机 y
google_ja_jp	多言語 ドライバー 東京と
bing_ja-JP	ハイヤー ドライバー j
bing_en-JP	driver jobs japan l
google_ja_jp	ハイヤー ドライバー 紹介 k
google_ja_jp	二種免許 外国人せ
google_zh-CN_cn	东京 包车 y
google_ja_jp	VIP 送迎 k
google_zh-CN_jp	日本 包车 司机 英语 u
bing_ja-JP	二種免許 外国人 q
bing_ja-JP	ハイヤー ドライバー k
bing_en-JP	driver jobs japan m
google_ja_jp	多言語 ドライバー 東京な
baidu	日本 包车 司机 z
google_zh-CN_cn	东京 包车 z
google_ja_jp	ハイヤー ドライバー 紹介 l
google_ja_jp	二種免許 外国人そ
google_ja_jp	VIP 送迎 l
google_zh-CN_jp	日本 包车 司机 英语 v
bing_ja-JP	二種免許 外国人 r
bing_ja-JP	ハイヤー ドライバー l
google_ja_jp	多言語 ドライバー 東京に
bing_en-JP	driver jobs japan n
google_zh-CN_cn	东京 包车 招聘
baidu	日本 包车 司机 招聘
google_ja_jp	ハイヤー ドライバー 紹介 m
google_ja_jp	二種免許 外国人た
google_ja_jp	VIP 送迎 m
google_zh-CN_jp	日本 包车 司机 英语 w
bing_ja-JP	二種免許 外国人 s
google_ja_jp	多言語 ドライバー 東京ぬ
bing_ja-JP	ハイヤー ドライバー m
bing_en-JP	driver jobs japan o
google_zh-CN_cn	东京 包车 价格
google_ja_jp	二種免許 外国人ち
baidu	日本 包车 司机 价格
google_ja_jp	ハイヤー ドライバー 紹介 n
google_ja_jp	VIP 送迎 n
google_zh-CN_jp	日本 包车 司机 英语 x
google_ja_jp	多言語 ドライバー 東京ね
bing_ja-JP	二種免許 外国人 t
google_zh-CN_cn	东京 包车 介绍
bing_ja-JP	ハイヤー ドライバー n
bing_en-JP	driver jobs japan p
google_ja_jp	二種免許 外国人つ
google_ja_jp	VIP 送迎 o
baidu	日本 包车 司机 介绍
google_ja_jp	ハイヤー ドライバー 紹介 o
google_zh-CN_jp	日本 包车 司机 英语 y
bing_ja-JP	二種免許 外国人 u
google_ja_jp	多言語 ドライバー 東京の
google_zh-CN_cn	东京 包车 东京
bing_en-JP	driver jobs japan q
bing_ja-JP	ハイヤー ドライバー o
google_ja_jp	二種免許 外国人て
google_ja_jp	VIP 送迎 p
baidu	日本 包车 司机 东京
google_ja_jp	ハイヤー ドライバー 紹介 p
google_zh-CN_jp	日本 包车 司机 英语 z
bing_ja-JP	二種免許 外国人 v
google_ja_jp	多言語 ドライバー 東京は
google_zh-CN_cn	东京 包车 英语
bing_en-JP	driver jobs japan r
bing_ja-JP	ハイヤー ドライバー p
google_ja_jp	二種免許 外国人と
google_ja_jp	VIP 送迎 q
google_ja_jp	ハイヤー ドライバー 紹介 q
baidu	日本 包车 司机 兼职
google_zh-CN_jp	日本 包车 司机 英语 招聘
bing_ja-JP	二種免許 外国人 w
google_ja_jp	多言語 ドライバー 東京ひ
google_zh-CN_cn	东京 包车 兼职
bing_en-JP	driver jobs japan s
google_ja_jp	VIP 送迎 r
bing_ja-JP	ハイヤー ドライバー q
google_ja_jp	二種免許 外国人な
google_ja_jp	ハイヤー ドライバー 紹介 r
google_zh-CN_jp	日本 包车 司机 英语 价格
bing_ja-JP	二種免許 外国人 x
baidu	日本 包车 司机 公司
google_ja_jp	多言語 ドライバー 東京ふ
google_zh-CN_cn	东京 包车 公司
bing_en-JP	driver jobs japan t
google_ja_jp	二種免許 外国人に
bing_ja-JP	ハイヤー ドライバー r
google_ja_jp	VIP 送迎 s
google_ja_jp	ハイヤー ドライバー 紹介 s
bing_ja-JP	二種免許 外国人 y
google_zh-CN_jp	日本 包车 司机 英语 介绍
google_ja_jp	多言語 ドライバー 東京へ
baidu	日本 二种驾照
bing_en-JP	driver jobs japan u
google_ja_jp	二種免許 外国人ぬ
google_zh-CN_cn	日本 专车
bing_ja-JP	ハイヤー ドライバー s
google_ja_jp	VIP 送迎 t
bing_ja-JP	二種免許 外国人 z
google_ja_jp	ハイヤー ドライバー 紹介 t
google_zh-CN_jp	日本 包车 司机 英语 东京
google_ja_jp	多言語 ドライバー 東京ほ
baidu	日本 二种驾照 a
google_ja_jp	二種免許 外国人ね
bing_en-JP	driver jobs japan v
bing_ja-JP	ハイヤー ドライバー t
google_zh-CN_cn	日本 专车 a
google_ja_jp	VIP 送迎 u
google_ja_jp	ハイヤー ドライバー 紹介 u
bing_ja-JP	二種免許 外国人 募集
google_zh-CN_jp	日本 包车 司机 英语 英语
google_ja_jp	多言語 ドライバー 東京ま
baidu	日本 二种驾照 b
bing_en-JP	driver jobs japan w
google_zh-CN_cn	日本 专车 b
google_ja_jp	二種免許 外国人の
bing_ja-JP	ハイヤー ドライバー u
google_ja_jp	VIP 送迎 v
bing_ja-JP	二種免許 外国人 求人
google_ja_jp	ハイヤー ドライバー 紹介 v
google_zh-CN_jp	日本 包车 司机 英语 兼职
google_ja_jp	多言語 ドライバー 東京み
baidu	日本 二种驾照 c
bing_en-JP	driver jobs japan x
google_ja_jp	二種免許 外国人は
google_zh-CN_cn	日本 专车 c
bing_ja-JP	ハイヤー ドライバー v
google_ja_jp	VIP 送迎 w
google_ja_jp	ハイヤー ドライバー 紹介 w
bing_ja-JP	二種免許 外国人 料金
google_zh-CN_jp	日本 包车 司机 英语 公司
google_ja_jp	多言語 ドライバー 東京む
google_ja_jp	二種免許 外国人ひ
baidu	日本 二种驾照 d
bing_en-JP	driver jobs japan y
google_zh-CN_cn	日本 专车 d
bing_ja-JP	ハイヤー ドライバー w
google_ja_jp	VIP 送迎 x
google_ja_jp	ハイヤー ドライバー 紹介 x
google_ja_jp	多言語 ドライバー 東京め
bing_ja-JP	二種免許 外国人 紹介
google_zh-CN_jp	东京 英语司机
google_ja_jp	二種免許 外国人ふ
google_zh-CN_cn	日本 专车 e
bing_en-JP	driver jobs japan z
baidu	日本 二种驾照 e
bing_ja-JP	ハイヤー ドライバー x
google_ja_jp	VIP 送迎 y
google_ja_jp	ハイヤー ドライバー 紹介 y
bing_ja-JP	二種免許 外国人 東京
google_ja_jp	多言語 ドライバー 東京も
google_ja_jp	二種免許 外国人へ
google_zh-CN_jp	东京 英语司机 a
google_zh-CN_cn	日本 专车 f
bing_en-JP	driver jobs japan jobs
bing_ja-JP	ハイヤー ドライバー y
google_ja_jp	VIP 送迎 z
baidu	日本 二种驾照 f
google_ja_jp	多言語 ドライバー 東京や
bing_ja-JP	二種免許 外国人 英語
google_ja_jp	ハイヤー ドライバー 紹介 z
google_zh-CN_jp	东京 英语司机 b
google_zh-CN_cn	日本 专车 g
google_ja_jp	二種免許 外国人ほ
bing_en-JP	driver jobs japan hiring
bing_ja-JP	ハイヤー ドライバー z
google_ja_jp	VIP 送迎 募集
google_ja_jp	多言語 ドライバー 東京ゆ
bing_ja-JP	二種免許 外国人 中国語
google_ja_jp	ハイヤー ドライバー 紹介 募集
google_zh-CN_jp	东京 英语司机 c
google_zh-CN_cn	日本 专车 h
google_ja_jp	二種免許 外国人ま
bing_en-JP	driver jobs japan price
baidu	日本 二种驾照 g
google_ja_jp	VIP 送迎 求人
bing_ja-JP	ハイヤー ドライバー 募集
google_ja_jp	多言語 ドライバー 東京よ
bing_ja-JP	多言語 ドライバー
google_ja_jp	二種免許 外国人み
google_zh-CN_jp	东京 英语司机 d
google_zh-CN_cn	日本 专车 i
bing_en-JP	driver jobs japan agency
google_ja_jp	VIP 送迎 料金
google_ja_jp	ハイヤー ドライバー 紹介 求人
baidu	日本 二种驾照 h
bing_ja-JP	ハイヤー ドライバー 求人
bing_ja-JP	多言語 ドライバー a
google_ja_jp	多言語 ドライバー 東京ら
google_zh-CN_jp	东京 英语司机 e
google_ja_jp	二種免許 外国人む
google_zh-CN_cn	日本 专车 j
bing_en-JP	driver jobs japan tokyo
google_ja_jp	VIP 送迎 紹介
bing_ja-JP	ハイヤー ドライバー 料金
baidu	日本 二种驾照 i
google_ja_jp	ハイヤー ドライバー 紹介 料金
google_ja_jp	多言語 ドライバー 東京り
bing_ja-JP	多言語 ドライバー b
google_ja_jp	二種免許 外国人め
google_zh-CN_cn	日本 专车 k
google_zh-CN_jp	东京 英语司机 f
google_ja_jp	VIP 送迎 東京
bing_en-JP	driver jobs japan english
bing_ja-JP	ハイヤー ドライバー 東京
google_ja_jp	ハイヤー ドライバー 紹介 紹介
baidu	日本 二种驾照 j
google_ja_jp	多言語 ドライバー 東京る
bing_ja-JP	多言語 ドライバー c
google_zh-CN_cn	日本 专车 l
google_zh-CN_jp	东京 英语司机 g
google_ja_jp	VIP 送迎 英語
bing_en-JP	driver jobs japan chinese
google_ja_jp	二種免許 外国人も
bing_ja-JP	ハイヤー ドライバー 英語
google_ja_jp	ハイヤー ドライバー 紹介 東京
bing_ja-JP	多言語 ドライバー d
google_ja_jp	多言語 ドライバー 東京れ
baidu	日本 二种驾照 k
bing_en-JP	driver jobs tokyo
bing_ja-JP	ハイヤー ドライバー 中国語
google_ja_jp	VIP 送迎 中国語
google_zh-CN_cn	日本 专车 m
google_zh-CN_jp	东京 英语司机 h
google_ja_jp	二種免許 外国人や
google_ja_jp	ハイヤー ドライバー 紹介 英語
bing_ja-JP	多言語 ドライバー e
google_ja_jp	多言語 ドライバー 東京ろ
google_ja_jp	英語 タクシー
baidu	日本 二种驾照 l
bing_ja-JP	ハイヤー 乗務員
google_zh-CN_cn	日本 专车 n
bing_en-JP	driver jobs tokyo a
google_zh-CN_jp	东京 英语司机 i
google_ja_jp	二種免許 外国人ゆ
google_ja_jp	ハイヤー ドライバー 紹介 中国語
bing_ja-JP	多言語 ドライバー f
google_ja_jp	多言語 ドライバー 東京わ
google_ja_jp	英語 タクシーあ
google_zh-CN_cn	日本 专车 o
bing_ja-JP	ハイヤー 乗務員 a
bing_en-JP	driver jobs tokyo b
baidu	日本 二种驾照 m
google_zh-CN_jp	东京 英语司机 j
google_ja_jp	二種免許 外国人よ
google_ja_jp	外国語 ドライバー 不足
bing_ja-JP	多言語 ドライバー g
google_ja_jp	多言語 ドライバー 東京を
google_ja_jp	英語 タクシーい
google_zh-CN_cn	日本 专车 p
bing_ja-JP	ハイヤー 乗務員 b
bing_en-JP	driver jobs tokyo c
google_zh-CN_jp	东京 英语司机 k
google_ja_jp	二種免許 外国人ら
baidu	日本 二种驾照 n
google_ja_jp	外国語 ドライバー 不足あ
bing_ja-JP	多言語 ドライバー h
bing_ja-JP	ハイヤー 乗務員 c
google_ja_jp	多言語 ドライバー 東京ん
google_ja_jp	英語 タクシーう
google_zh-CN_cn	日本 专车 q
google_ja_jp	二種免許 外国人り
bing_en-JP	driver jobs tokyo d
google_zh-CN_jp	东京 英语司机 l
baidu	日本 二种驾照 o
google_ja_jp	外国語 ドライバー 不足い
bing_ja-JP	多言語 ドライバー i
bing_ja-JP	ハイヤー 乗務員 d
google_ja_jp	英語 タクシーえ
google_zh-CN_cn	日本 专车 r
google_ja_jp	多言語 ドライバー 東京 a
google_ja_jp	二種免許 外国人る
bing_en-JP	driver jobs tokyo e
google_zh-CN_jp	东京 英语司机 m
google_ja_jp	外国語 ドライバー 不足う
bing_ja-JP	多言語 ドライバー j
baidu	日本 二种驾照 p
bing_ja-JP	ハイヤー 乗務員 e
google_ja_jp	英語 タクシーお
google_ja_jp	多言語 ドライバー 東京 b
google_zh-CN_cn	日本 专车 s
bing_en-JP	driver jobs tokyo f
google_ja_jp	二種免許 外国人れ
google_zh-CN_jp	东京 英语司机 n
google_ja_jp	外国語 ドライバー 不足え
bing_ja-JP	多言語 ドライバー k
google_ja_jp	英語 タクシーか
baidu	日本 二种驾照 q
bing_ja-JP	ハイヤー 乗務員 f
google_zh-CN_cn	日本 专车 t
google_ja_jp	多言語 ドライバー 東京 c
bing_en-JP	driver jobs tokyo g
google_ja_jp	二種免許 外国人ろ
google_ja_jp	外国語 ドライバー 不足お
google_zh-CN_jp	东京 英语司机 o
bing_ja-JP	多言語 ドライバー l
google_zh-CN_cn	日本 专车 u
google_ja_jp	英語 タクシーき
google_ja_jp	多言語 ドライバー 東京 d
bing_ja-JP	ハイヤー 乗務員 g
baidu	日本 二种驾照 r
google_ja_jp	二種免許 外国人わ
bing_en-JP	driver jobs tokyo h
google_zh-CN_jp	东京 英语司机 p
google_ja_jp	外国語 ドライバー 不足か
bing_ja-JP	多言語 ドライバー m
google_zh-CN_cn	日本 专车 v
google_ja_jp	英語 タクシーく
google_ja_jp	多言語 ドライバー 東京 e
bing_ja-JP	ハイヤー 乗務員 h
baidu	日本 二种驾照 s
google_ja_jp	二種免許 外国人を
bing_en-JP	driver jobs tokyo i
google_ja_jp	外国語 ドライバー 不足き
google_zh-CN_jp	东京 英语司机 q
bing_ja-JP	多言語 ドライバー n
google_zh-CN_cn	日本 专车 w
google_ja_jp	英語 タクシーけ
bing_ja-JP	ハイヤー 乗務員 i
google_ja_jp	多言語 ドライバー 東京 f
google_ja_jp	二種免許 外国人ん
baidu	日本 二种驾照 t
bing_en-JP	driver jobs tokyo j
google_zh-CN_jp	东京 英语司机 r
google_ja_jp	外国語 ドライバー 不足く
bing_ja-JP	多言語 ドライバー o
google_zh-CN_cn	日本 专车 x
bing_ja-JP	ハイヤー 乗務員 j
google_ja_jp	英語 タクシーこ
google_ja_jp	多言語 ドライバー 東京 g
baidu	日本 二种驾照 u
bing_en-JP	driver jobs tokyo k
google_zh-CN_jp	东京 英语司机 s
bing_ja-JP	多言語 ドライバー p
google_ja_jp	外国語 ドライバー 不足け
google_ja_jp	二種免許 外国人 a
google_zh-CN_cn	日本 专车 y
google_ja_jp	多言語 ドライバー 東京 h
google_ja_jp	英語 タクシーさ
bing_ja-JP	ハイヤー 乗務員 k
bing_en-JP	driver jobs tokyo l
google_zh-CN_jp	东京 英语司机 t
baidu	日本 二种驾照 v
bing_ja-JP	多言語 ドライバー q
google_ja_jp	外国語 ドライバー 不足こ
google_ja_jp	二種免許 外国人 b
google_zh-CN_cn	日本 专车 z
google_ja_jp	多言語 ドライバー 東京 i
bing_ja-JP	ハイヤー 乗務員 l
google_zh-CN_jp	东京 英语司机 u
google_ja_jp	英語 タクシーし
bing_ja-JP	多言語 ドライバー r
bing_en-JP	driver jobs tokyo m
baidu	日本 二种驾照 w
google_ja_jp	外国語 ドライバー 不足さ
google_ja_jp	二種免許 外国人 c
google_ja_jp	多言語 ドライバー 東京 j
google_zh-CN_cn	日本 专车 招聘
bing_ja-JP	ハイヤー 乗務員 m
google_zh-CN_jp	东京 英语司机 v
bing_ja-JP	多言語 ドライバー s
bing_en-JP	driver jobs tokyo n
google_ja_jp	外国語 ドライバー 不足し
google_ja_jp	二種免許 外国人 d
baidu	日本 二种驾照 x
google_ja_jp	英語 タクシーす
bing_ja-JP	ハイヤー 乗務員 n
google_zh-CN_cn	日本 专车 价格
google_ja_jp	多言語 ドライバー 東京 k
google_zh-CN_jp	东京 英语司机 w
bing_en-JP	driver jobs tokyo o
bing_ja-JP	多言語 ドライバー t
google_ja_jp	二種免許 外国人 e
google_ja_jp	外国語 ドライバー 不足す
baidu	日本 二种驾照 y
google_ja_jp	英語 タクシーせ
google_zh-CN_cn	日本 专车 介绍
google_ja_jp	多言語 ドライバー 東京 l
bing_ja-JP	ハイヤー 乗務員 o
bing_en-JP	driver jobs tokyo p
google_zh-CN_jp	东京 英语司机 x
bing_ja-JP	多言語 ドライバー u
google_ja_jp	二種免許 外国人 f
google_ja_jp	外国語 ドライバー 不足せ
baidu	日本 二种驾照 z
google_zh-CN_cn	日本 专车 东京
google_ja_jp	英語 タクシーそ
bing_en-JP	driver jobs tokyo q
google_ja_jp	多言語 ドライバー 東京 m
bing_ja-JP	ハイヤー 乗務員 p
google_zh-CN_jp	东京 英语司机 y
bing_ja-JP	多言語 ドライバー v
google_ja_jp	二種免許 外国人 g
google_ja_jp	外国語 ドライバー 不足そ
baidu	日本 二种驾照 招聘
google_ja_jp	英語 タクシーた
google_zh-CN_cn	日本 专车 英语
bing_ja-JP	ハイヤー 乗務員 q
bing_en-JP	driver jobs tokyo r
google_ja_jp	多言語 ドライバー 東京 n
google_zh-CN_jp	东京 英语司机 z
bing_ja-JP	多言語 ドライバー w
google_ja_jp	二種免許 外国人 h
google_ja_jp	外国語 ドライバー 不足た
google_zh-CN_cn	日本 专车 兼职
google_ja_jp	英語 タクシーち
bing_en-JP	driver jobs tokyo s
google_ja_jp	多言語 ドライバー 東京 o
bing_ja-JP	ハイヤー 乗務員 r
baidu	日本 二种驾照 价格
bing_ja-JP	多言語 ドライバー x
google_zh-CN_jp	东京 英语司机 招聘
google_ja_jp	二種免許 外国人 i
google_ja_jp	外国語 ドライバー 不足ち
google_zh-CN_cn	日本 专车 公司
google_ja_jp	英語 タクシーつ
bing_ja-JP	ハイヤー 乗務員 s
google_ja_jp	多言語 ドライバー 東京 p
bing_en-JP	driver jobs tokyo t
baidu	日本 二种驾照 介绍
bing_ja-JP	多言語 ドライバー y
google_ja_jp	外国語 ドライバー 不足つ
google_ja_jp	二種免許 外国人 j
google_zh-CN_jp	东京 英语司机 价格
google_ja_jp	英語 タクシーて
google_ja_jp	多言語 ドライバー 東京 q
bing_ja-JP	ハイヤー 乗務員 t
bing_en-JP	driver jobs tokyo u
bing_ja-JP	多言語 ドライバー z
baidu	日本 二种驾照 东京
google_ja_jp	外国語 ドライバー 不足て
google_zh-CN_jp	东京 英语司机 介绍
google_ja_jp	二種免許 外国人 k
google_ja_jp	英語 タクシーと
google_ja_jp	多言語 ドライバー 東京 r
bing_ja-JP	ハイヤー 乗務員 u
bing_en-JP	driver jobs tokyo v
bing_ja-JP	多言語 ドライバー 募集
google_ja_jp	外国語 ドライバー 不足と
baidu	日本 二种驾照 英语
google_zh-CN_jp	东京 英语司机 东京
google_ja_jp	二種免許 外国人 l
google_ja_jp	多言語 ドライバー 東京 s
bing_en-JP	driver jobs tokyo w
bing_ja-JP	ハイヤー 乗務員 v
google_ja_jp	英語 タクシーな
bing_ja-JP	多言語 ドライバー 求人
google_ja_jp	外国語 ドライバー 不足な
google_ja_jp	二種免許 外国人 m
google_zh-CN_jp	东京 英语司机 英语
baidu	日本 二种驾照 兼职
google_ja_jp	多言語 ドライバー 東京 t
bing_en-JP	driver jobs tokyo x
bing_ja-JP	ハイヤー 乗務員 w
google_ja_jp	英語 タクシーに
bing_ja-JP	多言語 ドライバー 料金
google_ja_jp	外国語 ドライバー 不足に
google_ja_jp	二種免許 外国人 n
google_zh-CN_jp	东京 英语司机 兼职
baidu	日本 二种驾照 公司
google_ja_jp	多言語 ドライバー 東京 u
bing_en-JP	driver jobs tokyo y
bing_ja-JP	ハイヤー 乗務員 x
google_ja_jp	英語 タクシーぬ
google_ja_jp	外国語 ドライバー 不足ぬ
bing_ja-JP	多言語 ドライバー 紹介
google_zh-CN_jp	东京 英语司机 公司
google_ja_jp	二種免許 外国人 o
google_ja_jp	多言語 ドライバー 東京 v
bing_en-JP	driver jobs tokyo z
bing_ja-JP	ハイヤー 乗務員 y
google_ja_jp	英語 タクシーね
baidu	东京 包车
google_ja_jp	外国語 ドライバー 不足ね
bing_ja-JP	多言語 ドライバー 英語
google_zh-CN_jp	日本 二种驾照 司机
google_ja_jp	二種免許 外国人 p
google_ja_jp	多言語 ドライバー 東京 w
bing_en-JP	driver jobs tokyo jobs
bing_ja-JP	ハイヤー 乗務員 z
google_ja_jp	英語 タクシーの
google_ja_jp	外国語 ドライバー 不足の
google_zh-CN_jp	日本 二种驾照 司机 a
baidu	东京 包车 a
bing_ja-JP	多言語 ドライバー 中国語
google_ja_jp	二種免許 外国人 q
google_ja_jp	多言語 ドライバー 東京 x
bing_ja-JP	ハイヤー 乗務員 募集
google_ja_jp	英語 タクシーは
bing_en-JP	driver jobs tokyo hiring
google_ja_jp	外国語 ドライバー 不足は
google_zh-CN_jp	日本 二种驾照 司机 b
bing_ja-JP	外国人 送迎
baidu	东京 包车 b
google_ja_jp	二種免許 外国人 r
google_ja_jp	多言語 ドライバー 東京 y
bing_ja-JP	ハイヤー 乗務員 求人
bing_en-JP	driver jobs tokyo price
google_zh-CN_jp	日本 二种驾照 司机 c
google_ja_jp	英語 タクシーひ
google_ja_jp	外国語 ドライバー 不足ひ
google_ja_jp	二種免許 外国人 s
baidu	东京 包车 c
bing_ja-JP	外国人 送迎 a
google_ja_jp	多言語 ドライバー 東京 z
bing_ja-JP	ハイヤー 乗務員 料金
google_ja_jp	英語 タクシーふ
google_zh-CN_jp	日本 二种驾照 司机 d
bing_en-JP	driver jobs tokyo agency
google_ja_jp	外国語 ドライバー 不足ふ
google_ja_jp	二種免許 外国人 t
bing_ja-JP	外国人 送迎 b
baidu	东京 包车 d
google_ja_jp	多言語 ドライバー 東京 募集
bing_ja-JP	ハイヤー 乗務員 紹介
google_ja_jp	英語 タクシーへ
google_ja_jp	外国語 ドライバー 不足へ
google_zh-CN_jp	日本 二种驾照 司机 e
bing_en-JP	driver jobs tokyo tokyo
google_ja_jp	二種免許 外国人 u
bing_ja-JP	外国人 送迎 c
google_ja_jp	多言語 ドライバー 東京 求人
baidu	东京 包车 e
google_ja_jp	英語 タクシーほ
bing_ja-JP	ハイヤー 乗務員 東京
google_ja_jp	外国語 ドライバー 不足ほ
bing_en-JP	driver jobs tokyo english
google_zh-CN_jp	日本 二种驾照 司机 f
google_ja_jp	二種免許 外国人 v
bing_ja-JP	外国人 送迎 d
google_ja_jp	多言語 ドライバー 東京 料金
bing_en-JP	driver jobs tokyo chinese
google_ja_jp	英語 タクシーま
bing_ja-JP	ハイヤー 乗務員 英語
google_ja_jp	外国語 ドライバー 不足ま
baidu	东京 包车 f
google_zh-CN_jp	日本 二种驾照 司机 g
google_ja_jp	二種免許 外国人 w
bing_ja-JP	外国人 送迎 e
google_ja_jp	英語 タクシーみ
google_ja_jp	多言語 ドライバー 東京 紹介
bing_en-JP	bilingual driver
google_ja_jp	外国語 ドライバー 不足み
google_zh-CN_jp	日本 二种驾照 司机 h
bing_ja-JP	ハイヤー 乗務員 中国語
baidu	东京 包车 g
google_ja_jp	二種免許 外国人 x
bing_ja-JP	外国人 送迎 f
google_ja_jp	英語 タクシーむ
google_ja_jp	多言語 ドライバー 東京 東京
google_ja_jp	外国語 ドライバー 不足む
bing_en-JP	bilingual driver a
google_zh-CN_jp	日本 二种驾照 司机 i
baidu	东京 包车 h
google_ja_jp	二種免許 外国人 y
bing_ja-JP	外国人 送迎 g
google_ja_jp	英語 タクシーめ
google_ja_jp	多言語 ドライバー 東京 英語
google_ja_jp	外国語 ドライバー 不足め
bing_en-JP	bilingual driver b
google_zh-CN_jp	日本 二种驾照 司机 j
google_ja_jp	二種免許 外国人 z
google_ja_jp	多言語 ドライバー 東京 中国語
bing_ja-JP	外国人 送迎 h
google_ja_jp	英語 タクシーも
baidu	东京 包车 i
google_ja_jp	外国語 ドライバー 不足も
bing_en-JP	bilingual driver c
google_zh-CN_jp	日本 二种驾照 司机 k
google_ja_jp	二種免許 外国人 募集
bing_ja-JP	外国人 送迎 i
google_ja_jp	英語 タクシーや
google_ja_jp	外国語 ドライバー 不足や
baidu	东京 包车 j
bing_en-JP	bilingual driver d
google_zh-CN_jp	日本 二种驾照 司机 l
google_ja_jp	二種免許 外国人 求人
bing_ja-JP	外国人 送迎 j
google_ja_jp	英語 タクシーゆ
bing_en-JP	bilingual driver e
baidu	东京 包车 k
google_zh-CN_jp	日本 二种驾照 司机 m
google_ja_jp	二種免許 外国人 料金
bing_ja-JP	外国人 送迎 k
google_ja_jp	外国語 ドライバー 不足ゆ
google_ja_jp	英語 タクシーよ
google_zh-CN_jp	日本 二种驾照 司机 n
bing_en-JP	bilingual driver f
google_ja_jp	二種免許 外国人 紹介
baidu	东京 包车 l
bing_ja-JP	外国人 送迎 l
google_ja_jp	外国語 ドライバー 不足よ
google_zh-CN_jp	日本 二种驾照 司机 o
google_ja_jp	英語 タクシーら
bing_en-JP	bilingual driver g
google_ja_jp	二種免許 外国人 東京
baidu	东京 包车 m
bing_ja-JP	外国人 送迎 m
google_ja_jp	外国語 ドライバー 不足ら
google_ja_jp	英語 タクシーり
bing_en-JP	bilingual driver h
google_zh-CN_jp	日本 二种驾照 司机 p
google_ja_jp	二種免許 外国人 英語
bing_en-JP	bilingual driver i
google_ja_jp	英語 タクシーる
google_ja_jp	外国語 ドライバー 不足り
bing_ja-JP	外国人 送迎 n
google_zh-CN_jp	日本 二种驾照 司机 q
google_ja_jp	二種免許 外国人 中国語
baidu	东京 包车 n
google_ja_jp	外国語 ドライバー 不足る
bing_ja-JP	外国人 送迎 o
google_zh-CN_jp	日本 二种驾照 司机 r
google_ja_jp	英語 タクシーれ
bing_en-JP	bilingual driver j
baidu	东京 包车 o
bing_ja-JP	外国人 送迎 p
google_ja_jp	外国語 ドライバー 不足れ
bing_en-JP	bilingual driver k
google_ja_jp	英語 タクシーろ
google_zh-CN_jp	日本 二种驾照 司机 s
baidu	东京 包车 p
bing_en-JP	bilingual driver l
google_zh-CN_jp	日本 二种驾照 司机 t
google_ja_jp	英語 タクシーわ
bing_ja-JP	外国人 送迎 q
google_ja_jp	外国語 ドライバー 不足ろ
baidu	东京 包车 q
google_zh-CN_jp	日本 二种驾照 司机 u
google_ja_jp	英語 タクシーを
bing_ja-JP	外国人 送迎 r
bing_en-JP	bilingual driver m
google_ja_jp	外国語 ドライバー 不足わ
google_ja_jp	英語 タクシーん
google_zh-CN_jp	日本 二种驾照 司机 v
baidu	东京 包车 r
google_ja_jp	外国語 ドライバー 不足を
bing_ja-JP	外国人 送迎 s
bing_en-JP	bilingual driver n
google_ja_jp	英語 タクシー a
google_zh-CN_jp	日本 二种驾照 司机 w
google_ja_jp	外国語 ドライバー 不足ん
bing_ja-JP	外国人 送迎 t
baidu	东京 包车 s
bing_en-JP	bilingual driver o
google_ja_jp	英語 タクシー b
google_ja_jp	外国語 ドライバー 不足 a
google_zh-CN_jp	日本 二种驾照 司机 x
bing_en-JP	bilingual driver p
bing_ja-JP	外国人 送迎 u
baidu	东京 包车 t
google_ja_jp	英語 タクシー c
google_ja_jp	外国語 ドライバー 不足 b
google_zh-CN_jp	日本 二种驾照 司机 y
bing_ja-JP	外国人 送迎 v
bing_en-JP	bilingual driver q
baidu	东京 包车 u
google_ja_jp	英語 タクシー d
google_ja_jp	外国語 ドライバー 不足 c
google_zh-CN_jp	日本 二种驾照 司机 z
bing_ja-JP	外国人 送迎 w
bing_en-JP	bilingual driver r
baidu	东京 包车 v
google_ja_jp	英語 タクシー e
google_ja_jp	外国語 ドライバー 不足 d
bing_ja-JP	外国人 送迎 x
google_zh-CN_jp	日本 二种驾照 司机 招聘
bing_en-JP	bilingual driver s
google_ja_jp	英語 タクシー f
baidu	东京 包车 w
google_ja_jp	外国語 ドライバー 不足 e
bing_ja-JP	外国人 送迎 y
google_zh-CN_jp	日本 二种驾照 司机 价格
bing_en-JP	bilingual driver t
google_ja_jp	英語 タクシー g
baidu	东京 包车 x
google_ja_jp	外国語 ドライバー 不足 f
bing_ja-JP	外国人 送迎 z
google_zh-CN_jp	日本 二种驾照 司机 介绍
bing_en-JP	bilingual driver u
google_ja_jp	英語 タクシー h
baidu	东京 包车 y
bing_ja-JP	外国人 送迎 募集
google_ja_jp	外国語 ドライバー 不足 g
google_zh-CN_jp	日本 二种驾照 司机 东京
bing_en-JP	bilingual driver v
google_ja_jp	英語 タクシー i
bing_ja-JP	外国人 送迎 求人
baidu	东京 包车 z
google_ja_jp	外国語 ドライバー 不足 h
google_zh-CN_jp	日本 二种驾照 司机 英语
bing_en-JP	bilingual driver w
google_ja_jp	英語 タクシー j
bing_ja-JP	外国人 送迎 料金
google_ja_jp	外国語 ドライバー 不足 i
baidu	东京 包车 招聘
google_zh-CN_jp	日本 二种驾照 司机 兼职
bing_en-JP	bilingual driver x
google_ja_jp	英語 タクシー k
bing_ja-JP	外国人 送迎 紹介
google_ja_jp	外国語 ドライバー 不足 j
baidu	东京 包车 价格
bing_en-JP	bilingual driver y
google_zh-CN_jp	日本 二种驾照 司机 公司
google_ja_jp	英語 タクシー l
google_ja_jp	外国語 ドライバー 不足 k
bing_ja-JP	外国人 送迎 東京
bing_en-JP	bilingual driver z
google_zh-CN_jp	日本 专车司机 多语种
baidu	东京 包车 介绍
google_ja_jp	英語 タクシー m
bing_ja-JP	外国人 送迎 英語
google_ja_jp	外国語 ドライバー 不足 l
google_zh-CN_jp	日本 专车司机 多语种 a
bing_en-JP	bilingual driver jobs
google_ja_jp	英語 タクシー n
baidu	东京 包车 东京
bing_ja-JP	外国人 送迎 中国語
google_ja_jp	外国語 ドライバー 不足 m
google_zh-CN_jp	日本 专车司机 多语种 b
bing_en-JP	bilingual driver hiring
google_ja_jp	英語 タクシー o
bing_ja-JP	VIP 送迎
google_ja_jp	外国語 ドライバー 不足 n
baidu	东京 包车 英语
bing_en-JP	bilingual driver price
google_zh-CN_jp	日本 专车司机 多语种 c
google_ja_jp	英語 タクシー p
bing_ja-JP	VIP 送迎 a
google_ja_jp	外国語 ドライバー 不足 o
baidu	东京 包车 兼职
bing_en-JP	bilingual driver agency
google_zh-CN_jp	日本 专车司机 多语种 d
google_ja_jp	英語 タクシー q
bing_ja-JP	VIP 送迎 b
google_ja_jp	外国語 ドライバー 不足 p
bing_en-JP	bilingual driver tokyo
baidu	东京 包车 公司
google_zh-CN_jp	日本 专车司机 多语种 e
google_ja_jp	英語 タクシー r
bing_ja-JP	VIP 送迎 c
google_ja_jp	外国語 ドライバー 不足 q
bing_ja-JP	VIP 送迎 d
bing_en-JP	bilingual driver english
google_ja_jp	英語 タクシー s
baidu	日本 专车
google_zh-CN_jp	日本 专车司机 多语种 f
google_ja_jp	外国語 ドライバー 不足 r
bing_en-JP	bilingual driver chinese
google_ja_jp	英語 タクシー t
google_zh-CN_jp	日本 专车司机 多语种 g
bing_ja-JP	VIP 送迎 e
baidu	日本 专车 a
google_ja_jp	外国語 ドライバー 不足 s
bing_zh-CN	日本 包车 司机 英语
google_zh-CN_jp	日本 专车司机 多语种 h
bing_ja-JP	VIP 送迎 f
google_ja_jp	英語 タクシー u
baidu	日本 专车 b
google_ja_jp	外国語 ドライバー 不足 t
bing_zh-CN	日本 包车 司机 英语 a
google_ja_jp	英語 タクシー v
google_ja_jp	外国語 ドライバー 不足 u
google_zh-CN_jp	日本 专车司机 多语种 i
bing_ja-JP	VIP 送迎 g
baidu	日本 专车 c
google_ja_jp	英語 タクシー w
google_ja_jp	外国語 ドライバー 不足 v
bing_zh-CN	日本 包车 司机 英语 b
bing_ja-JP	VIP 送迎 h
google_zh-CN_jp	日本 专车司机 多语种 j
baidu	日本 专车 d
google_ja_jp	英語 タクシー x
google_ja_jp	外国語 ドライバー 不足 w
bing_zh-CN	日本 包车 司机 英语 c
google_zh-CN_jp	日本 专车司机 多语种 k
bing_ja-JP	VIP 送迎 i
baidu	日本 专车 e
google_ja_jp	英語 タクシー y
google_ja_jp	外国語 ドライバー 不足 x
bing_zh-CN	日本 包车 司机 英语 d
bing_ja-JP	VIP 送迎 j
google_zh-CN_jp	日本 专车司机 多语种 l
baidu	日本 专车 f
google_ja_jp	英語 タクシー z
google_ja_jp	外国語 ドライバー 不足 y
bing_zh-CN	日本 包车 司机 英语 e
google_zh-CN_jp	日本 专车司机 多语种 m
bing_ja-JP	VIP 送迎 k
baidu	日本 专车 g
google_ja_jp	英語 タクシー 募集
bing_zh-CN	日本 包车 司机 英语 f
google_ja_jp	外国語 ドライバー 不足 z
bing_ja-JP	VIP 送迎 l
google_zh-CN_jp	日本 专车司机 多语种 n
baidu	日本 专车 h
google_ja_jp	英語 タクシー 求人
bing_zh-CN	日本 包车 司机 英语 g
bing_ja-JP	VIP 送迎 m
google_ja_jp	外国語 ドライバー 不足 募集
google_zh-CN_jp	日本 专车司机 多语种 o
baidu	日本 专车 i
google_ja_jp	英語 タクシー 料金
bing_zh-CN	日本 包车 司机 英语 h
bing_ja-JP	VIP 送迎 n
google_ja_jp	外国語 ドライバー 不足 求人
google_zh-CN_jp	日本 专车司机 多语种 p
google_ja_jp	英語 タクシー 紹介
bing_zh-CN	日本 包车 司机 英语 i
baidu	日本 专车 j
bing_ja-JP	VIP 送迎 o
google_ja_jp	外国語 ドライバー 不足 料金
google_zh-CN_jp	日本 专车司机 多语种 q
google_ja_jp	英語 タクシー 東京
bing_zh-CN	日本 包车 司机 英语 j
bing_ja-JP	VIP 送迎 p
baidu	日本 专车 k
google_ja_jp	外国語 ドライバー 不足 紹介
google_zh-CN_jp	日本 专车司机 多语种 r
google_ja_jp	英語 タクシー 英語
bing_zh-CN	日本 包车 司机 英语 k
bing_ja-JP	VIP 送迎 q
baidu	日本 专车 l
google_ja_jp	外国語 ドライバー 不足 東京
google_zh-CN_jp	日本 专车司机 多语种 s
bing_zh-CN	日本 包车 司机 英语 l
google_ja_jp	英語 タクシー 中国語
bing_ja-JP	VIP 送迎 r
google_ja_jp	外国語 ドライバー 不足 英語
google_zh-CN_jp	日本 专车司机 多语种 t
baidu	日本 专车 m
bing_zh-CN	日本 包车 司机 英语 m
google_ja_jp	ドライバー 紹介
bing_ja-JP	VIP 送迎 s
google_ja_jp	外国語 ドライバー 不足 中国語
google_zh-CN_jp	日本 专车司机 多语种 u
baidu	日本 专车 n
google_ja_jp	ドライバー 紹介あ
bing_zh-CN	日本 包车 司机 英语 n
bing_ja-JP	VIP 送迎 t
google_ja_jp	英語 タクシー 運転手 東京
google_zh-CN_jp	日本 专车司机 多语种 v
baidu	日本 专车 o
bing_zh-CN	日本 包车 司机 英语 o
google_ja_jp	ドライバー 紹介い
bing_ja-JP	VIP 送迎 u
google_ja_jp	英語 タクシー 運転手 東京あ
google_zh-CN_jp	日本 专车司机 多语种 w
baidu	日本 专车 p
google_ja_jp	ドライバー 紹介う
bing_zh-CN	日本 包车 司机 英语 p
bing_ja-JP	VIP 送迎 v
google_ja_jp	英語 タクシー 運転手 東京い
google_zh-CN_jp	日本 专车司机 多语种 x
baidu	日本 专车 q
google_ja_jp	ドライバー 紹介え
bing_zh-CN	日本 包车 司机 英语 q
bing_ja-JP	VIP 送迎 w
google_ja_jp	英語 タクシー 運転手 東京う
google_zh-CN_jp	日本 专车司机 多语种 y
baidu	日本 专车 r
google_ja_jp	ドライバー 紹介お
bing_ja-JP	VIP 送迎 x
google_ja_jp	英語 タクシー 運転手 東京え
bing_zh-CN	日本 包车 司机 英语 r
google_zh-CN_jp	日本 专车司机 多语种 z
baidu	日本 专车 s
google_ja_jp	ドライバー 紹介か
bing_ja-JP	VIP 送迎 y
google_ja_jp	英語 タクシー 運転手 東京お
bing_zh-CN	日本 包车 司机 英语 s
google_zh-CN_jp	日本 专车司机 多语种 招聘
google_ja_jp	ドライバー 紹介き
bing_zh-CN	日本 包车 司机 英语 t
bing_ja-JP	VIP 送迎 z
google_ja_jp	英語 タクシー 運転手 東京か
baidu	日本 专车 t
bing_zh-CN	日本 包车 司机 英语 u
google_ja_jp	ドライバー 紹介く
google_zh-CN_jp	日本 专车司机 多语种 价格
bing_ja-JP	VIP 送迎 募集
google_ja_jp	英語 タクシー 運転手 東京き
baidu	日本 专车 u
google_ja_jp	ドライバー 紹介け
google_zh-CN_jp	日本 专车司机 多语种 介绍
bing_zh-CN	日本 包车 司机 英语 v
google_ja_jp	英語 タクシー 運転手 東京く
bing_ja-JP	VIP 送迎 求人
baidu	日本 专车 v
google_ja_jp	ドライバー 紹介こ
google_zh-CN_jp	日本 专车司机 多语种 东京
bing_zh-CN	日本 包车 司机 英语 w
google_ja_jp	英語 タクシー 運転手 東京け
bing_ja-JP	VIP 送迎 料金
baidu	日本 专车 w
google_zh-CN_jp	日本 专车司机 多语种 英语
google_ja_jp	ドライバー 紹介さ
bing_zh-CN	日本 包车 司机 英语 x
google_ja_jp	英語 タクシー 運転手 東京こ
bing_ja-JP	VIP 送迎 紹介
baidu	日本 专车 x
bing_zh-CN	日本 包车 司机 英语 y
google_ja_jp	ドライバー 紹介し
google_zh-CN_jp	日本 专车司机 多语种 兼职
bing_ja-JP	VIP 送迎 東京
google_ja_jp	英語 タクシー 運転手 東京さ
baidu	日本 专车 y
bing_zh-CN	日本 包车 司机 英语 z
bing_ja-JP	VIP 送迎 英語
google_ja_jp	ドライバー 紹介す
google_ja_jp	英語 タクシー 運転手 東京し
google_zh-CN_jp	日本 专车司机 多语种 公司
bing_zh-CN	日本 包车 司机 英语 招聘
google_ja_jp	ドライバー 紹介せ
baidu	日本 专车 z
google_zh-CN_jp	日本 高端接送 司机
google_ja_jp	英語 タクシー 運転手 東京す
bing_ja-JP	VIP 送迎 中国語
bing_zh-CN	日本 包车 司机 英语 价格
google_ja_jp	ドライバー 紹介そ
bing_ja-JP	英語 タクシー
google_zh-CN_jp	日本 高端接送 司机 a
baidu	日本 专车 招聘
google_ja_jp	英語 タクシー 運転手 東京せ
bing_zh-CN	日本 包车 司机 英语 介绍
google_ja_jp	ドライバー 紹介た
bing_ja-JP	英語 タクシー a
google_zh-CN_jp	日本 高端接送 司机 b
google_ja_jp	英語 タクシー 運転手 東京そ
baidu	日本 专车 价格
bing_zh-CN	日本 包车 司机 英语 东京
google_ja_jp	ドライバー 紹介ち
google_zh-CN_jp	日本 高端接送 司机 c
bing_ja-JP	英語 タクシー b
google_ja_jp	英語 タクシー 運転手 東京た
baidu	日本 专车 介绍
bing_zh-CN	日本 包车 司机 英语 英语
google_ja_jp	ドライバー 紹介つ
google_zh-CN_jp	日本 高端接送 司机 d
bing_ja-JP	英語 タクシー c
google_ja_jp	英語 タクシー 運転手 東京ち
baidu	日本 专车 东京
bing_zh-CN	日本 包车 司机 英语 兼职
google_ja_jp	ドライバー 紹介て
google_zh-CN_jp	日本 高端接送 司机 e
bing_ja-JP	英語 タクシー d
google_ja_jp	英語 タクシー 運転手 東京つ
baidu	日本 专车 英语
bing_zh-CN	日本 包车 司机 英语 公司
google_ja_jp	ドライバー 紹介と
google_zh-CN_jp	日本 高端接送 司机 f
bing_ja-JP	英語 タクシー e
google_ja_jp	英語 タクシー 運転手 東京て
bing_zh-CN	东京 英语司机
google_ja_jp	ドライバー 紹介な
baidu	日本 专车 兼职
google_zh-CN_jp	日本 高端接送 司机 g
bing_ja-JP	英語 タクシー f
google_ja_jp	英語 タクシー 運転手 東京と
bing_zh-CN	东京 英语司机 a
google_ja_jp	ドライバー 紹介に
google_zh-CN_jp	日本 高端接送 司机 h
baidu	日本 专车 公司
bing_ja-JP	英語 タクシー g
google_ja_jp	英語 タクシー 運転手 東京な
bing_zh-CN	东京 英语司机 b
google_ja_jp	ドライバー 紹介ぬ
google_zh-CN_jp	日本 高端接送 司机 i
bing_ja-JP	英語 タクシー h
google_ja_jp	英語 タクシー 運転手 東京に
bing_zh-CN	东京 英语司机 c
google_ja_jp	ドライバー 紹介ね
google_zh-CN_jp	日本 高端接送 司机 j
bing_ja-JP	英語 タクシー i
bing_zh-CN	东京 英语司机 d
google_ja_jp	英語 タクシー 運転手 東京ぬ
google_zh-CN_jp	日本 高端接送 司机 k
google_ja_jp	ドライバー 紹介の
bing_ja-JP	英語 タクシー j
bing_zh-CN	东京 英语司机 e
google_ja_jp	英語 タクシー 運転手 東京ね
google_zh-CN_jp	日本 高端接送 司机 l
google_ja_jp	ドライバー 紹介は
bing_ja-JP	英語 タクシー k
bing_zh-CN	东京 英语司机 f
google_ja_jp	英語 タクシー 運転手 東京の
google_zh-CN_jp	日本 高端接送 司机 m
google_ja_jp	ドライバー 紹介ひ
bing_ja-JP	英語 タクシー l
bing_zh-CN	东京 英语司机 g
google_ja_jp	英語 タクシー 運転手 東京は
google_zh-CN_jp	日本 高端接送 司机 n
google_ja_jp	ドライバー 紹介ふ
bing_zh-CN	东京 英语司机 h
bing_ja-JP	英語 タクシー m
google_ja_jp	英語 タクシー 運転手 東京ひ
google_zh-CN_jp	日本 高端接送 司机 o
google_ja_jp	ドライバー 紹介へ
bing_ja-JP	英語 タクシー n
bing_zh-CN	东京 英语司机 i
google_ja_jp	英語 タクシー 運転手 東京ふ
google_zh-CN_jp	日本 高端接送 司机 p
google_ja_jp	ドライバー 紹介ほ
bing_zh-CN	东京 英语司机 j
bing_ja-JP	英語 タクシー o
google_ja_jp	英語 タクシー 運転手 東京へ
google_zh-CN_jp	日本 高端接送 司机 q
google_ja_jp	ドライバー 紹介ま
bing_zh-CN	东京 英语司机 k
bing_ja-JP	英語 タクシー p
google_ja_jp	英語 タクシー 運転手 東京ほ
google_ja_jp	ドライバー 紹介み
bing_zh-CN	东京 英语司机 l
google_zh-CN_jp	日本 高端接送 司机 r
bing_ja-JP	英語 タクシー q
google_ja_jp	英語 タクシー 運転手 東京ま
google_ja_jp	ドライバー 紹介む
bing_zh-CN	东京 英语司机 m
google_zh-CN_jp	日本 高端接送 司机 s
bing_ja-JP	英語 タクシー r
google_ja_jp	英語 タクシー 運転手 東京み
google_ja_jp	ドライバー 紹介め
bing_zh-CN	东京 英语司机 n
google_zh-CN_jp	日本 高端接送 司机 t
bing_ja-JP	英語 タクシー s
google_ja_jp	英語 タクシー 運転手 東京む
google_ja_jp	ドライバー 紹介も
bing_zh-CN	东京 英语司机 o
bing_ja-JP	英語 タクシー t
google_zh-CN_jp	日本 高端接送 司机 u
google_ja_jp	英語 タクシー 運転手 東京め
google_ja_jp	ドライバー 紹介や
bing_zh-CN	东京 英语司机 p
bing_ja-JP	英語 タクシー u
google_zh-CN_jp	日本 高端接送 司机 v
google_ja_jp	英語 タクシー 運転手 東京も
google_ja_jp	ドライバー 紹介ゆ
bing_zh-CN	东京 英语司机 q
bing_ja-JP	英語 タクシー v
google_zh-CN_jp	日本 高端接送 司机 w
google_ja_jp	英語 タクシー 運転手 東京や
google_ja_jp	ドライバー 紹介よ
bing_zh-CN	东京 英语司机 r
bing_ja-JP	英語 タクシー w
google_zh-CN_jp	日本 高端接送 司机 x
google_ja_jp	英語 タクシー 運転手 東京ゆ
google_ja_jp	ドライバー 紹介ら
bing_zh-CN	东京 英语司机 s
google_zh-CN_jp	日本 高端接送 司机 y
bing_ja-JP	英語 タクシー x
google_ja_jp	英語 タクシー 運転手 東京よ
google_ja_jp	ドライバー 紹介り
bing_zh-CN	东京 英语司机 t
google_zh-CN_jp	日本 高端接送 司机 z
bing_ja-JP	英語 タクシー y
google_ja_jp	英語 タクシー 運転手 東京ら
google_ja_jp	ドライバー 紹介る
google_zh-CN_jp	日本 高端接送 司机 招聘
bing_zh-CN	东京 英语司机 u
google_ja_jp	英語 タクシー 運転手 東京り
bing_ja-JP	英語 タクシー z
google_ja_jp	ドライバー 紹介れ
bing_zh-CN	东京 英语司机 v
google_zh-CN_jp	日本 高端接送 司机 价格
google_ja_jp	英語 タクシー 運転手 東京る
bing_ja-JP	英語 タクシー 募集
google_ja_jp	ドライバー 紹介ろ
bing_zh-CN	东京 英语司机 w
google_zh-CN_jp	日本 高端接送 司机 介绍
google_ja_jp	英語 タクシー 運転手 東京れ
bing_ja-JP	英語 タクシー 求人
google_ja_jp	ドライバー 紹介わ
bing_zh-CN	东京 英语司机 x
google_zh-CN_jp	日本 高端接送 司机 东京
google_ja_jp	英語 タクシー 運転手 東京ろ
bing_ja-JP	英語 タクシー 料金
bing_zh-CN	东京 英语司机 y
google_ja_jp	ドライバー 紹介を
google_zh-CN_jp	日本 高端接送 司机 英语
google_ja_jp	英語 タクシー 運転手 東京わ
bing_ja-JP	英語 タクシー 紹介
bing_zh-CN	东京 英语司机 z
google_ja_jp	ドライバー 紹介ん
google_zh-CN_jp	日本 高端接送 司机 兼职
google_ja_jp	英語 タクシー 運転手 東京を
bing_ja-JP	英語 タクシー 東京
bing_zh-CN	东京 英语司机 招聘
google_zh-CN_jp	日本 高端接送 司机 公司
google_ja_jp	ドライバー 紹介 a
google_ja_jp	英語 タクシー 運転手 東京ん
bing_zh-CN	东京 英语司机 价格
google_ja_jp	ドライバー 紹介 b
bing_ja-JP	英語 タクシー 英語
google_zh-CN_jp	日本 司机 兼职
google_ja_jp	英語 タクシー 運転手 東京 a
bing_zh-CN	东京 英语司机 介绍
google_ja_jp	ドライバー 紹介 c
bing_ja-JP	英語 タクシー 中国語
google_zh-CN_jp	日本 司机 兼职 a
google_ja_jp	英語 タクシー 運転手 東京 b
google_ja_jp	ドライバー 紹介 d
bing_zh-CN	东京 英语司机 东京
google_zh-CN_jp	日本 司机 兼职 b
bing_ja-JP	ドライバー 紹介
google_ja_jp	英語 タクシー 運転手 東京 c
google_ja_jp	ドライバー 紹介 e
google_zh-CN_jp	日本 司机 兼职 c
bing_ja-JP	ドライバー 紹介 a
bing_zh-CN	东京 英语司机 英语
google_ja_jp	英語 タクシー 運転手 東京 d
bing_ja-JP	ドライバー 紹介 b
google_ja_jp	ドライバー 紹介 f
bing_zh-CN	东京 英语司机 兼职
google_zh-CN_jp	日本 司机 兼职 d
google_ja_jp	英語 タクシー 運転手 東京 e
bing_ja-JP	ドライバー 紹介 c
bing_zh-CN	东京 英语司机 公司
google_ja_jp	ドライバー 紹介 g
google_zh-CN_jp	日本 司机 兼职 e
google_ja_jp	英語 タクシー 運転手 東京 f
bing_ja-JP	ドライバー 紹介 d
bing_zh-CN	日本 二种驾照 司机
google_ja_jp	ドライバー 紹介 h
google_zh-CN_jp	日本 司机 兼职 f
google_ja_jp	英語 タクシー 運転手 東京 g
bing_ja-JP	ドライバー 紹介 e
google_ja_jp	ドライバー 紹介 i
bing_zh-CN	日本 二种驾照 司机 a
google_zh-CN_jp	日本 司机 兼职 g
google_ja_jp	英語 タクシー 運転手 東京 h
bing_ja-JP	ドライバー 紹介 f
bing_zh-CN	日本 二种驾照 司机 b
google_ja_jp	ドライバー 紹介 j
google_zh-CN_jp	日本 司机 兼职 h
google_ja_jp	英語 タクシー 運転手 東京 i
bing_ja-JP	ドライバー 紹介 g
bing_zh-CN	日本 二种驾照 司机 c
google_ja_jp	ドライバー 紹介 k
google_zh-CN_jp	日本 司机 兼职 i
google_ja_jp	英語 タクシー 運転手 東京 j
bing_ja-JP	ドライバー 紹介 h
bing_zh-CN	日本 二种驾照 司机 d
google_ja_jp	ドライバー 紹介 l
google_ja_jp	英語 タクシー 運転手 東京 k
google_zh-CN_jp	日本 司机 兼职 j
bing_ja-JP	ドライバー 紹介 i
bing_zh-CN	日本 二种驾照 司机 e
google_ja_jp	ドライバー 紹介 m
google_ja_jp	英語 タクシー 運転手 東京 l
google_zh-CN_jp	日本 司机 兼职 k
bing_ja-JP	ドライバー 紹介 j
bing_zh-CN	日本 二种驾照 司机 f
google_ja_jp	ドライバー 紹介 n
google_zh-CN_jp	日本 司机 兼职 l
google_ja_jp	英語 タクシー 運転手 東京 m
bing_zh-CN	日本 二种驾照 司机 g
bing_ja-JP	ドライバー 紹介 k
google_ja_jp	ドライバー 紹介 o
google_zh-CN_jp	日本 司机 兼职 m
google_ja_jp	英語 タクシー 運転手 東京 n
bing_zh-CN	日本 二种驾照 司机 h
bing_ja-JP	ドライバー 紹介 l
google_ja_jp	ドライバー 紹介 p
google_zh-CN_jp	日本 司机 兼职 n
google_ja_jp	英語 タクシー 運転手 東京 o
bing_ja-JP	ドライバー 紹介 m
bing_zh-CN	日本 二种驾照 司机 i
google_ja_jp	ドライバー 紹介 q
google_zh-CN_jp	日本 司机 兼职 o
google_ja_jp	英語 タクシー 運転手 東京 p
bing_zh-CN	日本 二种驾照 司机 j
bing_ja-JP	ドライバー 紹介 n
google_ja_jp	ドライバー 紹介 r
google_zh-CN_jp	日本 司机 兼职 p
google_ja_jp	英語 タクシー 運転手 東京 q
bing_zh-CN	日本 二种驾照 司机 k
bing_ja-JP	ドライバー 紹介 o
google_ja_jp	ドライバー 紹介 s
google_zh-CN_jp	日本 司机 兼职 q
google_ja_jp	英語 タクシー 運転手 東京 r
bing_zh-CN	日本 二种驾照 司机 l
bing_ja-JP	ドライバー 紹介 p
google_ja_jp	ドライバー 紹介 t
bing_zh-CN	日本 二种驾照 司机 m
bing_ja-JP	ドライバー 紹介 q
google_ja_jp	英語 タクシー 運転手 東京 s
google_zh-CN_jp	日本 司机 兼职 r
google_ja_jp	ドライバー 紹介 u
bing_zh-CN	日本 二种驾照 司机 n
google_ja_jp	英語 タクシー 運転手 東京 t
bing_ja-JP	ドライバー 紹介 r
google_ja_jp	ドライバー 紹介 v
google_zh-CN_jp	日本 司机 兼职 s
bing_zh-CN	日本 二种驾照 司机 o
bing_ja-JP	ドライバー 紹介 s
google_ja_jp	英語 タクシー 運転手 東京 u
google_ja_jp	ドライバー 紹介 w
google_zh-CN_jp	日本 司机 兼职 t
bing_zh-CN	日本 二种驾照 司机 p
bing_ja-JP	ドライバー 紹介 t
google_ja_jp	英語 タクシー 運転手 東京 v
google_ja_jp	ドライバー 紹介 x
google_zh-CN_jp	日本 司机 兼职 u
bing_zh-CN	日本 二种驾照 司机 q
bing_ja-JP	ドライバー 紹介 u
google_ja_jp	英語 タクシー 運転手 東京 w
google_ja_jp	ドライバー 紹介 y
google_zh-CN_jp	日本 司机 兼职 v
bing_zh-CN	日本 二种驾照 司机 r
google_ja_jp	英語 タクシー 運転手 東京 x
bing_ja-JP	ドライバー 紹介 v
google_ja_jp	ドライバー 紹介 z
google_zh-CN_jp	日本 司机 兼职 w
bing_zh-CN	日本 二种驾照 司机 s
google_ja_jp	英語 タクシー 運転手 東京 y
bing_ja-JP	ドライバー 紹介 w
google_ja_jp	ドライバー 紹介 募集
google_zh-CN_jp	日本 司机 兼职 x
bing_zh-CN	日本 二种驾照 司机 t
google_ja_jp	英語 タクシー 運転手 東京 z
bing_ja-JP	ドライバー 紹介 x
google_ja_jp	ドライバー 紹介 求人
google_zh-CN_jp	日本 司机 兼职 y
bing_zh-CN	日本 二种驾照 司机 u
google_ja_jp	英語 タクシー 運転手 東京 募集
bing_ja-JP	ドライバー 紹介 y
google_ja_jp	ドライバー 紹介 料金
google_zh-CN_jp	日本 司机 兼职 z
bing_zh-CN	日本 二种驾照 司机 v
bing_ja-JP	ドライバー 紹介 z
google_ja_jp	英語 タクシー 運転手 東京 求人
google_ja_jp	ドライバー 紹介 紹介
google_zh-CN_jp	日本 司机 兼职 招聘
bing_zh-CN	日本 二种驾照 司机 w
google_ja_jp	英語 タクシー 運転手 東京 料金
bing_ja-JP	ドライバー 紹介 募集
google_ja_jp	ドライバー 紹介 東京
google_zh-CN_jp	日本 司机 兼职 价格
bing_zh-CN	日本 二种驾照 司机 x
bing_ja-JP	ドライバー 紹介 求人
google_ja_jp	英語 タクシー 運転手 東京 紹介
google_ja_jp	ドライバー 紹介 英語
google_zh-CN_jp	日本 司机 兼职 介绍
bing_zh-CN	日本 二种驾照 司机 y
google_ja_jp	英語 タクシー 運転手 東京 東京
bing_ja-JP	ドライバー 紹介 料金
google_ja_jp	ドライバー 紹介 中国語
google_zh-CN_jp	日本 司机 兼职 东京
bing_zh-CN	日本 二种驾照 司机 z
bing_ja-JP	ドライバー 紹介 紹介
google_ja_jp	英語 タクシー 運転手 東京 英語
google_ja_jp	乗務員 兼業
google_zh-CN_jp	日本 司机 兼职 英语
bing_zh-CN	日本 二种驾照 司机 招聘
bing_ja-JP	ドライバー 紹介 東京
google_ja_jp	英語 タクシー 運転手 東京 中国語
google_ja_jp	乗務員 兼業あ
google_zh-CN_jp	日本 司机 兼职 兼职
bing_zh-CN	日本 二种驾照 司机 价格
bing_ja-JP	ドライバー 紹介 英語
google_ja_jp	ハイヤー ドライバー
google_ja_jp	乗務員 兼業い
google_zh-CN_jp	日本 司机 兼职 公司
bing_ja-JP	ドライバー 紹介 中国語
bing_zh-CN	日本 二种驾照 司机 介绍
google_ja_jp	ハイヤー ドライバーあ
google_ja_jp	乗務員 兼業う
bing_zh-CN	日本 二种驾照 司机 东京
bing_ja-JP	乗務員 兼業
google_zh-CN_jp	东京 旅游 用车 司机 招聘
google_ja_jp	ハイヤー ドライバーい
google_ja_jp	乗務員 兼業え
bing_ja-JP	乗務員 兼業 a
bing_zh-CN	日本 二种驾照 司机 英语
google_zh-CN_jp	东京 旅游 用车 司机 招聘 a
google_ja_jp	ハイヤー ドライバーう
google_ja_jp	乗務員 兼業お
bing_ja-JP	乗務員 兼業 b
bing_zh-CN	日本 二种驾照 司机 兼职
google_zh-CN_jp	东京 旅游 用车 司机 招聘 b
google_ja_jp	ハイヤー ドライバーえ
google_ja_jp	乗務員 兼業か
bing_ja-JP	乗務員 兼業 c
bing_zh-CN	日本 二种驾照 司机 公司
google_zh-CN_jp	东京 旅游 用车 司机 招聘 c
google_ja_jp	ハイヤー ドライバーお
google_ja_jp	乗務員 兼業き
bing_ja-JP	乗務員 兼業 d
bing_zh-CN	日本 专车司机 多语种
google_zh-CN_jp	东京 旅游 用车 司机 招聘 d
google_ja_jp	ハイヤー ドライバーか
google_ja_jp	乗務員 兼業く
bing_ja-JP	乗務員 兼業 e
google_zh-CN_jp	东京 旅游 用车 司机 招聘 e
bing_zh-CN	日本 专车司机 多语种 a
google_ja_jp	ハイヤー ドライバーき
google_ja_jp	乗務員 兼業け
bing_ja-JP	乗務員 兼業 f
google_zh-CN_jp	东京 旅游 用车 司机 招聘 f
bing_zh-CN	日本 专车司机 多语种 b
google_ja_jp	ハイヤー ドライバーく
google_ja_jp	乗務員 兼業こ
bing_ja-JP	乗務員 兼業 g
google_zh-CN_jp	东京 旅游 用车 司机 招聘 g
bing_zh-CN	日本 专车司机 多语种 c
google_ja_jp	ハイヤー ドライバーけ
google_ja_jp	乗務員 兼業さ
bing_ja-JP	乗務員 兼業 h
google_zh-CN_jp	东京 旅游 用车 司机 招聘 h
bing_zh-CN	日本 专车司机 多语种 d
google_ja_jp	乗務員 兼業し
google_ja_jp	ハイヤー ドライバーこ
bing_ja-JP	乗務員 兼業 i
google_zh-CN_jp	东京 旅游 用车 司机 招聘 i
bing_zh-CN	日本 专车司机 多语种 e
google_ja_jp	乗務員 兼業す
bing_ja-JP	乗務員 兼業 j
google_ja_jp	ハイヤー ドライバーさ
google_zh-CN_jp	东京 旅游 用车 司机 招聘 j
bing_zh-CN	日本 专车司机 多语种 f
google_ja_jp	乗務員 兼業せ
google_ja_jp	ハイヤー ドライバーし
bing_ja-JP	乗務員 兼業 k
google_zh-CN_jp	东京 旅游 用车 司机 招聘 k
bing_zh-CN	日本 专车司机 多语种 g
google_ja_jp	乗務員 兼業そ
google_ja_jp	ハイヤー ドライバーす
bing_ja-JP	乗務員 兼業 l
google_zh-CN_jp	东京 旅游 用车 司机 招聘 l
google_ja_jp	乗務員 兼業た
bing_zh-CN	日本 专车司机 多语种 h
google_ja_jp	ハイヤー ドライバーせ
bing_ja-JP	乗務員 兼業 m
google_zh-CN_jp	东京 旅游 用车 司机 招聘 m
google_ja_jp	乗務員 兼業ち
bing_zh-CN	日本 专车司机 多语种 i
bing_ja-JP	乗務員 兼業 n
google_ja_jp	ハイヤー ドライバーそ
google_zh-CN_jp	东京 旅游 用车 司机 招聘 n
bing_zh-CN	日本 专车司机 多语种 j
google_ja_jp	乗務員 兼業つ
google_zh-CN_jp	东京 旅游 用车 司机 招聘 o
bing_ja-JP	乗務員 兼業 o
google_ja_jp	ハイヤー ドライバーた
bing_zh-CN	日本 专车司机 多语种 k
google_ja_jp	乗務員 兼業て
bing_ja-JP	乗務員 兼業 p
google_ja_jp	ハイヤー ドライバーち
bing_zh-CN	日本 专车司机 多语种 l
google_ja_jp	乗務員 兼業と
google_zh-CN_jp	东京 旅游 用车 司机 招聘 p
bing_ja-JP	乗務員 兼業 q
google_ja_jp	ハイヤー ドライバーつ
bing_zh-CN	日本 专车司机 多语种 m
google_ja_jp	乗務員 兼業な
google_zh-CN_jp	东京 旅游 用车 司机 招聘 q
bing_ja-JP	乗務員 兼業 r
google_ja_jp	ハイヤー ドライバーて
bing_zh-CN	日本 专车司机 多语种 n
google_ja_jp	乗務員 兼業に
google_zh-CN_jp	东京 旅游 用车 司机 招聘 r
google_ja_jp	ハイヤー ドライバーと
bing_ja-JP	乗務員 兼業 s
bing_zh-CN	日本 专车司机 多语种 o
google_ja_jp	乗務員 兼業ぬ
google_zh-CN_jp	东京 旅游 用车 司机 招聘 s
google_ja_jp	ハイヤー ドライバーな
bing_ja-JP	乗務員 兼業 t
bing_zh-CN	日本 专车司机 多语种 p
google_ja_jp	乗務員 兼業ね
google_zh-CN_jp	东京 旅游 用车 司机 招聘 t
google_ja_jp	ハイヤー ドライバーに
bing_ja-JP	乗務員 兼業 u
bing_zh-CN	日本 专车司机 多语种 q
google_ja_jp	乗務員 兼業の
google_ja_jp	ハイヤー ドライバーぬ
google_zh-CN_jp	东京 旅游 用车 司机 招聘 u
bing_ja-JP	乗務員 兼業 v
bing_zh-CN	日本 专车司机 多语种 r
google_zh-CN_jp	东京 旅游 用车 司机 招聘 v
google_ja_jp	乗務員 兼業は
google_ja_jp	ハイヤー ドライバーね
bing_ja-JP	乗務員 兼業 w
bing_zh-CN	日本 专车司机 多语种 s
google_ja_jp	乗務員 兼業ひ
google_zh-CN_jp	东京 旅游 用车 司机 招聘 w
google_ja_jp	ハイヤー ドライバーの
bing_ja-JP	乗務員 兼業 x
bing_zh-CN	日本 专车司机 多语种 t
google_zh-CN_jp	东京 旅游 用车 司机 招聘 x
google_ja_jp	乗務員 兼業ふ
google_ja_jp	ハイヤー ドライバーは
bing_ja-JP	乗務員 兼業 y
bing_zh-CN	日本 专车司机 多语种 u
google_ja_jp	ハイヤー ドライバーひ
google_zh-CN_jp	东京 旅游 用车 司机 招聘 y
google_ja_jp	乗務員 兼業へ
bing_ja-JP	乗務員 兼業 z
bing_zh-CN	日本 专车司机 多语种 v
google_zh-CN_jp	东京 旅游 用车 司机 招聘 z
google_ja_jp	ハイヤー ドライバーふ
google_ja_jp	乗務員 兼業ほ
bing_ja-JP	乗務員 兼業 募集
bing_zh-CN	日本 专车司机 多语种 w
google_zh-CN_jp	东京 旅游 用车 司机 招聘 招聘
google_ja_jp	乗務員 兼業ま
google_ja_jp	ハイヤー ドライバーへ
bing_ja-JP	乗務員 兼業 求人
google_ja_jp	乗務員 兼業み
bing_zh-CN	日本 专车司机 多语种 x
google_zh-CN_jp	东京 旅游 用车 司机 招聘 价格
google_ja_jp	ハイヤー ドライバーほ
bing_ja-JP	乗務員 兼業 料金
google_ja_jp	乗務員 兼業む
google_zh-CN_jp	东京 旅游 用车 司机 招聘 介绍
bing_zh-CN	日本 专车司机 多语种 y
google_ja_jp	ハイヤー ドライバーま
bing_ja-JP	乗務員 兼業 紹介
google_ja_jp	乗務員 兼業め
google_zh-CN_jp	东京 旅游 用车 司机 招聘 东京
bing_zh-CN	日本 专车司机 多语种 z
google_ja_jp	ハイヤー ドライバーみ
bing_ja-JP	乗務員 兼業 東京
google_ja_jp	乗務員 兼業も
google_zh-CN_jp	东京 旅游 用车 司机 招聘 英语
google_ja_jp	ハイヤー ドライバーむ
bing_zh-CN	日本 专车司机 多语种 招聘
bing_ja-JP	乗務員 兼業 英語
google_ja_jp	乗務員 兼業や
google_zh-CN_jp	东京 旅游 用车 司机 招聘 兼职
google_ja_jp	ハイヤー ドライバーめ
bing_zh-CN	日本 专车司机 多语种 价格
bing_ja-JP	乗務員 兼業 中国語
google_ja_jp	乗務員 兼業ゆ
google_zh-CN_jp	东京 旅游 用车 司机 招聘 公司
google_ja_jp	ハイヤー ドライバーも
bing_zh-CN	日本 专车司机 多语种 介绍
bing_ja-JP	ハイヤー 求人
google_ja_jp	乗務員 兼業よ
google_zh-CN_jp	日本 包车 公司 招司机
google_ja_jp	ハイヤー ドライバーや
bing_zh-CN	日本 专车司机 多语种 东京
google_ja_jp	乗務員 兼業ら
bing_ja-JP	ハイヤー 求人 a
google_zh-CN_jp	日本 包车 公司 招司机 a
google_ja_jp	ハイヤー ドライバーゆ
bing_zh-CN	日本 专车司机 多语种 英语
google_ja_jp	乗務員 兼業り
bing_ja-JP	ハイヤー 求人 b
google_zh-CN_jp	日本 包车 公司 招司机 b
google_ja_jp	ハイヤー ドライバーよ
bing_zh-CN	日本 专车司机 多语种 兼职
google_ja_jp	乗務員 兼業る
bing_ja-JP	ハイヤー 求人 c
google_zh-CN_jp	日本 包车 公司 招司机 c
bing_zh-CN	日本 专车司机 多语种 公司
google_ja_jp	ハイヤー ドライバーら
google_ja_jp	乗務員 兼業れ
bing_ja-JP	ハイヤー 求人 d
bing_zh-CN	日本 高端接送 司机
google_zh-CN_jp	日本 包车 公司 招司机 d
google_ja_jp	ハイヤー ドライバーり
google_ja_jp	乗務員 兼業ろ
bing_ja-JP	ハイヤー 求人 e
google_zh-CN_jp	日本 包车 公司 招司机 e
bing_zh-CN	日本 高端接送 司机 a
google_ja_jp	ハイヤー ドライバーる
google_ja_jp	乗務員 兼業わ
bing_ja-JP	ハイヤー 求人 f
google_zh-CN_jp	日本 包车 公司 招司机 f
bing_zh-CN	日本 高端接送 司机 b
google_ja_jp	ハイヤー ドライバーれ
google_ja_jp	乗務員 兼業を
bing_ja-JP	ハイヤー 求人 g
google_zh-CN_jp	日本 包车 公司 招司机 g
google_ja_jp	ハイヤー ドライバーろ
bing_zh-CN	日本 高端接送 司机 c
google_ja_jp	乗務員 兼業ん
bing_ja-JP	ハイヤー 求人 h
google_zh-CN_jp	日本 包车 公司 招司机 h
google_ja_jp	ハイヤー ドライバーわ
bing_zh-CN	日本 高端接送 司机 d
bing_ja-JP	ハイヤー 求人 i
google_ja_jp	乗務員 兼業 a
google_zh-CN_jp	日本 包车 公司 招司机 i
bing_zh-CN	日本 高端接送 司机 e
google_ja_jp	ハイヤー ドライバーを
bing_ja-JP	ハイヤー 求人 j
google_ja_jp	乗務員 兼業 b
google_zh-CN_jp	日本 包车 公司 招司机 j
bing_ja-JP	ハイヤー 求人 k
google_ja_jp	ハイヤー ドライバーん
bing_zh-CN	日本 高端接送 司机 f
google_ja_jp	乗務員 兼業 c
google_zh-CN_jp	日本 包车 公司 招司机 k
google_ja_jp	ハイヤー ドライバー a
bing_zh-CN	日本 高端接送 司机 g
bing_ja-JP	ハイヤー 求人 l
google_ja_jp	乗務員 兼業 d
google_zh-CN_jp	日本 包车 公司 招司机 l
google_ja_jp	ハイヤー ドライバー b
google_ja_jp	乗務員 兼業 e
bing_ja-JP	ハイヤー 求人 m
bing_zh-CN	日本 高端接送 司机 h
google_zh-CN_jp	日本 包车 公司 招司机 m
google_ja_jp	ハイヤー ドライバー c
google_ja_jp	乗務員 兼業 f
bing_ja-JP	ハイヤー 求人 n
bing_zh-CN	日本 高端接送 司机 i
google_zh-CN_jp	日本 包车 公司 招司机 n
google_ja_jp	乗務員 兼業 g
bing_zh-CN	日本 高端接送 司机 j
bing_ja-JP	ハイヤー 求人 o
google_ja_jp	ハイヤー ドライバー d
google_zh-CN_jp	日本 包车 公司 招司机 o
bing_zh-CN	日本 高端接送 司机 k
google_ja_jp	乗務員 兼業 h
bing_ja-JP	ハイヤー 求人 p
google_ja_jp	ハイヤー ドライバー e
google_zh-CN_jp	日本 包车 公司 招司机 p
bing_ja-JP	ハイヤー 求人 q
google_ja_jp	乗務員 兼業 i
bing_zh-CN	日本 高端接送 司机 l
google_ja_jp	ハイヤー ドライバー f
google_zh-CN_jp	日本 包车 公司 招司机 q
google_ja_jp	乗務員 兼業 j
bing_zh-CN	日本 高端接送 司机 m
bing_ja-JP	ハイヤー 求人 r
google_ja_jp	ハイヤー ドライバー g
google_zh-CN_jp	日本 包车 公司 招司机 r
google_ja_jp	乗務員 兼業 k
bing_zh-CN	日本 高端接送 司机 n
bing_ja-JP	ハイヤー 求人 s
google_ja_jp	ハイヤー ドライバー h
google_zh-CN_jp	日本 包车 公司 招司机 s
bing_zh-CN	日本 高端接送 司机 o
google_ja_jp	乗務員 兼業 l
bing_ja-JP	ハイヤー 求人 t
google_ja_jp	ハイヤー ドライバー i
google_zh-CN_jp	日本 包车 公司 招司机 t
google_ja_jp	乗務員 兼業 m
bing_zh-CN	日本 高端接送 司机 p
bing_ja-JP	ハイヤー 求人 u
google_ja_jp	ハイヤー ドライバー j
google_zh-CN_jp	日本 包车 公司 招司机 u
google_ja_jp	乗務員 兼業 n
bing_zh-CN	日本 高端接送 司机 q
bing_ja-JP	ハイヤー 求人 v
google_ja_jp	ハイヤー ドライバー k
google_zh-CN_jp	日本 包车 公司 招司机 v
bing_zh-CN	日本 高端接送 司机 r
google_ja_jp	乗務員 兼業 o
bing_ja-JP	ハイヤー 求人 w
google_ja_jp	ハイヤー ドライバー l
google_zh-CN_jp	日本 包车 公司 招司机 w
bing_zh-CN	日本 高端接送 司机 s
google_ja_jp	乗務員 兼業 p
bing_ja-JP	ハイヤー 求人 x
google_ja_jp	ハイヤー ドライバー m
google_zh-CN_jp	日本 包车 公司 招司机 x
google_ja_jp	乗務員 兼業 q
bing_zh-CN	日本 高端接送 司机 t
bing_ja-JP	ハイヤー 求人 y
google_ja_jp	ハイヤー ドライバー n
google_zh-CN_jp	日本 包车 公司 招司机 y
google_ja_jp	乗務員 兼業 r
bing_zh-CN	日本 高端接送 司机 u
bing_ja-JP	ハイヤー 求人 z
google_ja_jp	ハイヤー ドライバー o
google_ja_jp	乗務員 兼業 s
google_zh-CN_jp	日本 包车 公司 招司机 z
bing_zh-CN	日本 高端接送 司机 v
bing_ja-JP	ハイヤー 求人 募集
google_ja_jp	ハイヤー ドライバー p
google_ja_jp	乗務員 兼業 t
google_zh-CN_jp	日本 包车 公司 招司机 招聘
bing_ja-JP	ハイヤー 求人 求人
bing_zh-CN	日本 高端接送 司机 w
google_ja_jp	ハイヤー ドライバー q
google_ja_jp	乗務員 兼業 u
google_zh-CN_jp	日本 包车 公司 招司机 价格
bing_zh-CN	日本 高端接送 司机 x
bing_ja-JP	ハイヤー 求人 料金
google_ja_jp	ハイヤー ドライバー r
google_ja_jp	乗務員 兼業 v
bing_zh-CN	日本 高端接送 司机 y
google_zh-CN_jp	日本 包车 公司 招司机 介绍
bing_ja-JP	ハイヤー 求人 紹介
google_ja_jp	ハイヤー ドライバー s
google_ja_jp	乗務員 兼業 w
bing_zh-CN	日本 高端接送 司机 z
google_zh-CN_jp	日本 包车 公司 招司机 东京
google_ja_jp	ハイヤー ドライバー t
bing_ja-JP	ハイヤー 求人 東京
google_ja_jp	乗務員 兼業 x
bing_zh-CN	日本 高端接送 司机 招聘
google_zh-CN_jp	日本 包车 公司 招司机 英语
google_ja_jp	ハイヤー ドライバー u
bing_ja-JP	ハイヤー 求人 英語
google_ja_jp	乗務員 兼業 y
bing_zh-CN	日本 高端接送 司机 价格
google_zh-CN_jp	日本 包车 公司 招司机 兼职
bing_ja-JP	ハイヤー 求人 中国語
google_ja_jp	ハイヤー ドライバー v
google_ja_jp	乗務員 兼業 z
bing_zh-CN	日本 高端接送 司机 介绍
google_zh-CN_jp	日本 包车 公司 招司机 公司
bing_ja-JP	タクシー 英語 求人
google_ja_jp	ハイヤー ドライバー w
google_ja_jp	乗務員 兼業 募集
bing_zh-CN	日本 高端接送 司机 东京
google_zh-CN_jp	日本 包车
bing_ja-JP	タクシー 英語 求人 a
google_ja_jp	ハイヤー ドライバー x
google_ja_jp	乗務員 兼業 求人
google_zh-CN_jp	日本 包车 a
bing_zh-CN	日本 高端接送 司机 英语
google_ja_jp	ハイヤー ドライバー y
bing_ja-JP	タクシー 英語 求人 b
google_ja_jp	乗務員 兼業 料金
bing_zh-CN	日本 高端接送 司机 兼职
google_zh-CN_jp	日本 包车 b
google_ja_jp	ハイヤー ドライバー z
bing_ja-JP	タクシー 英語 求人 c
google_ja_jp	乗務員 兼業 紹介
google_zh-CN_jp	日本 包车 c
google_ja_jp	ハイヤー ドライバー 募集
bing_zh-CN	日本 高端接送 司机 公司
bing_ja-JP	タクシー 英語 求人 d
google_ja_jp	乗務員 兼業 東京
google_zh-CN_jp	日本 包车 d
google_ja_jp	ハイヤー ドライバー 求人
bing_zh-CN	日本 司机 兼职
bing_ja-JP	タクシー 英語 求人 e
google_ja_jp	乗務員 兼業 英語
google_zh-CN_jp	日本 包车 e
google_ja_jp	ハイヤー ドライバー 料金
bing_zh-CN	日本 司机 兼职 a
bing_ja-JP	タクシー 英語 求人 f
google_ja_jp	乗務員 兼業 中国語
google_zh-CN_jp	日本 包车 f
google_ja_jp	ハイヤー ドライバー 東京
bing_zh-CN	日本 司机 兼职 b
google_ja_jp	ハイヤー 求人
bing_ja-JP	タクシー 英語 求人 g
google_ja_jp	ハイヤー ドライバー 英語
google_zh-CN_jp	日本 包车 g
bing_zh-CN	日本 司机 兼职 c
bing_ja-JP	タクシー 英語 求人 h
google_ja_jp	ハイヤー 求人あ
google_zh-CN_jp	日本 包车 h
google_ja_jp	ハイヤー ドライバー 中国語
bing_zh-CN	日本 司机 兼职 d
bing_ja-JP	タクシー 英語 求人 i
google_ja_jp	ハイヤー 求人い
google_zh-CN_jp	日本 包车 i
google_ja_jp	ハイヤー 乗務員
bing_zh-CN	日本 司机 兼职 e
bing_ja-JP	タクシー 英語 求人 j
google_ja_jp	ハイヤー 求人う
google_zh-CN_jp	日本 包车 j
google_ja_jp	ハイヤー 乗務員あ
bing_zh-CN	日本 司机 兼职 f
bing_ja-JP	タクシー 英語 求人 k
google_ja_jp	ハイヤー 求人え
google_zh-CN_jp	日本 包车 k
bing_zh-CN	日本 司机 兼职 g
google_ja_jp	ハイヤー 乗務員い
bing_ja-JP	タクシー 英語 求人 l
google_zh-CN_jp	日本 包车 l
google_ja_jp	ハイヤー 求人お
bing_zh-CN	日本 司机 兼职 h
google_ja_jp	ハイヤー 乗務員う
bing_ja-JP	タクシー 英語 求人 m
google_ja_jp	ハイヤー 求人か
google_zh-CN_jp	日本 包车 m
bing_zh-CN	日本 司机 兼职 i
google_ja_jp	ハイヤー 乗務員え
bing_ja-JP	タクシー 英語 求人 n
google_ja_jp	ハイヤー 求人き
google_zh-CN_jp	日本 包车 n
bing_zh-CN	日本 司机 兼职 j
google_ja_jp	ハイヤー 乗務員お
bing_ja-JP	タクシー 英語 求人 o
google_ja_jp	ハイヤー 求人く
google_zh-CN_jp	日本 包车 o
bing_zh-CN	日本 司机 兼职 k
google_ja_jp	ハイヤー 乗務員か
bing_ja-JP	タクシー 英語 求人 p
google_ja_jp	ハイヤー 求人け
google_zh-CN_jp	日本 包车 p
bing_zh-CN	日本 司机 兼职 l
google_ja_jp	ハイヤー 乗務員き
bing_ja-JP	タクシー 英語 求人 q
google_ja_jp	ハイヤー 求人こ
google_zh-CN_jp	日本 包车 q
google_ja_jp	ハイヤー 乗務員く
bing_zh-CN	日本 司机 兼职 m
bing_ja-JP	タクシー 英語 求人 r
google_ja_jp	ハイヤー 求人さ
google_zh-CN_jp	日本 包车 r
google_ja_jp	ハイヤー 乗務員け
bing_zh-CN	日本 司机 兼职 n
bing_ja-JP	タクシー 英語 求人 s
google_ja_jp	ハイヤー 求人し
google_zh-CN_jp	日本 包车 s
google_ja_jp	ハイヤー 乗務員こ
bing_zh-CN	日本 司机 兼职 o
bing_ja-JP	タクシー 英語 求人 t
google_ja_jp	ハイヤー 求人す
google_zh-CN_jp	日本 包车 t
google_ja_jp	ハイヤー 乗務員さ
bing_zh-CN	日本 司机 兼职 p
bing_ja-JP	タクシー 英語 求人 u
google_ja_jp	ハイヤー 求人せ
google_zh-CN_jp	日本 包车 u
bing_ja-JP	タクシー 英語 求人 v
bing_zh-CN	日本 司机 兼职 q
google_ja_jp	ハイヤー 乗務員し
google_ja_jp	ハイヤー 求人そ
google_zh-CN_jp	日本 包车 v
google_ja_jp	ハイヤー 乗務員す
bing_zh-CN	日本 司机 兼职 r
bing_ja-JP	タクシー 英語 求人 w
google_zh-CN_jp	日本 包车 w
google_ja_jp	ハイヤー 求人た
bing_zh-CN	日本 司机 兼职 s
google_ja_jp	ハイヤー 乗務員せ
bing_ja-JP	タクシー 英語 求人 x
google_zh-CN_jp	日本 包车 x
google_ja_jp	ハイヤー 求人ち
bing_zh-CN	日本 司机 兼职 t
google_ja_jp	ハイヤー 乗務員そ
bing_ja-JP	タクシー 英語 求人 y
google_zh-CN_jp	日本 包车 y
google_ja_jp	ハイヤー 求人つ
bing_zh-CN	日本 司机 兼职 u
bing_ja-JP	タクシー 英語 求人 z
google_ja_jp	ハイヤー 乗務員た
google_zh-CN_jp	日本 包车 z
google_ja_jp	ハイヤー 求人て
bing_zh-CN	日本 司机 兼职 v
bing_ja-JP	タクシー 英語 求人 募集
google_ja_jp	ハイヤー 乗務員ち
google_zh-CN_jp	日本 包车 招聘
google_ja_jp	ハイヤー 求人と
bing_zh-CN	日本 司机 兼职 w
google_ja_jp	ハイヤー 乗務員つ
bing_ja-JP	タクシー 英語 求人 求人
google_zh-CN_jp	日本 包车 价格
google_ja_jp	ハイヤー 求人な
bing_zh-CN	日本 司机 兼职 x
google_ja_jp	ハイヤー 乗務員て
bing_ja-JP	タクシー 英語 求人 料金
google_zh-CN_jp	日本 包车 介绍
google_ja_jp	ハイヤー 求人に
bing_zh-CN	日本 司机 兼职 y
bing_ja-JP	タクシー 英語 求人 紹介
google_ja_jp	ハイヤー 乗務員と
google_zh-CN_jp	日本 包车 东京
google_ja_jp	ハイヤー 求人ぬ
bing_zh-CN	日本 司机 兼职 z
bing_ja-JP	タクシー 英語 求人 東京
google_ja_jp	ハイヤー 乗務員な
google_zh-CN_jp	日本 包车 英语
google_ja_jp	ハイヤー 求人ね
bing_zh-CN	日本 司机 兼职 招聘
bing_ja-JP	タクシー 英語 求人 英語
google_ja_jp	ハイヤー 乗務員に
google_zh-CN_jp	日本 包车 兼职
google_ja_jp	ハイヤー 求人の
bing_zh-CN	日本 司机 兼职 价格
google_ja_jp	ハイヤー 乗務員ぬ
bing_ja-JP	タクシー 英語 求人 中国語
google_zh-CN_jp	日本 包车 公司
google_ja_jp	ハイヤー 求人は
bing_zh-CN	日本 司机 兼职 介绍
google_ja_jp	ハイヤー 乗務員ね
google_zh-CN_jp	日本 司机
google_ja_jp	ハイヤー 求人ひ
bing_zh-CN	日本 司机 兼职 东京
google_ja_jp	ハイヤー 乗務員の
google_zh-CN_jp	日本 司机 a
google_ja_jp	ハイヤー 求人ふ
bing_zh-CN	日本 司机 兼职 英语
google_ja_jp	ハイヤー 乗務員は
google_zh-CN_jp	日本 司机 b
google_ja_jp	ハイヤー 求人へ
bing_zh-CN	日本 司机 兼职 兼职
google_ja_jp	ハイヤー 乗務員ひ
google_zh-CN_jp	日本 司机 c
google_ja_jp	ハイヤー 求人ほ
bing_zh-CN	日本 司机 兼职 公司
google_ja_jp	ハイヤー 乗務員ふ
google_zh-CN_jp	日本 司机 d
google_ja_jp	ハイヤー 求人ま
google_ja_jp	ハイヤー 乗務員へ
bing_zh-CN	东京 旅游 用车 司机 招聘
google_zh-CN_jp	日本 司机 e
google_ja_jp	ハイヤー 求人み
google_ja_jp	ハイヤー 乗務員ほ
bing_zh-CN	东京 旅游 用车 司机 招聘 a
google_zh-CN_jp	日本 司机 f
google_ja_jp	ハイヤー 求人む
google_ja_jp	ハイヤー 乗務員ま
bing_zh-CN	东京 旅游 用车 司机 招聘 b
google_zh-CN_jp	日本 司机 g
google_ja_jp	ハイヤー 求人め
google_ja_jp	ハイヤー 乗務員み
bing_zh-CN	东京 旅游 用车 司机 招聘 c
google_zh-CN_jp	日本 司机 h
google_ja_jp	ハイヤー 求人も
google_ja_jp	ハイヤー 乗務員む
google_zh-CN_jp	日本 司机 i
bing_zh-CN	东京 旅游 用车 司机 招聘 d
google_ja_jp	ハイヤー 求人や
google_ja_jp	ハイヤー 乗務員め
bing_zh-CN	东京 旅游 用车 司机 招聘 e
google_zh-CN_jp	日本 司机 j
google_ja_jp	ハイヤー 求人ゆ
google_ja_jp	ハイヤー 乗務員も
bing_zh-CN	东京 旅游 用车 司机 招聘 f
google_zh-CN_jp	日本 司机 k
google_ja_jp	ハイヤー 求人よ
google_ja_jp	ハイヤー 乗務員や
bing_zh-CN	东京 旅游 用车 司机 招聘 g
google_zh-CN_jp	日本 司机 l
google_ja_jp	ハイヤー 求人ら
google_ja_jp	ハイヤー 乗務員ゆ
bing_zh-CN	东京 旅游 用车 司机 招聘 h
google_ja_jp	ハイヤー 求人り
google_zh-CN_jp	日本 司机 m
google_ja_jp	ハイヤー 乗務員よ
bing_zh-CN	东京 旅游 用车 司机 招聘 i
google_ja_jp	ハイヤー 求人る
google_zh-CN_jp	日本 司机 n
google_ja_jp	ハイヤー 乗務員ら
bing_zh-CN	东京 旅游 用车 司机 招聘 j
google_ja_jp	ハイヤー 求人れ
google_zh-CN_jp	日本 司机 o
google_ja_jp	ハイヤー 乗務員り
bing_zh-CN	东京 旅游 用车 司机 招聘 k
google_ja_jp	ハイヤー 求人ろ
google_zh-CN_jp	日本 司机 p
google_ja_jp	ハイヤー 乗務員る
bing_zh-CN	东京 旅游 用车 司机 招聘 l
google_ja_jp	ハイヤー 求人わ
google_zh-CN_jp	日本 司机 q
google_ja_jp	ハイヤー 乗務員れ
google_ja_jp	ハイヤー 求人を
bing_zh-CN	东京 旅游 用车 司机 招聘 m
google_zh-CN_jp	日本 司机 r
google_ja_jp	ハイヤー 乗務員ろ
google_ja_jp	ハイヤー 求人ん
bing_zh-CN	东京 旅游 用车 司机 招聘 n
google_zh-CN_jp	日本 司机 s
google_ja_jp	ハイヤー 乗務員わ
google_ja_jp	ハイヤー 求人 a
bing_zh-CN	东京 旅游 用车 司机 招聘 o
google_zh-CN_jp	日本 司机 t
google_ja_jp	ハイヤー 乗務員を
google_ja_jp	ハイヤー 求人 b
bing_zh-CN	东京 旅游 用车 司机 招聘 p
google_zh-CN_jp	日本 司机 u
google_ja_jp	ハイヤー 乗務員ん
bing_zh-CN	东京 旅游 用车 司机 招聘 q
google_ja_jp	ハイヤー 求人 c
google_zh-CN_jp	日本 司机 v
google_ja_jp	ハイヤー 乗務員 a
bing_zh-CN	东京 旅游 用车 司机 招聘 r
google_ja_jp	ハイヤー 求人 d
google_zh-CN_jp	日本 司机 w
google_ja_jp	ハイヤー 乗務員 b
google_ja_jp	ハイヤー 求人 e
bing_zh-CN	东京 旅游 用车 司机 招聘 s
google_zh-CN_jp	日本 司机 x
google_ja_jp	ハイヤー 乗務員 c
google_ja_jp	ハイヤー 求人 f
bing_zh-CN	东京 旅游 用车 司机 招聘 t
google_ja_jp	ハイヤー 乗務員 d
google_zh-CN_jp	日本 司机 y
google_ja_jp	ハイヤー 求人 g
google_zh-CN_jp	日本 司机 z
google_ja_jp	ハイヤー 乗務員 e
bing_zh-CN	东京 旅游 用车 司机 招聘 u
google_ja_jp	ハイヤー 乗務員 f
bing_zh-CN	东京 旅游 用车 司机 招聘 v
google_ja_jp	ハイヤー 求人 h
google_zh-CN_jp	日本 司机 招聘
google_ja_jp	ハイヤー 乗務員 g
google_ja_jp	ハイヤー 求人 i
bing_zh-CN	东京 旅游 用车 司机 招聘 w
google_zh-CN_jp	日本 司机 价格
google_ja_jp	ハイヤー 乗務員 h
google_ja_jp	ハイヤー 求人 j
bing_zh-CN	东京 旅游 用车 司机 招聘 x
google_zh-CN_jp	日本 司机 介绍
google_ja_jp	ハイヤー 乗務員 i
bing_zh-CN	东京 旅游 用车 司机 招聘 y
google_ja_jp	ハイヤー 求人 k
google_zh-CN_jp	日本 司机 东京
google_ja_jp	ハイヤー 乗務員 j
google_ja_jp	ハイヤー 求人 l
bing_zh-CN	东京 旅游 用车 司机 招聘 z
google_zh-CN_jp	日本 司机 英语
google_ja_jp	ハイヤー 乗務員 k
google_ja_jp	ハイヤー 求人 m
bing_zh-CN	东京 旅游 用车 司机 招聘 招聘
google_zh-CN_jp	日本 司机 公司
google_ja_jp	ハイヤー 乗務員 l
bing_zh-CN	东京 旅游 用车 司机 招聘 价格
google_ja_jp	ハイヤー 求人 n
google_zh-CN_jp	东京 司机
google_ja_jp	ハイヤー 乗務員 m
bing_zh-CN	东京 旅游 用车 司机 招聘 介绍
google_zh-CN_jp	东京 司机 a
google_ja_jp	ハイヤー 求人 o
google_ja_jp	ハイヤー 乗務員 n
bing_zh-CN	东京 旅游 用车 司机 招聘 东京
google_ja_jp	ハイヤー 求人 p
google_zh-CN_jp	东京 司机 b
google_ja_jp	ハイヤー 乗務員 o
bing_zh-CN	东京 旅游 用车 司机 招聘 英语
google_ja_jp	ハイヤー 求人 q
google_zh-CN_jp	东京 司机 c
google_ja_jp	ハイヤー 乗務員 p
bing_zh-CN	东京 旅游 用车 司机 招聘 兼职
google_ja_jp	ハイヤー 求人 r
google_zh-CN_jp	东京 司机 d
bing_zh-CN	东京 旅游 用车 司机 招聘 公司
google_ja_jp	ハイヤー 乗務員 q
google_ja_jp	ハイヤー 求人 s
google_zh-CN_jp	东京 司机 e
bing_zh-CN	日本 包车 公司 招司机
google_ja_jp	ハイヤー 乗務員 r
google_ja_jp	ハイヤー 求人 t
google_zh-CN_jp	东京 司机 f
google_ja_jp	ハイヤー 乗務員 s
bing_zh-CN	日本 包车 公司 招司机 a
google_ja_jp	ハイヤー 求人 u
google_zh-CN_jp	东京 司机 g
google_ja_jp	ハイヤー 乗務員 t
bing_zh-CN	日本 包车 公司 招司机 b
google_ja_jp	ハイヤー 求人 v
google_zh-CN_jp	东京 司机 h
bing_zh-CN	日本 包车 公司 招司机 c
google_ja_jp	ハイヤー 乗務員 u
google_ja_jp	ハイヤー 求人 w
google_zh-CN_jp	东京 司机 i
bing_zh-CN	日本 包车 公司 招司机 d
google_ja_jp	ハイヤー 乗務員 v
google_ja_jp	ハイヤー 求人 x
google_zh-CN_jp	东京 司机 j
google_ja_jp	ハイヤー 乗務員 w
bing_zh-CN	日本 包车 公司 招司机 e
google_ja_jp	ハイヤー 求人 y
google_zh-CN_jp	东京 司机 k
google_ja_jp	ハイヤー 乗務員 x
bing_zh-CN	日本 包车 公司 招司机 f
google_ja_jp	ハイヤー 求人 z
google_zh-CN_jp	东京 司机 l
google_ja_jp	ハイヤー 乗務員 y
bing_zh-CN	日本 包车 公司 招司机 g
google_ja_jp	ハイヤー 求人 募集
google_zh-CN_jp	东京 司机 m
google_ja_jp	ハイヤー 乗務員 z
bing_zh-CN	日本 包车 公司 招司机 h
google_ja_jp	ハイヤー 求人 求人
google_zh-CN_jp	东京 司机 n
google_ja_jp	ハイヤー 乗務員 募集
bing_zh-CN	日本 包车 公司 招司机 i
google_ja_jp	ハイヤー 求人 料金
google_zh-CN_jp	东京 司机 o
google_ja_jp	ハイヤー 乗務員 求人
bing_zh-CN	日本 包车 公司 招司机 j
google_ja_jp	ハイヤー 求人 紹介
google_zh-CN_jp	东京 司机 p
google_ja_jp	ハイヤー 乗務員 料金
bing_zh-CN	日本 包车 公司 招司机 k
google_ja_jp	ハイヤー 求人 東京
google_zh-CN_jp	东京 司机 q
google_ja_jp	ハイヤー 乗務員 紹介
google_ja_jp	ハイヤー 求人 英語
bing_zh-CN	日本 包车 公司 招司机 l
google_zh-CN_jp	东京 司机 r
google_ja_jp	ハイヤー 乗務員 東京
google_zh-CN_jp	东京 司机 s
google_ja_jp	ハイヤー 求人 中国語
bing_zh-CN	日本 包车 公司 招司机 m
google_ja_jp	ハイヤー 乗務員 英語
google_zh-CN_jp	东京 司机 t
google_ja_jp	タクシー 英語 求人
bing_zh-CN	日本 包车 公司 招司机 n
google_ja_jp	ハイヤー 乗務員 中国語
google_zh-CN_jp	东京 司机 u
google_ja_jp	タクシー 英語 求人あ
bing_zh-CN	日本 包车 公司 招司机 o
google_ja_jp	タクシー 英語 求人い
google_zh-CN_jp	东京 司机 v
bing_zh-CN	日本 包车 公司 招司机 p
google_ja_jp	タクシー 英語 求人う
bing_zh-CN	日本 包车 公司 招司机 q
google_zh-CN_jp	东京 司机 w
google_ja_jp	タクシー 英語 求人え
bing_zh-CN	日本 包车 公司 招司机 r
google_zh-CN_jp	东京 司机 x
google_ja_jp	タクシー 英語 求人お
google_zh-CN_jp	东京 司机 y
bing_zh-CN	日本 包车 公司 招司机 s
google_ja_jp	タクシー 英語 求人か
google_zh-CN_jp	东京 司机 z
bing_zh-CN	日本 包车 公司 招司机 t
google_ja_jp	タクシー 英語 求人き
bing_zh-CN	日本 包车 公司 招司机 u
google_zh-CN_jp	东京 司机 招聘
google_ja_jp	タクシー 英語 求人く
google_zh-CN_jp	东京 司机 价格
bing_zh-CN	日本 包车 公司 招司机 v
google_ja_jp	タクシー 英語 求人け
google_zh-CN_jp	东京 司机 介绍
bing_zh-CN	日本 包车 公司 招司机 w
google_ja_jp	タクシー 英語 求人こ
google_zh-CN_jp	东京 司机 东京
bing_zh-CN	日本 包车 公司 招司机 x
google_ja_jp	タクシー 英語 求人さ
google_zh-CN_jp	东京 司机 英语
bing_zh-CN	日本 包车 公司 招司机 y
google_ja_jp	タクシー 英語 求人し
bing_zh-CN	日本 包车 公司 招司机 z
google_zh-CN_jp	东京 司机 兼职
google_ja_jp	タクシー 英語 求人す
bing_zh-CN	日本 包车 公司 招司机 招聘
google_zh-CN_jp	东京 司机 公司
google_ja_jp	タクシー 英語 求人せ
bing_zh-CN	日本 包车 公司 招司机 价格
google_zh-CN_jp	日本 司机 招聘 a
google_ja_jp	タクシー 英語 求人そ
bing_zh-CN	日本 包车 公司 招司机 介绍
google_zh-CN_jp	日本 司机 招聘 b
google_ja_jp	タクシー 英語 求人た
bing_zh-CN	日本 包车 公司 招司机 东京
google_zh-CN_jp	日本 司机 招聘 c
bing_zh-CN	日本 包车 公司 招司机 英语
google_ja_jp	タクシー 英語 求人ち
google_zh-CN_jp	日本 司机 招聘 d
bing_zh-CN	日本 包车 公司 招司机 兼职
google_ja_jp	タクシー 英語 求人つ
bing_zh-CN	日本 包车 公司 招司机 公司
google_zh-CN_jp	日本 司机 招聘 e
google_ja_jp	タクシー 英語 求人て
bing_zh-CN	日本 包车
google_zh-CN_jp	日本 司机 招聘 f
google_ja_jp	タクシー 英語 求人と
google_zh-CN_jp	日本 司机 招聘 g
bing_zh-CN	日本 包车 a
google_ja_jp	タクシー 英語 求人な
bing_zh-CN	日本 包车 b
google_ja_jp	タクシー 英語 求人に
google_zh-CN_jp	日本 司机 招聘 h
google_zh-CN_jp	日本 司机 招聘 i
bing_zh-CN	日本 包车 c
google_ja_jp	タクシー 英語 求人ぬ
bing_zh-CN	日本 包车 d
google_zh-CN_jp	日本 司机 招聘 j
google_ja_jp	タクシー 英語 求人ね
google_zh-CN_jp	日本 司机 招聘 k
bing_zh-CN	日本 包车 e
google_ja_jp	タクシー 英語 求人の
google_zh-CN_jp	日本 司机 招聘 l
bing_zh-CN	日本 包车 f
google_ja_jp	タクシー 英語 求人は
bing_zh-CN	日本 包车 g
google_zh-CN_jp	日本 司机 招聘 m
google_ja_jp	タクシー 英語 求人ひ
bing_zh-CN	日本 包车 h
google_zh-CN_jp	日本 司机 招聘 n
google_ja_jp	タクシー 英語 求人ふ
bing_zh-CN	日本 包车 i
google_ja_jp	タクシー 英語 求人へ
google_zh-CN_jp	日本 司机 招聘 o
bing_zh-CN	日本 包车 j
google_zh-CN_jp	日本 司机 招聘 p
google_ja_jp	タクシー 英語 求人ほ
bing_zh-CN	日本 包车 k
google_ja_jp	タクシー 英語 求人ま
google_zh-CN_jp	日本 司机 招聘 q
bing_zh-CN	日本 包车 l
google_ja_jp	タクシー 英語 求人み
google_zh-CN_jp	日本 司机 招聘 r
bing_zh-CN	日本 包车 m
google_ja_jp	タクシー 英語 求人む
google_zh-CN_jp	日本 司机 招聘 s
bing_zh-CN	日本 包车 n
google_ja_jp	タクシー 英語 求人め
google_zh-CN_jp	日本 司机 招聘 t
bing_zh-CN	日本 包车 o
google_zh-CN_jp	日本 司机 招聘 u
google_ja_jp	タクシー 英語 求人も
bing_zh-CN	日本 包车 p
google_ja_jp	タクシー 英語 求人や
google_zh-CN_jp	日本 司机 招聘 v
bing_zh-CN	日本 包车 q
google_ja_jp	タクシー 英語 求人ゆ
google_zh-CN_jp	日本 司机 招聘 w
bing_zh-CN	日本 包车 r
google_ja_jp	タクシー 英語 求人よ
google_zh-CN_jp	日本 司机 招聘 x
bing_zh-CN	日本 包车 s
google_ja_jp	タクシー 英語 求人ら
google_zh-CN_jp	日本 司机 招聘 y
bing_zh-CN	日本 包车 t
google_ja_jp	タクシー 英語 求人り
google_zh-CN_jp	日本 司机 招聘 z
bing_zh-CN	日本 包车 u
google_ja_jp	タクシー 英語 求人る
google_zh-CN_jp	日本 司机 招聘 招聘
google_ja_jp	タクシー 英語 求人れ
bing_zh-CN	日本 包车 v
google_zh-CN_jp	日本 司机 招聘 价格
google_ja_jp	タクシー 英語 求人ろ
bing_zh-CN	日本 包车 w
google_zh-CN_jp	日本 司机 招聘 介绍
google_ja_jp	タクシー 英語 求人わ
bing_zh-CN	日本 包车 x
google_zh-CN_jp	日本 司机 招聘 东京
google_ja_jp	タクシー 英語 求人を
bing_zh-CN	日本 包车 y
google_zh-CN_jp	日本 司机 招聘 英语
google_ja_jp	タクシー 英語 求人ん
bing_zh-CN	日本 包车 z
google_zh-CN_jp	日本 司机 招聘 兼职
bing_zh-CN	日本 包车 招聘
google_ja_jp	タクシー 英語 求人 a
google_zh-CN_jp	日本 司机 招聘 公司
bing_zh-CN	日本 包车 价格
google_ja_jp	タクシー 英語 求人 b
google_zh-CN_jp	日本 包车 司机
bing_zh-CN	日本 包车 介绍
google_ja_jp	タクシー 英語 求人 c
google_zh-CN_jp	日本 包车 司机 a
bing_zh-CN	日本 包车 东京
google_ja_jp	タクシー 英語 求人 d
google_zh-CN_jp	日本 包车 司机 b
bing_zh-CN	日本 包车 英语
google_ja_jp	タクシー 英語 求人 e
google_zh-CN_jp	日本 包车 司机 c
bing_zh-CN	日本 包车 兼职
google_ja_jp	タクシー 英語 求人 f
bing_zh-CN	日本 包车 公司
google_zh-CN_jp	日本 包车 司机 d
google_ja_jp	タクシー 英語 求人 g
google_zh-CN_jp	日本 包车 司机 e
bing_zh-CN	日本 司机
google_ja_jp	タクシー 英語 求人 h
google_zh-CN_jp	日本 包车 司机 f
bing_zh-CN	日本 司机 a
google_ja_jp	タクシー 英語 求人 i
google_zh-CN_jp	日本 包车 司机 g
bing_zh-CN	日本 司机 b
google_ja_jp	タクシー 英語 求人 j
bing_zh-CN	日本 司机 c
google_zh-CN_jp	日本 包车 司机 h
google_ja_jp	タクシー 英語 求人 k
google_zh-CN_jp	日本 包车 司机 i
bing_zh-CN	日本 司机 d
google_ja_jp	タクシー 英語 求人 l
google_zh-CN_jp	日本 包车 司机 j
bing_zh-CN	日本 司机 e
google_ja_jp	タクシー 英語 求人 m
bing_zh-CN	日本 司机 f
google_zh-CN_jp	日本 包车 司机 k
google_ja_jp	タクシー 英語 求人 n
google_ja_jp	タクシー 英語 求人 o
bing_zh-CN	日本 司机 g
google_zh-CN_jp	日本 包车 司机 l
google_ja_jp	タクシー 英語 求人 p
google_zh-CN_jp	日本 包车 司机 m
bing_zh-CN	日本 司机 h
google_ja_jp	タクシー 英語 求人 q
google_zh-CN_jp	日本 包车 司机 n
bing_zh-CN	日本 司机 i
google_ja_jp	タクシー 英語 求人 r
google_zh-CN_jp	日本 包车 司机 o
bing_zh-CN	日本 司机 j
google_ja_jp	タクシー 英語 求人 s
google_zh-CN_jp	日本 包车 司机 p
bing_zh-CN	日本 司机 k
google_ja_jp	タクシー 英語 求人 t
bing_zh-CN	日本 司机 l
google_zh-CN_jp	日本 包车 司机 q
google_zh-CN_jp	日本 包车 司机 r
google_ja_jp	タクシー 英語 求人 u
bing_zh-CN	日本 司机 m
bing_zh-CN	日本 司机 n
google_zh-CN_jp	日本 包车 司机 s
google_ja_jp	タクシー 英語 求人 v
bing_zh-CN	日本 司机 o
google_zh-CN_jp	日本 包车 司机 t
google_ja_jp	タクシー 英語 求人 w
bing_zh-CN	日本 司机 p
google_zh-CN_jp	日本 包车 司机 u
google_ja_jp	タクシー 英語 求人 x
google_zh-CN_jp	日本 包车 司机 v
bing_zh-CN	日本 司机 q
google_ja_jp	タクシー 英語 求人 y
google_zh-CN_jp	日本 包车 司机 w
bing_zh-CN	日本 司机 r
google_ja_jp	タクシー 英語 求人 z
google_zh-CN_jp	日本 包车 司机 x
bing_zh-CN	日本 司机 s
google_ja_jp	タクシー 英語 求人 募集
google_zh-CN_jp	日本 包车 司机 y
bing_zh-CN	日本 司机 t
google_ja_jp	タクシー 英語 求人 求人
google_zh-CN_jp	日本 包车 司机 z
bing_zh-CN	日本 司机 u
google_ja_jp	タクシー 英語 求人 料金
google_zh-CN_jp	日本 包车 司机 招聘
bing_zh-CN	日本 司机 v
google_zh-CN_jp	日本 包车 司机 价格
google_ja_jp	タクシー 英語 求人 紹介
bing_zh-CN	日本 司机 w
google_zh-CN_jp	日本 包车 司机 介绍
google_ja_jp	タクシー 英語 求人 東京
bing_zh-CN	日本 司机 x
google_zh-CN_jp	日本 包车 司机 东京
google_ja_jp	タクシー 英語 求人 英語
bing_zh-CN	日本 司机 y
google_zh-CN_jp	日本 包车 司机 兼职
google_ja_jp	タクシー 英語 求人 中国語
bing_zh-CN	日本 司机 z
google_zh-CN_jp	日本 包车 司机 公司
bing_zh-CN	日本 司机 招聘
google_zh-CN_jp	日本 二种驾照
bing_zh-CN	日本 司机 价格
google_zh-CN_jp	日本 二种驾照 a
bing_zh-CN	日本 司机 介绍
google_zh-CN_jp	日本 二种驾照 b
bing_zh-CN	日本 司机 东京
bing_zh-CN	日本 司机 英语
google_zh-CN_jp	日本 二种驾照 c
bing_zh-CN	日本 司机 公司
google_zh-CN_jp	日本 二种驾照 d
bing_zh-CN	东京 司机
google_zh-CN_jp	日本 二种驾照 e
bing_zh-CN	东京 司机 a
google_zh-CN_jp	日本 二种驾照 f
bing_zh-CN	东京 司机 b
bing_zh-CN	东京 司机 c
google_zh-CN_jp	日本 二种驾照 g
bing_zh-CN	东京 司机 d
google_zh-CN_jp	日本 二种驾照 h
bing_zh-CN	东京 司机 e
google_zh-CN_jp	日本 二种驾照 i
bing_zh-CN	东京 司机 f
google_zh-CN_jp	日本 二种驾照 j
bing_zh-CN	东京 司机 g
google_zh-CN_jp	日本 二种驾照 k
bing_zh-CN	东京 司机 h
google_zh-CN_jp	日本 二种驾照 l
bing_zh-CN	东京 司机 i
google_zh-CN_jp	日本 二种驾照 m
bing_zh-CN	东京 司机 j
google_zh-CN_jp	日本 二种驾照 n
bing_zh-CN	东京 司机 k
google_zh-CN_jp	日本 二种驾照 o
bing_zh-CN	东京 司机 l
google_zh-CN_jp	日本 二种驾照 p
bing_zh-CN	东京 司机 m
google_zh-CN_jp	日本 二种驾照 q
bing_zh-CN	东京 司机 n
google_zh-CN_jp	日本 二种驾照 r
bing_zh-CN	东京 司机 o
google_zh-CN_jp	日本 二种驾照 s
bing_zh-CN	东京 司机 p
google_zh-CN_jp	日本 二种驾照 t
bing_zh-CN	东京 司机 q
google_zh-CN_jp	日本 二种驾照 u
bing_zh-CN	东京 司机 r
google_zh-CN_jp	日本 二种驾照 v
bing_zh-CN	东京 司机 s
google_zh-CN_jp	日本 二种驾照 w
google_zh-CN_jp	日本 二种驾照 x
bing_zh-CN	东京 司机 t
google_zh-CN_jp	日本 二种驾照 y
bing_zh-CN	东京 司机 u
google_zh-CN_jp	日本 二种驾照 z
bing_zh-CN	东京 司机 v
google_zh-CN_jp	日本 二种驾照 招聘
bing_zh-CN	东京 司机 w
google_zh-CN_jp	日本 二种驾照 价格
bing_zh-CN	东京 司机 x
google_zh-CN_jp	日本 二种驾照 介绍
bing_zh-CN	东京 司机 y
google_zh-CN_jp	日本 二种驾照 东京
bing_zh-CN	东京 司机 z
google_zh-CN_jp	日本 二种驾照 英语
bing_zh-CN	东京 司机 招聘
google_zh-CN_jp	日本 二种驾照 兼职
bing_zh-CN	东京 司机 价格
google_zh-CN_jp	日本 二种驾照 公司
bing_zh-CN	东京 司机 介绍
google_zh-CN_jp	东京 包车
bing_zh-CN	东京 司机 东京
google_zh-CN_jp	东京 包车 a
bing_zh-CN	东京 司机 英语
google_zh-CN_jp	东京 包车 b
bing_zh-CN	东京 司机 兼职
google_zh-CN_jp	东京 包车 c
bing_zh-CN	东京 司机 公司
google_zh-CN_jp	东京 包车 d
bing_zh-CN	日本 司机 招聘 a
google_zh-CN_jp	东京 包车 e
bing_zh-CN	日本 司机 招聘 b
google_zh-CN_jp	东京 包车 f
bing_zh-CN	日本 司机 招聘 c
google_zh-CN_jp	东京 包车 g
bing_zh-CN	日本 司机 招聘 d
google_zh-CN_jp	东京 包车 h
bing_zh-CN	日本 司机 招聘 e
google_zh-CN_jp	东京 包车 i
bing_zh-CN	日本 司机 招聘 f
google_zh-CN_jp	东京 包车 j
bing_zh-CN	日本 司机 招聘 g
google_zh-CN_jp	东京 包车 k
bing_zh-CN	日本 司机 招聘 h
google_zh-CN_jp	东京 包车 l
bing_zh-CN	日本 司机 招聘 i
google_zh-CN_jp	东京 包车 m
bing_zh-CN	日本 司机 招聘 j
google_zh-CN_jp	东京 包车 n
bing_zh-CN	日本 司机 招聘 k
google_zh-CN_jp	东京 包车 o
bing_zh-CN	日本 司机 招聘 l
google_zh-CN_jp	东京 包车 p
bing_zh-CN	日本 司机 招聘 m
google_zh-CN_jp	东京 包车 q
bing_zh-CN	日本 司机 招聘 n
google_zh-CN_jp	东京 包车 r
bing_zh-CN	日本 司机 招聘 o
google_zh-CN_jp	东京 包车 s
bing_zh-CN	日本 司机 招聘 p
google_zh-CN_jp	东京 包车 t
bing_zh-CN	日本 司机 招聘 q
google_zh-CN_jp	东京 包车 u
bing_zh-CN	日本 司机 招聘 r
google_zh-CN_jp	东京 包车 v
bing_zh-CN	日本 司机 招聘 s
google_zh-CN_jp	东京 包车 w
bing_zh-CN	日本 司机 招聘 t
google_zh-CN_jp	东京 包车 x
bing_zh-CN	日本 司机 招聘 u
google_zh-CN_jp	东京 包车 y
bing_zh-CN	日本 司机 招聘 v
google_zh-CN_jp	东京 包车 z
bing_zh-CN	日本 司机 招聘 w
google_zh-CN_jp	东京 包车 招聘
bing_zh-CN	日本 司机 招聘 x
google_zh-CN_jp	东京 包车 价格
bing_zh-CN	日本 司机 招聘 y
google_zh-CN_jp	东京 包车 介绍
bing_zh-CN	日本 司机 招聘 z
google_zh-CN_jp	东京 包车 东京
bing_zh-CN	日本 司机 招聘 招聘
google_zh-CN_jp	东京 包车 英语
bing_zh-CN	日本 司机 招聘 价格
google_zh-CN_jp	东京 包车 兼职
bing_zh-CN	日本 司机 招聘 介绍
bing_zh-CN	日本 司机 招聘 东京
google_zh-CN_jp	东京 包车 公司
bing_zh-CN	日本 司机 招聘 英语
google_zh-CN_jp	日本 专车
bing_zh-CN	日本 司机 招聘 兼职
google_zh-CN_jp	日本 专车 a
bing_zh-CN	日本 司机 招聘 公司
google_zh-CN_jp	日本 专车 b
bing_zh-CN	日本 包车 司机
google_zh-CN_jp	日本 专车 c
bing_zh-CN	日本 包车 司机 a
google_zh-CN_jp	日本 专车 d
bing_zh-CN	日本 包车 司机 b
google_zh-CN_jp	日本 专车 e
bing_zh-CN	日本 包车 司机 c
google_zh-CN_jp	日本 专车 f
bing_zh-CN	日本 包车 司机 d
google_zh-CN_jp	日本 专车 g
google_zh-CN_jp	日本 专车 h
bing_zh-CN	日本 包车 司机 e
google_zh-CN_jp	日本 专车 i
bing_zh-CN	日本 包车 司机 f
google_zh-CN_jp	日本 专车 j
bing_zh-CN	日本 包车 司机 g
google_zh-CN_jp	日本 专车 k
bing_zh-CN	日本 包车 司机 h
google_zh-CN_jp	日本 专车 l
bing_zh-CN	日本 包车 司机 i
google_zh-CN_jp	日本 专车 m
bing_zh-CN	日本 包车 司机 j
google_zh-CN_jp	日本 专车 n
bing_zh-CN	日本 包车 司机 k
google_zh-CN_jp	日本 专车 o
bing_zh-CN	日本 包车 司机 l
bing_zh-CN	日本 包车 司机 m
google_zh-CN_jp	日本 专车 p
bing_zh-CN	日本 包车 司机 n
google_zh-CN_jp	日本 专车 q
google_zh-CN_jp	日本 专车 r
bing_zh-CN	日本 包车 司机 o
bing_zh-CN	日本 包车 司机 p
google_zh-CN_jp	日本 专车 s
bing_zh-CN	日本 包车 司机 q
google_zh-CN_jp	日本 专车 t
bing_zh-CN	日本 包车 司机 r
google_zh-CN_jp	日本 专车 u
bing_zh-CN	日本 包车 司机 s
google_zh-CN_jp	日本 专车 v
bing_zh-CN	日本 包车 司机 t
google_zh-CN_jp	日本 专车 w
bing_zh-CN	日本 包车 司机 u
google_zh-CN_jp	日本 专车 x
bing_zh-CN	日本 包车 司机 v
google_zh-CN_jp	日本 专车 y
bing_zh-CN	日本 包车 司机 w
google_zh-CN_jp	日本 专车 z
bing_zh-CN	日本 包车 司机 x
google_zh-CN_jp	日本 专车 招聘
bing_zh-CN	日本 包车 司机 y
google_zh-CN_jp	日本 专车 价格
bing_zh-CN	日本 包车 司机 z
google_zh-CN_jp	日本 专车 介绍
bing_zh-CN	日本 包车 司机 招聘
google_zh-CN_jp	日本 专车 东京
bing_zh-CN	日本 包车 司机 价格
google_zh-CN_jp	日本 专车 英语
bing_zh-CN	日本 包车 司机 介绍
google_zh-CN_jp	日本 专车 兼职
bing_zh-CN	日本 包车 司机 东京
google_zh-CN_jp	日本 专车 公司
bing_zh-CN	日本 包车 司机 兼职
bing_zh-CN	日本 包车 司机 公司
bing_zh-CN	日本 二种驾照
bing_zh-CN	日本 二种驾照 a
bing_zh-CN	日本 二种驾照 b
bing_zh-CN	日本 二种驾照 c
bing_zh-CN	日本 二种驾照 d
bing_zh-CN	日本 二种驾照 e
bing_zh-CN	日本 二种驾照 f
bing_zh-CN	日本 二种驾照 g
bing_zh-CN	日本 二种驾照 h
bing_zh-CN	日本 二种驾照 i
bing_zh-CN	日本 二种驾照 j
bing_zh-CN	日本 二种驾照 k
bing_zh-CN	日本 二种驾照 l
bing_zh-CN	日本 二种驾照 m
bing_zh-CN	日本 二种驾照 n
bing_zh-CN	日本 二种驾照 o
bing_zh-CN	日本 二种驾照 p
bing_zh-CN	日本 二种驾照 q
bing_zh-CN	日本 二种驾照 r
bing_zh-CN	日本 二种驾照 s
bing_zh-CN	日本 二种驾照 t
bing_zh-CN	日本 二种驾照 u
bing_zh-CN	日本 二种驾照 v
bing_zh-CN	日本 二种驾照 w
bing_zh-CN	日本 二种驾照 x
bing_zh-CN	日本 二种驾照 y
bing_zh-CN	日本 二种驾照 z
bing_zh-CN	日本 二种驾照 招聘
bing_zh-CN	日本 二种驾照 价格
bing_zh-CN	日本 二种驾照 介绍
bing_zh-CN	日本 二种驾照 东京
bing_zh-CN	日本 二种驾照 英语
bing_zh-CN	日本 二种驾照 兼职
bing_zh-CN	日本 二种驾照 公司
bing_zh-CN	东京 包车
bing_zh-CN	东京 包车 a
bing_zh-CN	东京 包车 b
bing_zh-CN	东京 包车 c
bing_zh-CN	东京 包车 d
bing_zh-CN	东京 包车 e
bing_zh-CN	东京 包车 f
bing_zh-CN	东京 包车 g
bing_zh-CN	东京 包车 h
bing_zh-CN	东京 包车 i
bing_zh-CN	东京 包车 j
bing_zh-CN	东京 包车 k
bing_zh-CN	东京 包车 l
bing_zh-CN	东京 包车 m
bing_zh-CN	东京 包车 n
bing_zh-CN	东京 包车 o
bing_zh-CN	东京 包车 p
bing_zh-CN	东京 包车 q
bing_zh-CN	东京 包车 r
bing_zh-CN	东京 包车 s
bing_zh-CN	东京 包车 t
bing_zh-CN	东京 包车 u
bing_zh-CN	东京 包车 v
bing_zh-CN	东京 包车 w
bing_zh-CN	东京 包车 x
bing_zh-CN	东京 包车 y
bing_zh-CN	东京 包车 z
bing_zh-CN	东京 包车 招聘
bing_zh-CN	东京 包车 价格
bing_zh-CN	东京 包车 介绍
bing_zh-CN	东京 包车 东京
bing_zh-CN	东京 包车 英语
bing_zh-CN	东京 包车 兼职
bing_zh-CN	东京 包车 公司
bing_zh-CN	日本 专车
bing_zh-CN	日本 专车 a
bing_zh-CN	日本 专车 b
bing_zh-CN	日本 专车 c
bing_zh-CN	日本 专车 d
bing_zh-CN	日本 专车 e
bing_zh-CN	日本 专车 f
bing_zh-CN	日本 专车 g
bing_zh-CN	日本 专车 h
bing_zh-CN	日本 专车 i
bing_zh-CN	日本 专车 j
bing_zh-CN	日本 专车 k
bing_zh-CN	日本 专车 l
bing_zh-CN	日本 专车 m
bing_zh-CN	日本 专车 n
bing_zh-CN	日本 专车 o
bing_zh-CN	日本 专车 p
bing_zh-CN	日本 专车 q
bing_zh-CN	日本 专车 r
bing_zh-CN	日本 专车 s
bing_zh-CN	日本 专车 t
bing_zh-CN	日本 专车 u
bing_zh-CN	日本 专车 v
bing_zh-CN	日本 专车 w
bing_zh-CN	日本 专车 x
bing_zh-CN	日本 专车 y
bing_zh-CN	日本 专车 z
bing_zh-CN	日本 专车 招聘
bing_zh-CN	日本 专车 价格
bing_zh-CN	日本 专车 介绍
bing_zh-CN	日本 专车 东京
bing_zh-CN	日本 专车 英语
bing_zh-CN	日本 专车 兼职
bing_zh-CN	日本 专车 公司
